kind,product_id,from_cat,to_cat,rule_or_families,visible,name
MOVE,5337,711,500,bcaa,V,Multipower Bcaa 2:1:1 Powder Kiraz 400 Gr
MOVE,5339,711,501,glutamine,V,Multipower L-Glutamine 500 Gr
MOVE,5340,711,733,carnitine_liquid,V,Multipower L-Carnitine Liquid 25 Ml 1800 Mg Şeftali 20 Ampül
MOVE,5341,711,505,amino_complex,V,Multipower Whey Amino 3400 300 Tablet
MOVE,5342,711,733,carnitine_liquid,-,Nutrever L-Carnitine 3000 Mg Likit Limon 20 Ampül
MOVE,5343,711,543,protein_bar,-,Nutrever Xtreme Protein Bar Kremalı Kurabiye 50 Gr 1 Adet
MOVE,5344,711,500,bcaa,V,Nutrend Bcaa Powder Portakal 500 Gr
MOVE,5345,711,501,glutamine,V,Nutrend L-Glutamine Powder 300 Gr
MOVE,5346,711,733,carnitine_liquid,-,Nutrend L-Carnitine 3000 Mg Portakallı 1 Ampül
MOVE,5347,711,733,carnitine_liquid,V,Nutrend L-Carnitine 3000 Mg Portakallı 20 Ampül
MOVE,5348,711,522,beta_alanine,V,Olimp Beta Alanine Carno Rush 80 Tablet
MOVE,5349,711,500,bcaa,-,Olimp Bcaa 20:1:1 Xplode Powder Cola 200 Gr
MOVE,5350,711,500,bcaa,V,Olimp BCAA Xplode Ananas 500 Gr
MOVE,5351,711,500,bcaa,V,Olimp BCAA Xplode Powder Cola 500 Gr
MOVE,5352,711,370,creatine,V,Olimp Creatine Monoydrate Powder 250 Gr
MOVE,5355,711,529,omega3,V,Olimp Gold Omega 3 120 Kapsül
MOVE,5358,711,494,isolate,-,Olimp Pure Whey Isolate Protein Çikolata 1800 Gr
MOVE,5361,711,501,glutamine,V,Olimp Rocky Athletes Glutamine 250 Gr
MOVE,5362,711,512,thermogenic,V,Olimp Thermo Speed Xtreme 120 Kapsül
MOVE,5364,711,493,whey,V,Olimp Whey Protein Complex Çilek 700 Gr
MOVE,5365,711,546,rice_cake,-,Seed n Grains Rice Cake 135 Gr
MOVE,5366,711,737,carb_powder,-,Vitargo Electrolye 1000 Gr
MOVE,5367,711,737,carb_powder,-,Vitargo Electrolye 2000 Gr
MOVE,5370,711,500,bcaa,V,Nutrend Bcaa Powder Portakal 500 Gr
MOVE,5371,711,500,bcaa,V,Olimp BCAA Xplode Ananas 500 Gr
MOVE,5372,711,500,bcaa,-,Olimp Bcaa 20:1:1 Xplode Powder Cola 200 Gr
MOVE,5373,711,500,bcaa,V,Nutrever Bcaa Powder Ice Tea 500 Gr
MOVE,5374,711,733,carnitine_liquid,V,Nutrend L-Carnitine 3000 Mg Portakallı 20 Ampül
MOVE,5375,711,733,carnitine_liquid,-,Nutrend L-Carnitine 3000 Mg Portakallı 1 Ampül
MOVE,5376,711,733,carnitine_liquid,V,Multipower L-Carnitine Liquid 25 Ml 1800 Mg Şeftali 20 Ampül
MOVE,5377,711,733,carnitine_liquid,-,Nutrever L-Carnitine 3000 Mg Likit Şeftali 20 Ampül
MOVE,5378,711,733,carnitine_liquid,-,Nutrever L-Carnitine 3000 Mg Likit Limon 1 Ampül
MOVE,5379,711,544,nut_butter,-,Fitnut Fıstık Ezmesi Şekersiz Parçacıklı 360 Gr
MOVE,5385,711,493,whey,V,Olimp Whey Protein Complex Çikolata 1800 Gr
MOVE,5393,711,494,isolate,-,Olimp Pure Whey Isolate Protein Çilek 1800 Gr
MOVE,5403,711,493,whey,V,Multipower Whey Protein Shake Çikolata 900 Gr
MOVE,5404,711,530,joint,V,Olimp Glucosamine Plus 60 Kapsül
MOVE,5409,711,501,glutamine,-,Eric Favre Glutamine Pro Zero 500 Gr
MOVE,5410,711,737,carb_powder,V,Olimp Instant Carbonox Ananas 1000 Gr
MOVE,5411,711,737,carb_powder,V,Olimp Instant Carbonox Ananas 1000 Gr
MOVE,5417,711,544,nut_butter,-,Fitnut Fıstık Ezmesi Şekersiz Çikolatalı 800 Gr
MOVE,5418,711,544,nut_butter,V,Fitnut Fıstık Ezmesi 800 Gr
MOVE,5420,711,546,rice_cake,V,Seed n Grains Kakaolu Pirinç Patlağı Şekersiz 200 Gr
MOVE,5421,711,546,rice_cake,V,Seed n Grains Pirinç Patlağı Şekersiz 200 Gr
MOVE,5422,711,544,nut_butter,V,Fitnut Fıstık Ezmesi Şekersiz Çikolatalı 360 Gr
MOVE,5423,711,544,nut_butter,V,Fitnut Fıstık Ezmesi 360 Gr
MOVE,5424,711,500,bcaa,V,Nutrever Bcaa Powder Ice Tea 500 Gr
MOVE,5425,711,501,glutamine,V,Nutrever L-Glutamine Powder 300 Gr
MOVE,5426,711,493,whey,V,Olimp Whey Protein Complex Çikolata 700 Gr
MOVE,5427,711,493,whey,V,Olimp Whey Protein Complex Çilek 1800 Gr
MOVE,5428,711,493,whey,V,Multipower Whey Protein Shake Kurabiye 900 Gr
MOVE,5430,711,494,isolate,-,Olimp Pure Whey Isolate Protein Çikolata 1800 Gr
MOVE,5443,711,493,whey,-,Olimp Whey Protein Complex Çikolata 700 Gr
MOVE,5445,711,543,protein_bar,-,Multipower Protein Bar %50 Coconut 20 Adet
MOVE,5446,711,543,protein_bar,-,Multipower Protein Bar %50 Coconut 20 Adet
MOVE,5449,711,494,isolate,-,Nutrever Whey Isolate Protein Çikolata 900 Gr
MOVE,5450,711,494,isolate,-,Nutrever Whey Isolate Protein Çikolata 900 Gr
MOVE,5451,711,494,isolate,V,Nutrever Whey Isolate Protein Çikolata 1800 Gr
MOVE,5452,711,494,isolate,V,Nutrever Whey Isolate Protein Çikolata 1800 Gr
MOVE,5453,711,505,amino_complex,-,Nutrever Whey Amino 300 Tablet
MOVE,5454,711,511,cla,V,Muscle Pump Cla 90 Kapsül
MOVE,5459,711,521,tribulus,V,Muscle Pump Tribulus 90 Kapsül
MOVE,5460,711,526,vitamin,V,Muscle Pump Vita-Pack Vitamin Mineral 60 Kapsül
MOVE,5462,711,495,casein,-,Nutrend Micellar Casein Çikolata 900 Gr
MOVE,5463,711,495,casein,-,Nutrend Micellar Casein Çikolata 900 Gr
MOVE,5464,711,543,protein_bar,-,Multipower Protein Bar %50 Coconut 1 Ad.
MOVE,5465,711,543,protein_bar,-,Multipower Protein Bar %50 Coconut 1 Ad.
MOVE,5466,711,733,carnitine_liquid,-,Nutrever L-Carnitine 3000 Mg Likit Limon 1 Ampül
MOVE,5473,711,543,protein_bar,V,Nutrever Xtreme Protein Bar Kremalı Kurabiye 50 gr 24 Adet
MOVE,5474,711,543,protein_bar,V,Nutrever Xtreme Protein Bar Kremalı Kurabiye 50 gr 24 Adet
MOVE,5475,711,543,protein_bar,-,Nutrever Xtreme Protein Bar Kremalı Kurabiye 50 Gr 1 Adet
MOVE,5476,711,511,cla,V,Protein Ocean CLA Limonata 120 Gr
MOVE,5477,711,511,cla,V,Protein Ocean CLA Limonata 120 Gr
MOVE,5478,711,511,cla,V,Protein Ocean CLA Yeşil Elma 120 Gr
MOVE,5480,711,501,glutamine,V,Protein Ocean Glutamine 300 Gr
MOVE,5481,711,523,citrulline,V,Protein Ocean Citrulline Malate 300 Gr
MOVE,5482,711,523,citrulline,V,Protein Ocean L-Citrulline 300 Gr
MOVE,5483,711,503,arginine,-,Protein Ocean Arginine 120 Gr
MOVE,5484,711,501,glutamine,V,Protein Ocean Glutamine 120 Gr
MOVE,5486,711,523,citrulline,V,Protein Ocean L-Citrulline 120 Gr
MOVE,5487,711,503,arginine,-,Protein Ocean Arginine 300 Gr
MOVE,5493,711,370,creatine,V,Protein Ocean Creatine Mono. Aromasız 120 Gr
MOVE,5501,711,546,rice_cake,V,Seed n Grains Karabuğday Patlağı 125 Gr
MOVE,5504,711,493,whey,V,Muscle Pump Wpc Instant Whey Çikolata 1950 Gr
MOVE,5505,711,493,whey,V,Muscle Pump Wpc Instant Whey Çikolata 480 Gr
MOVE,5506,711,493,whey,V,Muscle Pump Wpc Instant Whey Kurabiye 30 Gr
MOVE,5507,711,493,whey,V,Muscle Pump Wpc Instant Whey Çikolata 30 Gr
MOVE,5508,711,493,whey,V,Muscle Pump Wpc Instant Whey Kurabiye 900 Gr
MOVE,5509,711,493,whey,V,Muscle Pump Wpc Instant Whey Çikolata 480 Gr
MOVE,5510,711,493,whey,-,Muscle Pump Wpc Instant Whey Çikolata 900 Gr
MOVE,5511,711,493,whey,V,Muscle Pump Wpc Instant Whey Çikolata 68 Saşe
MOVE,5512,711,493,whey,V,Muscle Pump Wpc Instant Whey Çikolata 68 Saşe
MOVE,5513,711,733,carnitine_liquid,V,Muscle Pump No Fat Thermo L-Carnitine Ananas 100 mL Shot
MOVE,5514,711,733,carnitine_liquid,V,Muscle Pump No Fat Thermo L-Carnitine Ananas 100 mL Shot
MOVE,5515,711,733,carnitine_liquid,V,Muscle Pump No Fat Thermo L-Carnitine Karpuz 100 mL Shot
MOVE,5516,711,733,carnitine_liquid,V,Muscle Pump No Fat Thermo L-Carnitine Ananas 100 mL x 20 Shot
MOVE,5517,711,733,carnitine_liquid,V,Muscle Pump No Fat Thermo L-Carnitine Ananas 100 mL x 20 Shot
MOVE,5518,711,733,carnitine_liquid,V,Muscle Pump No Fat Thermo L-Carnitine Karpuz 100 mL x 20 Shot
MOVE,5519,711,733,carnitine_liquid,V,Muscle Pump No Fat Thermo L-Carnitine Karpuz 1000 mL
MOVE,5520,711,733,carnitine_liquid,V,Muscle Pump No Fat Thermo L-Carnitine Ananas 1000 mL
MOVE,5521,711,733,carnitine_liquid,V,Muscle Pump No Fat Thermo L-Carnitine Karpuz 1000 mL
MOVE,5522,711,503,arginine,V,Muscle Pump Arginine Pump Powder 120 Gr
MOVE,5523,711,503,arginine,V,Muscle Pump Arginine Pump Powder 300 Gr
MOVE,5524,711,503,arginine,V,Muscle Pump Arginine Pump 6 Gr
MOVE,5525,711,503,arginine,V,Muscle Pump Arginine Pump 20 Saşe
MOVE,5526,711,500,bcaa,V,Muscle Pump Join Bcaa +Glutamine Frenk Üzümü 480 Gr
MOVE,5527,711,500,bcaa,V,Muscle Pump Join Bcaa +Glutamine Frenk Üzümü 480 Gr
MOVE,5528,711,500,bcaa,V,Muscle Pump 2:1:1 True Powder Bcaa Frenk Üzümü 400 Gr
MOVE,5529,711,500,bcaa,V,Muscle Pump 2:1:1 True Powder Bcaa Frenk Üzümü 400 Gr
MOVE,5530,711,500,bcaa,V,Muscle Pump 2:1:1 True Powder Bcaa Portakal 400 Gr
MOVE,5531,711,500,bcaa,V,Muscle Pump 2:1:1 True Powder Bcaa Şeftali 400 Gr
MOVE,5532,711,500,bcaa,V,Muscle Pump 2:1:1 True Powder Bcaa Şeftali 120 Gr
MOVE,5533,711,500,bcaa,V,Muscle Pump 2:1:1 True Powder Bcaa Frenk Üzümü 120 Gr
MOVE,5534,711,500,bcaa,V,Muscle Pump 2:1:1 True Powder Bcaa Portakal 120 Gr
MOVE,5535,711,500,bcaa,V,Muscle Pump 2:1:1 True Powder Bcaa Şeftali 120 Gr
MOVE,5536,711,500,bcaa,V,Muscle Pump 2:1:1 True Powder Bcaa Şeftali 5 Gr
MOVE,5537,711,500,bcaa,V,Muscle Pump 2:1:1 True Powder Bcaa Frenk Üzümü 5 Gr
MOVE,5538,711,500,bcaa,V,Muscle Pump 2:1:1 True Powder Bcaa Portakal 5 Gr
MOVE,5539,711,500,bcaa,-,Muscle Pump 2:1:1 True Powder Bcaa Şeftali 5 Gr
MOVE,5540,711,500,bcaa,V,Muscle Pump 2:1:1 True Powder Bcaa Portakal 20 Saşe
MOVE,5541,711,500,bcaa,V,Muscle Pump 2:1:1 True Powder Bcaa Frenk Üzümü 20 Saşe
MOVE,5542,711,500,bcaa,V,Muscle Pump 2:1:1 True Powder Bcaa Portakal 20 Saşe
MOVE,5543,711,500,bcaa,V,Muscle Pump 2:1:1 True Powder Bcaa Şeftali 20 Saşe
MOVE,5544,711,500,bcaa,V,Muscle Pump 2:1:1 True Powder Bcaa Mix 21 Saşe
MOVE,5545,711,500,bcaa,V,Muscle Pump 2:1:1 True Powder Bcaa Mix 21 Saşe
MOVE,5546,711,501,glutamine,V,Muscle Pump Glutamine Prime Powder Karpuz 420 Gr
MOVE,5547,711,501,glutamine,V,Muscle Pump Glutamine Prime Powder Karpuz 420 Gr
MOVE,5548,711,501,glutamine,V,Muscle Pump Glutamine Prime Powder Aromasız 120 Gr
MOVE,5549,711,501,glutamine,V,Muscle Pump Glutamine Prime Powder Aromasız 300 Gr
MOVE,5550,711,501,glutamine,V,Muscle Pump Glutamine Prime Powder Karpuz 7 Gr
MOVE,5551,711,501,glutamine,V,Muscle Pump Glutamine Prime Powder Karpuz 7 Gr
MOVE,5552,711,501,glutamine,V,Muscle Pump Glutamine Prime Karpuz 20 Saşe
MOVE,5553,711,501,glutamine,V,Muscle Pump Glutamine Prime Karpuz 20 Saşe
MOVE,5554,711,507,gainer,V,Muscle Pump Muscle Mass Gainer Çikolata 5000 Gr
MOVE,5555,711,507,gainer,V,Muscle Pump Muscle Mass Gainer Çikolata 5000 Gr
MOVE,5556,711,507,gainer,V,Muscle Pump Muscle Mass Gainer Çikolata 3000 Gr
MOVE,5557,711,507,gainer,V,Muscle Pump Muscle Mass Gainer Çikolata 3000 Gr
MOVE,5558,711,507,gainer,V,Muscle Pump Muscle Mass Gainer Çikolata 1200 Gr
MOVE,5559,711,507,gainer,V,Muscle Pump Muscle Mass Gainer Çikolata 1200 Gr
MOVE,5560,711,507,gainer,V,Muscle Pump Muscle Mass Gainer Çikolata 100 Gr
MOVE,5561,711,507,gainer,V,Muscle Pump Muscle Mass Gainer Çikolata 100 Gr
MOVE,5562,711,507,gainer,V,Muscle Pump Muscle Mass Gainer Çikolata 50 Saşe
MOVE,5563,711,507,gainer,V,Muscle Pump Muscle Mass Gainer Çikolata 50 Saşe
MOVE,5568,711,370,creatine,V,Muscle Pump Creatine Plus Powder Karpuz 7 Gr
MOVE,5569,711,370,creatine,V,Muscle Pump Creatine Plus Powder Karpuz 20 Saşe
MOVE,5570,711,370,creatine,V,Muscle Pump Creatine Plus Powder Karpuz 420 Gr
MOVE,5571,711,370,creatine,V,Muscle Pump Creatine Plus Powder Karpuz 7 Gr
MOVE,5572,711,370,creatine,V,Muscle Pump Creatine Plus Powder Aromasız 300 Gr
MOVE,5573,711,370,creatine,V,Muscle Pump Creatine Plus Powder Karpuz 20 Saşe
MOVE,5574,711,370,creatine,V,Muscle Pump Creatine Plus Powder Aromasız 120 Gr
MOVE,5575,711,370,creatine,V,Muscle Pump Creatine Plus Powder Karpuz 420 Gr
MOVE,5588,711,518,preworkout,V,Protein Ocean Pre-Workout Shot Dragon Blood 12 Adet
MOVE,5590,711,493,whey,V,Protein Ocean Whey Protein Çikolata 400 Gr
MOVE,5591,711,493,whey,V,Protein Ocean Whey Protein Bisküvi 400 Gr
MOVE,5592,711,510,carnitine,-,Protein Ocean L-Carnitine Karışık Meyve 150 Gr
MOVE,5593,711,510,carnitine,-,Protein Ocean L-Carnitine Limonata 150 Gr
MOVE,5594,711,510,carnitine,-,Protein Ocean L-Carnitine Yeşil Elma 150 Gr
MOVE,5595,711,718,egg_white,-,Protein Ocean Egg White Powder 400 Gr
MOVE,5596,711,524,electrolyte,V,Protein Ocean Electrolyte Blend 150 Gr
MOVE,5604,711,493,whey,V,Protein Ocean Whey Protein Bisküvi 1600 Gr
MOVE,5605,711,493,whey,-,Protein Ocean Whey Protein Bisküvi 1600 Gr
MOVE,5606,711,493,whey,V,Protein Ocean Whey Protein Çikolata 1600 Gr
MOVE,5607,711,493,whey,-,Protein Ocean Whey Protein Çilek 1600 Gr
MOVE,5608,711,493,whey,-,Protein Ocean Whey Protein Raspberry Cheesecake 1600 Gr
MOVE,5609,711,493,whey,-,Protein Ocean Whey Protein Salted Caramel 1600 Gr
MOVE,5613,711,737,carb_powder,V,Protein Ocean Cream Of Rice Kremalı kurabiye 1 Kg
MOVE,5614,711,737,carb_powder,V,Protein Ocean Cream Of Rice Çikolata 1 Kg
MOVE,5615,711,737,carb_powder,-,Protein Ocean Cream Of Rice Vanilya 1 Kg
MOVE,5617,711,493,whey,-,Nutrend Whey Protein Kremalı Kurabiye 1000 Gr
MOVE,5620,711,493,whey,V,Nutrend %100 Whey Protein Çikolata Brownie 2250 Gr
MOVE,5621,711,493,whey,V,Nutrend %100 Whey Protein Çikolata Brownie 2250 Gr
MOVE,5638,711,544,nut_butter,-,Protein Ocean %100 Fıstık Ezmesi 750 Gr
MOVE,5639,711,494,isolate,-,Z Konzept Isolate Whey Protein Çikolata 900 Gr
MOVE,5640,711,493,whey,-,Z Konzept Prime Whey Protein Çikolata 500 Gr
MOVE,5641,711,494,isolate,-,Z Konzept Isolate Whey Protein Çikolata 1800 Gr
MOVE,5642,711,500,bcaa,V,Z Konzept BCAA Powder Egzotik Kavun 500 Gr
MOVE,5644,711,493,whey,V,Olimp Whey Protein Complex Beyaz Çikolata Ahududu 1800 Gr
MOVE,5648,711,498,plant_protein,-,Protein Ocean Soya (Vegan) Protein Çilek 400 Gr
MOVE,5649,711,500,bcaa,-,Protein Ocean BCAA + Yeşil Elma 300 Gr
MOVE,5650,711,500,bcaa,-,Protein Ocean BCAA + Ahududu 300 Gr
MOVE,5651,711,500,bcaa,-,Protein Ocean BCAA + Karpuz 300 Gr
MOVE,5652,711,500,bcaa,-,Protein Ocean BCAA + Yeşil Elma 300 Gr
MOVE,5653,711,368,protein_generic_400g,-,Protein Ocean Milk Protein Çilek 400 Gr
MOVE,5658,711,493,whey,V,Optimum Nutrition Gold Standart Whey Kurabiye Krema 2270 Gr
MOVE,5659,711,493,whey,-,Optimum Nutrition Gold Standart Whey Çikolata ve Fındık 2270 Gr
MOVE,5660,711,493,whey,-,Optimum On Gold Whey White Chocolate 2280 Gr
MOVE,5661,711,493,whey,V,Optimum Nutrition Gold Standart Whey 2280 Gr Muz
MOVE,5662,711,493,whey,V,Optimum Nutrition Gold Standart Whey Kurabiye Krema 2270 Gr
MOVE,5663,711,493,whey,-,Optimum Nutrition Gold Standart Whey Double Rich Çikolata 2270Gr
MOVE,5664,711,493,whey,-,Optimum On Gold Whey White Chocolate Raspberry 2280 Gr
MOVE,5665,711,493,whey,V,Optimum Nutrition Gold Standart Whey Çilek 2280 Gr
MOVE,5666,711,493,whey,V,Optimum Nutrition Gold Standart Whey Muz Krema 900 Gr
MOVE,5667,711,493,whey,V,Optimum Nutrition Gold Standart Whey Muz Krema 900 Gr
MOVE,5668,711,493,whey,V,Optimum Nutrition Gold Standart Whey Çilek 900Gr
MOVE,5669,711,493,whey,-,Optimum Nutrition Gold Standart Whey Kurabiye 896 Gr
MOVE,5670,711,493,whey,V,Optimum Nutrition Gold Standart Whey Double Rich Çikolata 900 Gr
MOVE,5671,711,493,whey,-,Optimum Nutrition Gold Standart Whey Double Rich Çikolata 465 Gr
MOVE,5672,711,493,whey,-,Optimum Nutrition Gold Standart Whey Double Rich Çikolata 465 Gr
MOVE,5673,711,494,isolate,-,Optimum Nutrition Gold Standart Isolate Protein Çikolata 930 gr
MOVE,5674,711,494,isolate,-,Optimum Nutrition Gold Standart Isolate Protein Çikolata 930 gr
MOVE,5675,711,493,whey,V,Optimum Nutrition Platinum Hydro Whey Çikolata 1600 Gr
MOVE,5676,711,493,whey,V,Optimum Nutrition Platinum Hydro Whey Çikolata 1600 Gr
MOVE,5678,711,507,gainer,V,Optimum Nutrition Serious Mass Çikolata 2730 Gr
MOVE,5679,711,507,gainer,V,Optimum Nutrition Serious Mass Muz 2730 Gr
MOVE,5680,711,507,gainer,V,Optimum Nutrition Serious Mass Çikolata 2730 Gr
MOVE,5681,711,507,gainer,V,Optimum Nutrition Serious Mass Çilek 2730 Gr
MOVE,5682,711,495,casein,-,Optimum Nutrition Gold Standart Casein Çikolata Supreme 924 Gr
MOVE,5683,711,495,casein,-,Optimum Nutrition Gold Standart Casein Çikolata Supreme 924 Gr
MOVE,5684,711,507,gainer,V,Optimum Nutrition Serious Mass Çikolata 5450 Gr
MOVE,5685,711,507,gainer,V,Optimum Nutrition Serious Mass Çikolata 5450 Gr
MOVE,5686,711,507,gainer,V,Optimum Nutrition Serious Mass Çilek 5450 Gr
MOVE,5687,711,507,gainer,V,Optimum Nutrition Serious Mass Muz 5450 Gr
MOVE,5688,711,500,bcaa,-,Optimum Nutrition Gold Bcaa Çilek - Kivi 266 Gr
MOVE,5689,711,500,bcaa,-,Optimum Nutrition Gold Bcaa Çilek - Kivi 266 Gr
MOVE,5692,711,493,whey,-,Optimum On Gold Whey 24 Servis Çikolata
MOVE,5693,711,493,whey,-,Optimum On Gold Whey 24 Servis Çikolata
MOVE,5694,711,493,whey,-,Optimum Nutrition Gold Standart Whey 1 Servis Çikolata 31 Gr
MOVE,5695,711,493,whey,-,Optimum Nutrition Gold Standart Whey 1 Servis Çikolata 31 Gr
MOVE,5696,711,514,creatine_mono,V,Nutrend Creatine Mono.Creapure 300 Gr
MOVE,5699,711,737,carb_powder,-,Protein Ocean Cream Of Rice Muz 1 Kg
MOVE,5700,711,543,protein_bar,-,Muscle Station Supreme Protein Bar Ballı Badem 12 Adet
MOVE,5701,711,543,protein_bar,-,Muscle Station Supreme Protein Bar Fıstık Krokan 1 Adet
MOVE,5721,711,370,creatine,V,Protein Ocean Creatine Mono. Limonata 300 Gr
MOVE,5723,711,544,nut_butter,V,Fitnut %100 Badem Ezmesi 250 Gr
MOVE,5733,711,493,whey,-,Applied Critical Whey Çikolata 900 Gr
MOVE,5734,711,493,whey,-,Applied Critical Whey Çilek Milkshake 2000 Gr (HEDİYELİ)
MOVE,5735,711,493,whey,V,Applied Critical Whey Çikolata Bueno 2000 Gr (HEDİYELİ)
MOVE,5737,711,493,whey,V,Applied Critical Whey Beyaz Çikolata-Ahududu 2000 Gr (HEDİYELİ)
MOVE,5738,711,493,whey,-,Protein Ocean Whey Hindistan Cevizi Protein 400 Gr
MOVE,5752,711,543,protein_bar,-,Fitnut Go Bar Fıstıklı Protein Bar 12 Adet
MOVE,5755,711,546,rice_cake,-,Fitnut Go Bar Kakao Pirinç Patlağı 12 Adet
MOVE,5760,711,543,protein_bar,-,Fitnut Go Bar Fıstıklı Protein Bar 1 Adet
MOVE,5763,711,546,rice_cake,-,Fitnut Go Bar Kakao Pirinç Patlağı 1 Adet
MOVE,5765,711,500,bcaa,-,Applied Nutrition Bcaa Amino Hydrate Icy Blue Raz 450 Gr
MOVE,5766,711,498,plant_protein,-,Protein Ocean PEA Protein Çikolata 1600 Gr
MOVE,5767,711,498,plant_protein,-,Protein Ocean PEA Protein Çikolata 1600 Gr
MOVE,5771,711,493,whey,-,Protein Ocean Whey Protein Vanilya 1600 Gr
MOVE,5772,711,493,whey,-,Olimp Whey Protein Complex Çilek 1800 Gr
MOVE,5773,711,370,creatine,V,Optimum Nutrition Creatine Aromasız 317 Gr
MOVE,5774,711,518,preworkout,V,Protein Ocean Heavy Duty Pre-Workout Yeşil Elma 300 Gr
MOVE,5775,711,544,nut_butter,-,Protein Ocean %100 Kakaolu Fıstık Ezmesi 750 Gr
MOVE,5779,711,493,whey,-,Protein Ocean Whey Protein Salted Caramel 400 Gr
MOVE,5780,711,493,whey,V,Nutrend %100 Whey Protein Kremalı Kurabiye 2250 Gr
MOVE,5782,711,737,carb_powder,V,Protein Ocean Cream Of Rice Limon Cheesecake 1 Kg
MOVE,5785,711,507,gainer,V,Optimum Nutrition Serious Mass Kurabiye Krema 2730 Gr
MOVE,5794,711,503,arginine,V,Muscle Pump Arginine Pump Powder Red Fruits 420 Gr
MOVE,5795,711,503,arginine,V,Muscle Pump Arginine Pump Powder Red Fruits 140 Gr
MOVE,5796,711,526,vitamin,V,Muscle Pump Vita-Pack Vitamin Mineral 90 Kapsül
MOVE,5799,711,503,arginine,-,Muscle Pump L-ARGİNİNE 90 Kapsül
MOVE,5803,711,493,whey,-,Protein Ocean Whey Protein Raspberry Cheesecake 400 Gr
MOVE,5804,711,737,carb_powder,-,Protein Ocean Cream Of Rice Çilek 1 Kg
MOVE,5810,711,370,creatine,-,Protein Ocean Creatine Mono. Limonata 300 Gr
MOVE,5812,711,370,creatine,-,Protein Ocean Creatine Mono. Aromasız 300 Gr
MOVE,5813,711,493,whey,-,Multipower Whey Protein Shake Çikolata 2000 Gr
MOVE,5814,711,493,whey,-,Multipower Whey Protein Shake Kremalı Kurabiye 2000 Gr
MOVE,5815,711,493,whey,V,Multipower Whey Protein Shake Kremalı Kurabiye 2000 Gr
MOVE,5816,711,493,whey,V,Multipower Whey Protein Shake Iced Vanilla Latte 2000 Gr
MOVE,5819,711,370,creatine,V,Protein Ocean Creatine Mono. Karışık Meyveli 300 Gr
MOVE,5820,711,518,preworkout,-,Applied Nutrition ABE Pre-Workout Ekşi Elma 315 Gr
MOVE,5821,711,742,multivitamin,-,Optimum Nutrition OPTI-MEN Multivitamin 90 Tablet
MOVE,5822,711,742,multivitamin,-,Optimum Nutrition OPTI-WOMEN Multivitamin 60 Kapsül
MOVE,5823,711,543,protein_bar,-,Enervit Protein Bar 55 Gr Bitter Çikolata 25 Adet
MOVE,5824,711,543,protein_bar,-,Enervit Protein Bar 55 Gr Bitter Çikolata 25 Adet
MOVE,5825,711,543,protein_bar,-,Enervit Protein Bar 55 Gr Kurabiye 25 Adet
MOVE,5826,711,543,protein_bar,V,Enervit Protein Bar 48 Gr Limon Kek 1 Adet
MOVE,5827,711,543,protein_bar,-,Enervit Protein Bar 55 Gr Kurabiye 1 Adet
MOVE,5828,711,543,protein_bar,V,Enervit Protein Bar 55 Gr Bitter Çikolata 1 Adet
MOVE,5829,711,540,collagen,-,Protein Ocean Collagen Powder Mocha 140 Gr
MOVE,5830,711,540,collagen,-,Protein Ocean Collagen Powder Coffee Toffee Nut 140 Gr
MOVE,5831,711,540,collagen,-,Protein Ocean Collagen Powder Mocha 140 Gr
MOVE,5832,711,733,carnitine_liquid,-,Protein Ocean L-Carnitine 2000 Mg Portakal 12 Shot
MOVE,5833,711,493,whey,-,Protein Ocean Whey Protein Hindistan Cevizi 1600 Gr
MOVE,5834,711,493,whey,-,Nutrend Whey Protein Çikolata Browni 1000 Gr
MOVE,5835,711,493,whey,-,Nutrend Whey Core Çikolata Cocoa 900 Gr
MOVE,5843,711,737,carb_powder,-,Protein Ocean Cream Of Rice Muhallebi 1 Kg
MOVE,5844,711,733,carnitine_liquid,-,Protein Ocean L-Carnitine 2000 Mg Portakal 1 Shot
MOVE,5846,711,507,gainer,V,Muscle Pump Muscle Mass Gainer Çilek 5000 Gr
MOVE,5847,711,507,gainer,V,Muscle Pump Muscle Mass Gainer Çilek 1200 Gr
MOVE,5848,711,507,gainer,V,Muscle Pump Muscle Mass Gainer Çilek 3000 Gr
MOVE,5849,711,737,carb_powder,-,Protein Ocean Cream Of Rice Blueberry Muffin 1 Kg
MOVE,5852,711,493,whey,V,Muscle Pump Wpc Instant Whey Kurabiye 900 Gr
MOVE,5853,711,493,whey,V,Muscle Pump Wpc Instant Whey Çilek 900 Gr
MOVE,5856,711,493,whey,V,Muscle Pump Wpc Instant Whey Kurabiye 1950 Gr
MOVE,5857,711,493,whey,V,Muscle Pump Wpc Instant Whey Çilek 1950 Gr
MOVE,5858,711,493,whey,V,Muscle Pump Wpc Instant Whey Çikolata 1950 Gr
MOVE,5868,711,493,whey,-,Sygenix Whey Protein Kurabiye 990 gr
MOVE,5869,711,493,whey,-,Sygenix Whey Protein Çilek 990 gr
MOVE,5870,711,493,whey,V,Sygenix Whey Protein Çikolata 990 gr
MOVE,5871,711,493,whey,V,Sygenix Whey Protein Çikolata 990 gr
MOVE,5872,711,493,whey,V,Sygenix Whey Protein Kurabiye 1980 gr
MOVE,5873,711,493,whey,V,Sygenix Whey Protein Çilek 1980 gr
MOVE,5874,711,493,whey,V,Sygenix Whey Protein Çikolata 1980 gr
MOVE,5875,711,493,whey,V,Sygenix Whey Protein Çilek 1980 gr
MOVE,5876,711,368,protein_generic_400g,-,Protein Ocean Protein Coffee Caramel Macchiato 400 Gr
MOVE,5877,711,368,protein_generic_400g,-,Protein Ocean Protein Coffee Caramel Macchiato 400 Gr
MOVE,5878,711,544,nut_butter,V,Fitnut %100 Fındık Ezmesi 255 Gr
MOVE,5879,711,500,bcaa,V,Sygenix Bcaa Portakal-Limon 300 gr
MOVE,5880,711,500,bcaa,V,Sygenix Bcaa Ananas 300 gr
MOVE,5881,711,500,bcaa,V,Sygenix Bcaa Portakal-Limon 300 gr
MOVE,5882,711,733,carnitine_liquid,V,Sygenix CarniX Thermo L-Carnitine Portakal-Limon 1000 ml
MOVE,5883,711,733,carnitine_liquid,V,Sygenix CarniX Thermo L-Carnitine Lime 1000 ml
MOVE,5884,711,733,carnitine_liquid,V,Sygenix CarniX Thermo L-Carnitine Elma 1000 ml
MOVE,5885,711,733,carnitine_liquid,V,Sygenix CarniX Thermo L-Carnitine Elma 1000 ml
MOVE,5886,711,370,creatine,V,Sygenix CreaX Creatine Monohydrate Ananas 300 gr
MOVE,5887,711,370,creatine,V,Sygenix CreaX Creatine Monohydrate Ananas 300 gr
MOVE,5888,711,493,whey,V,Protein Ocean Whey Protein Choco Nut 1600 Gr
MOVE,5889,711,493,whey,V,Protein Ocean Whey Protein Choco Nut 400 Gr
MOVE,5890,711,494,isolate,V,Muscle Pump WPI Isolate Whey Protein Çikolata 1500 gr
MOVE,5891,711,494,isolate,V,Muscle Pump WPI Isolate Whey Protein Çikolata 1500 gr
MOVE,5897,711,507,gainer,V,Sygenix Mass Gainer Çikolata 3000 gr
MOVE,5898,711,502,eaa,V,Sygenix AminoX EAA+ Karpuz 300 Gr
MOVE,5899,711,507,gainer,V,Sygenix Mass Gainer Çikolata 3000 gr
MOVE,5900,711,507,gainer,V,Sygenix Mass Gainer Çilek 3000 gr
MOVE,5901,711,502,eaa,V,Sygenix AminoX EAA+ Karpuz 300 Gr
MOVE,5902,711,507,gainer,V,Sygenix Mass Gainer Kurabiye 3000 gr
MOVE,5905,711,493,whey,V,Sygenix Complex Whey Çikolata 2200 gr
MOVE,5906,711,493,whey,V,Sygenix Complex Whey Çikolata 2200 gr
MOVE,5912,711,493,whey,-,Protein Ocean Whey Protein Gingerbread 1600 Gr
MOVE,5913,711,493,whey,-,Protein Ocean Whey Protein Muz 1600 Gr
MOVE,5914,711,493,whey,V,Protein Ocean Whey Protein Çilek 400 Gr
MOVE,5915,711,493,whey,V,Protein Ocean Whey Protein Birthday Cake 400 Gr
MOVE,5923,711,493,whey,-,Protein Ocean Whey Protein Muz 400 Gr
MOVE,5924,711,368,protein_generic_400g,-,Protein Ocean Protein Meal Strawberry Cake 600 Gr
MOVE,5925,711,368,protein_generic_400g,-,Protein Ocean Protein Meal Strawberry Cake 600 Gr
MOVE,5926,711,368,protein_generic_400g,-,Protein Ocean Protein Meal Crunchy Caramel 600 Gr
MOVE,5927,711,494,isolate,-,Protein Ocean Isolate Whey Protein Bisküvi 400 gr
MOVE,5928,711,494,isolate,-,Protein Ocean Isolate Whey Protein Bisküvi 400 gr
MOVE,5929,711,494,isolate,-,Protein Ocean Isolate Whey Protein Muz 400 gr
MOVE,5930,711,494,isolate,-,Protein Ocean Isolate Whey Protein Bisküvi 1600 Gr
MOVE,5931,711,494,isolate,-,Protein Ocean Isolate Whey Protein Bisküvi 1600 Gr
MOVE,5932,711,370,creatine,-,Protein Ocean Creatine Mono. Portakal Mango 300 Gr
MOVE,5933,711,737,carb_powder,-,Protein Ocean Cream Of Rice Elmalı Turta 1 Kg
MOVE,5934,711,493,whey,-,Olimp Whey Protein Complex Muz 1800 Gr
MOVE,5945,711,530,joint,V,Flava Glucosamine Chondroitin MSM 40 Tablet NEW
MOVE,5946,711,541,q10,V,Flava Coenzyme Q 10 30 Kapsül
MOVE,5947,711,526,vitamin,-,Flava Efervesan C Vitamini 20 Tablet
MOVE,5950,711,521,tribulus,V,Flava T-Prime Tribulus Mag. 45 Tablet
MOVE,5951,711,540,collagen,-,Protein Ocean Collagen Ahududu 250 Gr
MOVE,5955,711,540,collagen,-,Protein Ocean Collagen Ahududu 250 Gr
MOVE,5956,711,526,vitamin,V,Flava Vitamin B12 Methylcobalamin 60 Kapsül
MOVE,5957,711,742,multivitamin,V,Flava Multi Vitamin 60 Kapsül
MOVE,5958,711,527,zma,V,Flava ZMA 90 Kapsül
MOVE,5959,711,540,collagen,V,Flava Collagen +Hyaluronic Acid 30 Tablet
MOVE,5960,711,521,tribulus,V,Flava Tribulus Terrestris 45 Kapsül
MOVE,5961,711,522,beta_alanine,-,Protein Ocean Beta Alanine 300 Gr
MOVE,5962,711,526,vitamin,V,Flava Ester - C Vitamini (500 Mg) 60 Kapsül
MOVE,5963,711,526,vitamin,V,Flava Vitamin D3 60 Kapsül
MOVE,5966,711,512,thermogenic,-,Flava Thermo Burner 60 Kapsül
MOVE,5967,711,529,omega3,V,Flava Omega 3 1000 Mg 45 Jel Kapsül
MOVE,5972,711,528,magnesium,V,Flava Magnezyum Bisglisinat 45 Kapsül
MOVE,5975,711,514,creatine_mono,-,Protein Ocean Creatine Creapure Karışık Meyve 250 Gr
MOVE,5976,711,514,creatine_mono,V,Protein Ocean Creatine Creapure Karışık Meyve 250 Gr
MOVE,5977,711,514,creatine_mono,V,Protein Ocean Creatine Creapure Aromasız 250 Gr
MOVE,5978,711,498,plant_protein,-,Optimum Gold Standard Plant Protein Double Çikolata 684 Gr
MOVE,5979,711,498,plant_protein,-,Optimum Gold Standard Plant Protein Double Çikolata 684 Gr
MOVE,5980,711,507,gainer,-,Protein Ocean Mass Gainer Muz 2500 Gr
MOVE,5981,711,493,whey,-,Protein Ocean Whey Protein Dubai Çikolatası 400 Gr
MOVE,5982,711,737,carb_powder,-,Protein Ocean Cream Of Rice Cappuccino 1 Kg
MOVE,5983,711,500,bcaa,-,Protein Ocean BCAA 4:1:1 Limonata 300 Gr
MOVE,5984,711,507,gainer,-,Protein Ocean Mass Gainer Çikolata 2500 Gr
MOVE,5985,711,507,gainer,-,Protein Ocean Mass Gainer Çilek 2500 Gr
MOVE,5986,711,507,gainer,-,Protein Ocean Mass Gainer Muz 2500 Gr
MOVE,5987,711,370,creatine,-,Protein Ocean Creatine Mono. Jelibon 300 Gr
MOVE,5988,711,500,bcaa,-,Protein Ocean BCAA 4:1:1 Limonata 300 Gr
MOVE,5992,711,510,carnitine,-,Multipower L-Carnitine 1800 Mg Şeftali 1 Adet
MOVE,5998,711,510,carnitine,-,Multipower L-Carnitine 1800 Mg Şeftali 1 Adet
MOVE,5999,711,500,bcaa,-,Protein Ocean BCAA 4:1:1 Ghost 300 Gr
MOVE,6000,711,500,bcaa,-,Protein Ocean BCAA + Strawberry Lemon 300 Gr
MOVE,6002,711,543,protein_bar,-,Protein Ocean Protein Bar Tiramisu 12 Adet
MOVE,6003,711,543,protein_bar,-,Protein Ocean Protein Bar Tiramisu 1 Adet
MOVE,6004,711,543,protein_bar,-,Protein Ocean Protein Bar Muz 12 Adet
MOVE,6005,711,543,protein_bar,-,Protein Ocean Protein Bar Muz 1 Adet
MOVE,6006,711,543,protein_bar,-,Protein Ocean Protein Bar Çikolata 12 Adet
MOVE,6007,711,543,protein_bar,-,Protein Ocean Protein Bar Birthday Cake 12 Adet
MOVE,6008,711,543,protein_bar,-,Protein Ocean Protein Bar Çikolata 1 Adet
MOVE,6009,711,543,protein_bar,-,Protein Ocean Protein Bar Birthday Cake 1 Adet
MOVE,6010,711,543,protein_bar,-,Protein Ocean Protein Bar Birthday Cake 1 Adet
MOVE,6011,711,737,carb_powder,-,Protein Ocean Cream Of Rice Dubai Çikolatası 1 Kg
MOVE,6012,711,494,isolate,-,Protein Ocean Isolate Whey Protein Çikolata 400 gr
MOVE,6013,711,494,isolate,-,Protein Ocean Isolate Whey Protein Muz 1600 Gr
MOVE,6014,711,494,isolate,-,Nutrend ISO Whey Protein Çikolata Browni 2250 Gr
MOVE,6015,711,494,isolate,-,Nutrend ISO Whey Protein Çikolata Browni 2250 Gr
MOVE,6016,711,493,whey,-,Dymatize Iso 100 Hydrolyzed Whey Protein Tozu Çilek 2264 Gr
MOVE,6017,711,493,whey,-,Dymatize Iso 100 Hydrolyzed Whey Protein Tozu Çilek 2264 Gr
MOVE,6018,711,493,whey,-,Dymatize Iso 100 Hydrolyzed Whey Protein Tozu Çikolata 932 Gr
MOVE,6019,711,493,whey,-,Dymatize Iso 100 Hydrolyzed Whey Protein Tozu Çikolata 932 Gr
MOVE,6020,711,493,whey,V,Muscle Pump Wpc Instant Whey Kurabiye 30 Gr
MOVE,6021,711,493,whey,V,Muscle Pump Wpc Instant Whey Çilek 30 Gr
MOVE,6022,711,370,creatine,-,Protein Ocean Creatine Mono. California Sunset 300 Gr
MOVE,6024,711,493,whey,V,Protein Ocean Whey Protein Kremalı kurabiye 400 Gr
MOVE,6025,711,518,preworkout,-,Protein Ocean Game Day Pre-Workout Limonata 300 Gr
MOVE,6026,711,518,preworkout,-,Protein Ocean Game Day Pre-Workout Limonata 300 Gr
MOVE,6027,711,493,whey,-,Protein Ocean Whey Protein Dubai Çikolatası 1600 Gr
MOVE,6028,711,493,whey,V,Protein Ocean Whey Protein Birthday Cake 1600 Gr
MOVE,6029,711,500,bcaa,-,Protein Ocean BCAA 4:1:1 Limonata 120 Gr
MOVE,6030,711,500,bcaa,-,Protein Ocean BCAA 4:1:1 Limonata 120 Gr
MOVE,6033,711,733,carnitine_liquid,-,Nutrever L-Carnitine 3000 Mg Likit Şeftali 20 Ampül
MOVE,6034,711,733,carnitine_liquid,-,Nutrever L-Carnitine 3000 Mg Likit Şeftali 1 Ampül
MOVE,6035,711,733,carnitine_liquid,-,Nutrever L-Carnitine Likit 1 Adet - PROTEIN OCEAN - Şeftali - STD
MOVE,6036,711,543,protein_bar,-,Protein Ocean Protein Bar Birthday Cake 12 Adet
MOVE,6037,711,493,whey,V,Protein Ocean Whey Protein Çikolata 400 Gr
MOVE,6038,711,493,whey,V,Multipower Whey Protein Shake Fıstık Karamel 2000 Gr
MOVE,6039,711,370,creatine,-,Basix Creatine Monohydrate Power Aromasız 300 Gr
MOVE,6040,711,493,whey,-,Dymatize Iso 100 Hydrolyzed Whey Protein Tozu Çikolata 2264 Gr
MOVE,6041,711,493,whey,-,Applied Critical Whey Çikolata 900 Gr
MOVE,6042,711,493,whey,-,Applied Critical Whey Çilek 900 Gr
MOVE,6043,711,543,protein_bar,-,Enervit Protein Bar 48 Gr Limon Kek 30 Adet
MOVE,6044,711,543,protein_bar,V,Enervit Protein Bar 48 Gr Limon Kek 1 Adet
MOVE,6045,711,493,whey,-,Protein Ocean Whey Protein Blueberry Muffin 400 Gr
MOVE,6046,711,737,carb_powder,-,Protein Ocean Cream Of Rice Birthday Cake 1 Kg
MOVE,6048,711,737,carb_powder,-,Protein Ocean Cream Of Rice 50 Gr
MOVE,6049,711,737,carb_powder,-,Protein Ocean Cream Of Rice Limon Cheesecake 50 Gr
MOVE,6050,711,518,preworkout,-,Protein Ocean Superman Pre Workout 420 Gr
MOVE,6051,711,501,glutamine,-,Protein Ocean Glutamine Karışık Meyveli 300 Gr
MOVE,6052,711,510,carnitine,-,Protein Ocean L-Carnitine Karışık Meyve 150 Gr
MOVE,6053,711,528,magnesium,V,Flava Magnezyum Complex 40 Tablet
MOVE,6054,711,543,protein_bar,-,Protein Ocean Protein Bar Çilek Cheescake 12 Adet
MOVE,6055,711,543,protein_bar,-,Protein Ocean Protein Bar Çilek Cheescake 1 Adet
MOVE,6058,711,493,whey,V,Muscle Pump Wpc Instant Whey Mix (Çikolata-Çilek-Kurabiye) 68 Saşe
MOVE,6059,711,742,multivitamin,-,Optimum Nutrition OPTI-WOMEN Multivitamin 120 Kapsül
MOVE,6062,711,520,energy_gel,-,Applied Nutrition Endurance Energy Isotonic Gel Meyve Patlaması 20x60 Gr
MOVE,6063,711,520,energy_gel,-,Applied Nutrition Endurance Energy Isotonic Gel Meyve Patlaması 20x60 Gr
MOVE,6064,711,520,energy_gel,-,Applied Endurance Sprint Isotonic Energy Gel+Caffeine Sprint Meyve Patlaması 20x60 Gr
MOVE,6065,711,520,energy_gel,V,Applied Endurance Energy Isotonic Gel Meyve Patlaması 1 Adet 60 Gr
MOVE,6066,711,520,energy_gel,V,Applied Endurance Energy Isotonic Gel Meyve Patlaması 1 Adet 60 Gr
MOVE,6067,711,520,energy_gel,-,Applied Endurance Sprint Isotonic Energy Gel+Caffeine Sprint Meyve Patlaması 1 Adet 60 Gr
MOVE,6068,711,368,protein_generic_400g,-,Protein Ocean Protein Coffee Toffee Nut 400 Gr
MOVE,6069,711,493,whey,-,Protein Ocean Whey Protein Muhallebi 400 Gr
MOVE,6070,711,370,creatine,-,Protein Ocean Creatine Mono. Dragon Blood 300 Gr
MOVE,6071,711,502,eaa,V,Protein Ocean EAA+ Karışık Meyve 120 Gr
MOVE,6072,711,493,whey,-,Protein Ocean Whey Protein Blueberry Muffin 1600 Gr
MOVE,6073,711,493,whey,-,Protein Ocean Whey Protein Kremalı kurabiye 1600 Gr
MOVE,6076,711,370,creatine,-,Z Konzept Creatine Powder 500 Gr
MOVE,6077,711,370,creatine,V,Nutrever Pure Creatine Monohydrat Powder 500 Gr
MOVE,6078,711,737,carb_powder,-,Protein Ocean Cream Of Rice 1 Kg Kremalı kurabiye
MOVE,6080,711,493,whey,V,Applied Critical Whey Beyaz Çikolata-Ahududu 2000 Gr (HEDİYELİ)
MOVE,6081,711,493,whey,-,Applied Critical Whey Salted Caramel 2000 Gr (HEDİYELİ)
MOVE,6082,711,493,whey,-,Applied Critical Whey Kremalı Kurabiye 2000 Gr (HEDİYELİ)
MOVE,6083,711,493,whey,V,Applied Critical Whey Muz 2000 Gr (HEDİYELİ)
MOVE,6084,711,370,creatine,-,Protein Ocean CREATINE Chews Dark Berry Rush 60 Tablet
MOVE,6086,711,526,vitamin,V,Flava Vitamin K2 45 Kapsül
MOVE,6088,711,500,bcaa,-,Protein Ocean BCAA + Ahududu 120 Gr
MOVE,6089,711,500,bcaa,-,Protein Ocean BCAA + Ahududu 120 Gr
MOVE,6090,711,543,protein_bar,-,Protein Ocean Protein Bar Hindistan Cevizi 1 Adet
MOVE,6091,711,543,protein_bar,-,Protein Ocean Protein Bar Hindistan Cevizi 12 Adet
MOVE,6092,711,737,carb_powder,-,Protein Ocean Cream Of Rice Kremalı kurabiye 1 Kg
MOVE,6093,711,518,preworkout,-,Protein Ocean Batman Pre Workout 420 Gr
MOVE,6094,711,502,eaa,V,Protein Ocean EAA+ Karışık Meyve 300 Gr
MOVE,6095,711,502,eaa,V,Protein Ocean EAA+ Yeşil Elma 300 Gr
MOVE,6096,711,502,eaa,V,Protein Ocean EAA+ Karışık Meyve 300 Gr
MOVE,6098,711,502,eaa,V,Protein Ocean EAA+ Yeşil Elma 120 Gr
MOVE,6099,711,502,eaa,V,Protein Ocean EAA+ Karışık Meyve 120 Gr
MOVE,6100,711,493,whey,V,Protein Ocean Whey Protein Muhallebi 400 Gr
MOVE,6105,711,543,protein_bar,-,Protein Ocean Protein Bar Çikolata ve Fındık 12 Adet
MOVE,6106,711,543,protein_bar,V,Multipower Protein Layer Bar Yer Fıstıklı Karamelli 18 Adet
MOVE,6107,711,543,protein_bar,-,Multipower Protein Layer Bar Yer Fıstıklı Karamelli 1 Adet
MOVE,6108,711,543,protein_bar,V,Protein Ocean Protein Bar Çikolata ve Fındık 1 Adet
MOVE,6109,711,543,protein_bar,V,Multipower Delight Dark Çikolata Mochalı Protein Bar 1 Adet
MOVE,6110,711,543,protein_bar,V,Multipower Delight Dark Çikolata Mochalı Protein Bar 18 Adet
MOVE,6111,711,494,isolate,-,Multipower Whey Protein Isolate Çikolata 900 Gr
MOVE,6112,711,494,isolate,-,Multipower Whey Protein Isolate Çikolata 2000 Gr
MOVE,6113,711,493,whey,V,Multipower Whey Protein Shake Kurabiye 900 Gr
MOVE,6114,711,543,protein_bar,V,Multipower Protein Layer Bar Beyaz Çikolata-Çilek 1 Adet
MOVE,6115,711,543,protein_bar,V,Multipower Protein Layer Bar Beyaz Çikolata-Çilek 18 Adet
MOVE,6116,711,370,creatine,-,Protein Ocean Creatine Mono. Tigers Blood 300 Gr
MOVE,6117,711,742,multivitamin,V,Nutraxin Multivitamin Mineral Energy 60 Tablet
MOVE,6118,711,526,vitamin,V,Nutraxin Vitamin D3 1000 IU Spray 30 mL
MOVE,6119,711,529,omega3,V,Nutraxin Omega-3 2000 Mg 60 Kapsül
MOVE,6123,711,527,mineral,V,Nutraxin Zinc Sulphate 100 Tablet
MOVE,6124,711,527,mineral,V,Nutraxin Chromium Picolinate 90 Kapsül
MOVE,6125,711,742,multivitamin,V,Nutraxin Men's Multi Vitamin Complex 60 Tablet
MOVE,6127,711,521,tribulus,V,Orzax Ocean Tribulus Terrestris 60 Kapsül
MOVE,6128,711,526,vitamin,V,Nutraxin Vitamin Max C + D Çinko 60 Tablet
MOVE,6129,711,742,multivitamin,V,Nutraxin Women's Multi Vitamin Complex 60 Tablet
MOVE,6130,711,526,vitamin,V,Nutraxin Vitamin C 1000 Mg 30 Tablet
MOVE,6131,711,526,vitamin,V,Nutraxin Vitamin D3 K2 120 Tablet
MOVE,6132,711,526,vitamin,V,Nutraxin B12 Vitamin 1000 Mcg (Dilaltı) 60 Tablet
MOVE,6133,711,370,creatine,V,Olimp Rocky Athletes Creatine Citrus Limon 200 Gr
MOVE,6135,711,526,vitamin,V,Flava Biotin 60 Kapsül
MOVE,6136,711,526,vitamin,V,Nutraxin B Vitamin Complex 60 Tablet
MOVE,6137,711,742,multivitamin,V,Nutraxin Multivitamin Ultra Men 60 Tablet
MOVE,6139,711,540,collagen,-,Nutraxin Collagen Gold Quality Powder 300 Gr
MOVE,6142,711,540,collagen,V,Nutraxin Collagen Gold Quality 30 Tablet
MOVE,6143,711,511,cla,V,Nutraxin CLA 1300 mg 60 Kapsül
MOVE,6145,711,541,q10,V,Nutraxin Coenzyme Q10 100 mg 30 Kapsül
MOVE,6146,711,526,vitamin,V,Nutraxin Vitamin C (1 Alana 1 BEDAVA) Efervesan 30 Tablet
MOVE,6147,711,540,collagen,V,Nutraxin Hidrolize Collagen Gold Quality 30 Saşe
MOVE,6148,711,493,whey,V,Applied Critical Whey Çikolata Milkshake 2000 Gr (HEDİYELİ)
MOVE,6149,711,493,whey,V,Applied Critical Whey Beyaz Çikolata Bueno 2000 Gr (HEDİYELİ)
MOVE,6153,711,737,carb_powder,V,Protein Ocean Cream Of Rice Red Velvet Cake 1 Kg
MOVE,6154,711,370,creatine,V,Optimum Nutrition Mavi Ahududu Creatine 247.5 Gr
MOVE,6155,711,370,creatine,V,Optimum Nutrition Portakal Aromalı Creatine 247.5 Gr
MOVE,6156,711,528,magnesium,-,Orzax Ocean ExtraMag Magnezyum 90 Tablet
MOVE,6160,711,493,whey,-,Applied Clear Whey Çilek&Ahududu 875 Gr
MOVE,6161,711,493,whey,-,Applied Critical Whey Vanilya 2000 Gr (HEDİYELİ)
MOVE,6162,711,543,protein_bar,-,Protein Ocean Protein Bar Batman 12 Adet
MOVE,6163,711,518,preworkout,-,Protein Ocean Pre-Workout Shot Dragon Blood 12 Adet
MOVE,6164,711,737,carb_powder,-,Protein Ocean Cream Of Rice Çikolata Tester 50 Gr
MOVE,6165,711,518,preworkout,-,Protein Ocean Pre-Workout Dragon Blood Tester 14 Gr
MOVE,6166,711,737,carb_powder,-,Protein Ocean Cream Of Rice Blueberry Muffin Tester 50 Gr
MOVE,6167,711,543,protein_bar,-,Muscle Station Supreme Protein Bar Sea Salt Caramel 12 Adet
MOVE,6168,711,543,protein_bar,-,Muscle Station Supreme Protein Bar Ballı Badem 12 Adet
MOVE,6169,711,543,protein_bar,-,Muscle Station Supreme Protein Bar Kurabiyeli 12 Adet
MOVE,6170,711,543,protein_bar,-,Muscle Station Supreme Protein Bar Fıstık Krokan 12 Adet
MOVE,6171,711,518,preworkout,-,Protein Ocean Pre-Workout Shot Dragon Blood 1 Adet
MOVE,6174,711,543,protein_bar,-,Muscle Station Supreme Protein Bar Ballı Badem 1 Adet
MOVE,6175,711,543,protein_bar,-,Muscle Station Supreme Protein Bar Fıstık Krokan 1 Adet
MOVE,6176,711,543,protein_bar,-,Muscle Station Supreme Protein Bar Kurabiyeli 1 Adet
MOVE,6177,711,543,protein_bar,-,Muscle Station Supreme Protein Bar Salted Caramel 1 Adet
MOVE,6178,711,543,protein_bar,-,Protein Ocean Protein Bar Batman 1 Adet
MOVE,6187,711,370,creatine,V,Protein Ocean Creatine Mono. Ananas Mango 300 Gr
MOVE,6188,711,370,creatine,-,Protein Ocean Creatine Mono. Ananas Mango 120 Gr
MOVE,6190,711,494,isolate,-,Protein Ocean Isolate Whey Protein Çikolata 1600 Gr
MOVE,6192,711,500,bcaa,-,Protein Ocean BCAA + Yeşil Elma 120 Gr
MOVE,6193,711,493,whey,V,Sygenix Complex Whey 3’lü Set
MOVE,8836,711,500,bcaa,-,Aegis Bcaa +Energy Drink 250 ml.
MOVE,8837,711,500,bcaa,-,Aegis Bcaa +Energy Drink 24 Şişe x 250 ml.
MOVE,8838,711,518,preworkout,-,Applied Nutrition ABE Pre-Workout Yeşil Elma 315 gram
MOVE,8839,711,500,bcaa,-,Applied Nutrition Bcaa Amıno Hydrate Blue Razz 450 gram
MOVE,8840,711,493,whey,-,Applied Nutrition Body Fuel Whey Protein Double Çikolata 1800 gram
MOVE,8841,711,493,whey,-,Applied Nutrition Critical Whey Protein White Chocolate Raspberry 2000 gram
MOVE,8842,711,493,whey,-,Applied Nutrition Critical Whey Protein Çilek 900 gram
MOVE,8845,711,520,energy_gel,-,Applied Nutrition Endurance Sprint İsotonic Energy Gel Caffeine Fruit Burst 20 Adet x 60 ml.
MOVE,8846,711,520,energy_gel,-,Applied Nutrition Endurance Sprint İsotonic Energy Gel Caffeine Fruit Burst 60 ml.
MOVE,8847,711,494,isolate,-,Applied Nutrition İso XP İsolate Protein Çikolata 1800 gram
MOVE,8848,711,518,preworkout,-,Bad Ass Pump Pre-Workout Portakal & Mango 350 gram
MOVE,8849,711,370,creatine,-,Basix Pure Creatine Aromasız 300 gram
MOVE,8850,711,503,arginine,V,Bigjoy %100 Pure L-Arginine Aromasız 300 gram
MOVE,8851,711,503,arginine,V,Bigjoy %100 Pure L-Arginine Aromasız 150 gram
MOVE,8852,711,527,zma,-,Bigjoy AOL+ZMA 124 Kapsül
MOVE,8853,711,503,arginine,V,Bigjoy Arginine Powder Orman Meyveli 500 gram
MOVE,8854,711,500,bcaa,-,Bigjoy BCAA Pro 4:1:1 Ev Limonatası 400 gram
MOVE,8855,711,500,bcaa,V,Bigjoy BCAA Pro 4:1:1 Aromasız 420 gram
MOVE,8856,711,500,bcaa,V,Bigjoy BCAA Pro 4:1:1 Ripped Kola 432 gram
MOVE,8857,711,500,bcaa,-,Bigjoy BCAA Pro Go! 4:1:1 Karpuz 21 Adet x 10 gr. (210 gr)
MOVE,8859,711,500,bcaa,V,Bigjoy BcaaBig Ananas 589 gram
MOVE,8860,711,500,bcaa,V,Bigjoy BcaaBig Karpuz 312 gram
MOVE,8861,711,493,whey,V,Bigjoy Beef & Whey Çikolata 2176 gram
MOVE,8862,711,493,whey,-,Bigjoy Beef & Whey Çikolata 1088 gram
MOVE,8863,711,522,beta_alanine,V,Bigjoy Beta Alanine Powder Aromasız 300 gram
MOVE,8865,711,493,whey,-,Bigjoy BigWhey Classic Whey Protein Hindistan Cevizi&Vanilya 915 gram
MOVE,8866,711,493,whey,V,Bigjoy BigWhey Classic Whey Protein Hindistan Cevizi&Vanilya 2196 gram
MOVE,8867,711,493,whey,-,Bigjoy BigWhey Classic Whey Protein Fıstıklı Dondurma 990 gram
MOVE,8868,711,493,whey,V,Bigjoy BigWhey Classic Whey Protein Çikolata 1020 gram
MOVE,8869,711,493,whey,-,Bigjoy BigWhey Classic Whey Protein Çilek 2376 gram
MOVE,8870,711,493,whey,V,Bigjoy BigWhey Classic Whey Protein Çikolata 2448 gram
MOVE,8876,711,523,citrulline,-,Bigjoy Citrulline Powder Aromasız 300 gram
MOVE,8878,711,543,protein_bar,-,Bigjoy Classic High Protein Bar Brownie 16 Adet x 45 gram
MOVE,8879,711,543,protein_bar,V,Bigjoy Classic High Protein Bar Cookie Cream 45 gram
MOVE,8890,711,530,joint,V,Bigjoy Glucosamine Chon. With MSM 90 Tablet
MOVE,8897,711,494,isolate,-,Bigjoy Iso Clear Whey Isolate Ice Tea Şeftali 480 gram
MOVE,8898,711,494,isolate,V,Bigjoy Iso Clear Whey Isolate Ice Tea Şeftali 960 gram
MOVE,8899,711,494,isolate,-,Bigjoy İsoPro Whey İsolate Çikolata 1098 gram
MOVE,8900,711,494,isolate,-,Bigjoy İsoPro Whey İsolate Bisküvi 1020 gram
MOVE,8901,711,733,carnitine_liquid,V,Bigjoy L-Carnitine Likit Çilek 1000 ml.
MOVE,8902,711,507,gainer,-,Bigjoy Mass Attack Çikolata 3000 gram
MOVE,8904,711,518,preworkout,V,Bigjoy NoxOne Pre-Workout Orman Meyveli 442 gram
MOVE,8912,711,500,bcaa,-,Bigjoy Sports On The Go Bcaa Plus Orman Meyveli 20 gram
MOVE,8913,711,500,bcaa,-,Bigjoy Sports On The Go Bcaa Plus Orman Meyveli 20 Adet x 20 gram
MOVE,8914,711,524,electrolyte,-,Bigjoy Sports On The Go Electrolyte Limon 8 Tüp x 20 Tablet
MOVE,8915,711,524,electrolyte,-,Bigjoy Sports On The Go Electrolyte Orman Meyveli 20 Efervesan Tablet
MOVE,8916,711,528,magnesium,V,Bigjoy Sports On The Go Magnesium Portakal 20 Shot x 25 ml.
MOVE,8917,711,528,magnesium,-,Bigjoy Sports On The Go Magnesium Portakal 25 ml.
MOVE,8918,711,518,preworkout,V,Bigjoy Sports On The Go Pre-Workout Orman Meyveli 20 Adet x 15 gram
MOVE,8919,711,518,preworkout,V,Bigjoy Sports On The Go Pre-Workout Orman Meyveli 450 gram
MOVE,8920,711,518,preworkout,-,Bigjoy Sports On The Go Pre-Workout Orman Meyveli 15 gram
MOVE,8923,711,493,whey,V,Bigjoy Sports On The Go Whey+Plus Çikolata 756 gram
MOVE,8924,711,493,whey,V,Bigjoy Sports On The Go Whey+Plus Ananas 693 gram
MOVE,8926,711,512,thermogenic,-,Bigjoy Thermonator Şeftali 1000 ml.
MOVE,8927,711,512,thermogenic,V,Bigjoy Thermonator Portakal 20 Adet x 40 ml.
MOVE,8928,711,512,thermogenic,V,Bigjoy Thermonator Ripped 120 Kapsül
MOVE,8929,711,521,tribulus,V,Bigjoy Tribulus GRW 120 Kapsül
MOVE,8933,711,528,magnesium,-,Bigjoy Vitamins Calcium Magnesium Zinc 90 Tablet
MOVE,8934,711,541,q10,V,Bigjoy Vitamins Coenzyme Q10 30 Kapsül
MOVE,8936,711,742,multivitamin,-,Bigjoy Vitamins Hair Vitamins & Multivitamin Yaban Mersini 60 Gummy
MOVE,8938,711,528,magnesium,V,Bigjoy Vitamins Magnesıum Multiform 60 Tablet
MOVE,8940,711,742,multivitamin,V,Bigjoy Vitamins Mens Multivitamin 30 Kapsül
MOVE,8941,711,529,omega3,V,Bigjoy Vitamins Omega 3 60 Softjel
MOVE,8942,711,526,vitamin,-,Bigjoy Vitamins Vitamin C Plus Portakal 16 Tüp x 20 Efervesan Tablet
MOVE,8943,711,526,vitamin,V,Bigjoy Vitamins Vitamin C Plus Portakal 20 Efervesan Tablet
MOVE,8944,711,526,vitamin,V,Bigjoy Vitamins Vitamin D3 1000 iu 100 Tablet
MOVE,8946,711,742,multivitamin,V,Bigjoy Vitamins Womens Multivitamin 30 Kapsül
MOVE,8947,711,527,zma,V,Bigjoy ZMA 120 Kapsül
MOVE,8948,711,548,protein_snack,-,Bite & More Cocoa Protein Pancake Blueberries 12 Adet x 50 gram
MOVE,8949,711,548,protein_snack,-,Bite & More Cocoa Protein Pancake Speculoos 12 Adet x 50 gram
MOVE,8950,711,548,protein_snack,-,Bite & More Cocoa Protein Pancake Double Çikolata 12 Adet x 50 gram
MOVE,8951,711,548,protein_snack,-,Bite & More Cocoa Protein Pancake Cookie Cream 50 gram
MOVE,8952,711,548,protein_snack,-,Bite & More Cocoa Protein Pancake Blueberries 50 gram
MOVE,8953,711,548,protein_snack,-,Bite & More Cocoa Protein Pancake Speculoos 50 gram
MOVE,8954,711,548,protein_snack,-,Bite & More Cocoa Protein Pancake Double Çikolata 50 gram
MOVE,8955,711,548,protein_snack,-,Bite & More Cocoa Protein Pancake Cookie Cream 12 Adet x 50 gram
MOVE,8956,711,510,carnitine,-,Bite & More L-Carnitine Coffee 12 gram
MOVE,8957,711,510,carnitine,V,Bite & More L-Carnitine Coffee 10 Adet x 12 gram
MOVE,8958,711,548,protein_snack,-,Bite & More Limited Edition Protein Pancake Red Velvet 50 gram
MOVE,8959,711,548,protein_snack,V,Bite & More Limited Edition Protein Pancake Red Velvet 12 Adet x 50 gram
MOVE,8968,711,548,protein_snack,-,Bite & More Protein Pancake Pistachio Cream 12 Adet x 50 gram
MOVE,8969,711,548,protein_snack,-,Bite & More Protein Pancake Çikolata 12 Adet x 50 gram
MOVE,8970,711,548,protein_snack,-,Bite & More Protein Pancake Caramel Cream 50 gram
MOVE,8971,711,548,protein_snack,-,Bite & More Protein Pancake Vanilla Cream 50 gram
MOVE,8972,711,548,protein_snack,-,Bite & More Protein Pancake Strawberry Cream 50 gram
MOVE,8973,711,548,protein_snack,-,Bite & More Protein Pancake Çikolata 50 gram
MOVE,8974,711,548,protein_snack,-,Bite & More Protein Pancake Caramel Cream 12 Adet x 50 gram
MOVE,8975,711,548,protein_snack,-,Bite & More Protein Pancake Vanilla Cream 12 Adet x 50 gram
MOVE,8976,711,548,protein_snack,-,Bite & More Protein Pancake Pistachio Cream 50 gram
MOVE,8977,711,548,protein_snack,V,Bite & More Protein Pancake Strawberry Cream 12 Adet x 50 gram
MOVE,8978,711,548,protein_snack,-,Bite & More Protein Waffle Fındık 55 gram
MOVE,8979,711,548,protein_snack,-,Bite & More Protein Waffle Çikolata 55 gram
MOVE,8980,711,548,protein_snack,-,Bite & More Protein Waffle Tiramisu 12 Adet x 55 Gram
MOVE,8981,711,548,protein_snack,-,Bite & More Protein Waffle Vişne 12 Adet x 55 Gram
MOVE,8982,711,548,protein_snack,-,Bite & More Protein Waffle Fındık 12 Adet x 55 Gram
MOVE,8983,711,548,protein_snack,-,Bite & More Protein Waffle Çikolata 12 Adet x 50 gram
MOVE,8984,711,548,protein_snack,-,Bite & More Protein Waffle Tiramisu 55 gram
MOVE,8985,711,548,protein_snack,-,Bite & More Protein Waffle Vişne 55 gram
MOVE,8986,711,546,rice_cake,-,Bite & More Rice Cake Milk Chocolate Coated 24 Adet x 18 gram
MOVE,8987,711,546,rice_cake,-,Bite & More Rice Cake Milk Chocolate Coated 18 gram
MOVE,8988,711,370,creatine,V,Dy Nutrition Creatine Aromasız 300 gram
MOVE,8989,711,502,eaa,V,Dy Nutrition Hit Eaa Amino Acid Complex Kan Portakalı 360 gram
MOVE,8990,711,494,isolate,-,Dymatize İso100 Isolate Proteın Çikolata 932 gram
MOVE,8991,711,494,isolate,-,Dymatize İso100 Isolate Proteın Çikolata 2264 gram
MOVE,8993,711,526,vitamin,V,Effive Nutrition B Complex 60 Tablet
MOVE,8995,711,511,cla,-,Effive Nutrition CLA 1000 99 Softgel
MOVE,8996,711,370,creatine,V,Effive Nutrition Crea1500 Kreatin Kapsül Aromasız 120 Kapsül
MOVE,8997,711,530,joint,V,Effive Nutrition Glucosamine MSM Chondroitin 90 Tablet
MOVE,8999,711,526,vitamin,-,Effive Nutrition Multi1250 Vitamin & Mineral 120 Tablet
MOVE,9000,711,529,omega3,-,Effive Nutrition Omega 3  120 Softgel
MOVE,9002,711,527,zma,-,Effive Nutrition ZMA 120 Kapsül
MOVE,9003,711,543,protein_bar,-,Enervit Low Sugar Protein Bar Lemon Cake 30 Adet x 48 gram
MOVE,9004,711,543,protein_bar,-,Enervit Low Sugar Protein Bar Dark Chocolate 25 Adet x 60 gram
MOVE,9005,711,543,protein_bar,V,Enervit Low Sugar Protein Bar Kurabiye 55 gram
MOVE,9006,711,543,protein_bar,V,Enervit Low Sugar Protein Bar Dark Chocolate 60 gram
MOVE,9007,711,543,protein_bar,-,Enervit Low Sugar Protein Bar Kurabiye 25 Adet x 55 gram
MOVE,9008,711,543,protein_bar,V,Enervit Low Sugar Protein Bar Lemon Cake 48 gram
MOVE,9009,711,500,bcaa,-,Fa Nutrition Ice Bcaa Icy Citrus & Peach 375 gram
MOVE,9010,711,518,preworkout,V,Fa Nutrition Ice Pump Pre Workout Icy Citrus & Peach 463 gram
MOVE,9011,711,518,preworkout,V,Fa Nutrition Ice Pump Pre Workout Icy Citrus & Peach 18.5 gr.
MOVE,9012,711,518,preworkout,V,Fa Nutrition Ice Pump Pre Workout Sample Box Icy Citrus & Peach 10 Adet x 18.5 gram
MOVE,9015,711,543,protein_bar,-,Fit Bites Protein Bar Muz 50 gram
MOVE,9018,711,500,bcaa,-,Grenade BCAA Şeftali & Armut 390 gram
MOVE,9020,711,543,protein_bar,-,Grenade Carb Killa Protein Bar White Chocolate Cookie 60 gram
MOVE,9021,711,543,protein_bar,-,Grenade Carb Killa Protein Bar White Chocolate Cookie 12 Adet x 60 gram
MOVE,9022,711,518,preworkout,-,Grenade Pre-Workout Cherry Bomb 330 gram
MOVE,9023,711,518,preworkout,-,Grenade Pre-Workout Berried Alive 330 gram
MOVE,9025,711,493,whey,-,Grenade Whey Protein  Fudge  2000 gram
MOVE,9026,711,493,whey,-,Grenade Whey Protein  Fudge  480 gram
MOVE,9030,711,502,eaa,-,Hardline Amino9 EAA-NGRY Yeşil Elma&Limon 390 gram
MOVE,9034,711,503,arginine,V,Hardline Arginine Fusion Portakal 130 gram
MOVE,9035,711,503,arginine,-,Hardline Arginine Liquid Yeşil Elma 1000 ml.
MOVE,9037,711,500,bcaa,-,Hardline Bcaa 4:1:1 Aromasız 300 gram
MOVE,9038,711,500,bcaa,V,Hardline BCAA Fusion Çilek 525 gram
MOVE,9039,711,500,bcaa,V,Hardline BCAA Matrix Böğürtlen 630 gram
MOVE,9040,711,500,bcaa,V,Hardline Bcaa Matrix 40S Yeşil Elma 600 gram
MOVE,9041,711,500,bcaa,V,Hardline Bcaa+Glutamine Yeşil Elma 115 gram
MOVE,9045,711,737,carb_powder,V,Hardline Carbopure Aromasız 2000 gram
MOVE,9046,711,737,carb_powder,V,Hardline Carbopure Aromasız 4000 gram
MOVE,9049,711,511,cla,V,Hardline CLA One 1000 Mg. 100 Jel Kapsül
MOVE,9050,711,540,collagen,-,Hardline Collagen Sports Vişne 340 gram
MOVE,9051,711,514,creatine_mono,V,Hardline Creatine Creapure® 120 Kapsül
MOVE,9052,711,514,creatine_mono,-,Hardline Creatine Creapure® Aromasız 250 gram
MOVE,9053,711,514,creatine_mono,-,Hardline Creatine Creapure® 500 gram
MOVE,9054,711,370,creatine,-,Hardline Creatine Micronized Yeşil Elma 324 gram
MOVE,9055,711,370,creatine,V,Hardline Creatine Micronized Portakal 336 gram
MOVE,9056,711,530,joint,V,Hardline Glucosamine Chondroitin MSM 120 Tablet
MOVE,9057,711,530,joint,V,Hardline Glucosamine MSM 120 Tablet
MOVE,9063,711,494,isolate,-,Hardline Hipro İsoWhey Protein Çikolata 1800 gram
MOVE,9064,711,494,isolate,-,Hardline Hipro İsoWhey Protein Çikolata 908 gram
MOVE,9067,711,516,creatine_micronized,V,Hardline Kreatin Mikronize Aromasız 120 gram
MOVE,9068,711,516,creatine_micronized,V,Hardline Kreatin Mikronize Aromasız 300 gram
MOVE,9069,711,733,carnitine_liquid,V,Hardline L-Karnitin Matrix Limon 7 Shot x 30ml.
MOVE,9070,711,733,carnitine_liquid,V,Hardline L-Karnitin Matrix  Limon 20 Shot x 30ml.
MOVE,9071,711,733,carnitine_liquid,V,Hardline L-Karnitin Sıvı Limon 1000 ml.
MOVE,9076,711,529,omega3,-,Hardline Omega 3 160 Kapsül
MOVE,9080,711,507,gainer,-,Hardline Progainer Muz 3000 gram
MOVE,9081,711,507,gainer,V,Hardline Progainer Çilek 5000 gram
MOVE,9082,711,507,gainer,-,Hardline Progainer Saşe Çikolata 17 Adet x 100 gr.
MOVE,9083,711,507,gainer,-,Hardline Progainer Saşe Mix 51 Adet x 100 gr.
MOVE,9084,711,528,magnesium,-,Hardline Sıvı Magnesium Liquid 250 mg. Ananas 1 Shot x 30 ml.
MOVE,9085,711,528,magnesium,V,Hardline Sıvı Magnesium Liquid 250 mg. Ananas 20 Shot x 30 ml.
MOVE,9087,711,733,carnitine_liquid,-,Hardline Thermo L-Karnitin Sıvı Şeftali 1000 ml.
MOVE,9088,711,521,tribulus,V,Hardline Tribulus Terrestris 100 Kapsül
MOVE,9089,711,526,vitamin,V,Hardline Vitamin Mineral 120 Tablet
MOVE,9090,711,498,plant_protein,-,Hardline Vmax Bitkisel Protein Çikolata 2000 gram
MOVE,9091,711,498,plant_protein,-,Hardline Vmax Bitkisel Protein Çikolata 908 gram
MOVE,9092,711,493,whey,-,Hardline Whey 3 Matrix Çilek 26 Şase x 30 gr. (780 gr.)
MOVE,9093,711,493,whey,-,Hardline Whey 3 Matrix Kurabiye 2300 gram
MOVE,9094,711,493,whey,-,Hardline Whey 3 Matrix Muz 908 gram
MOVE,9095,711,493,whey,-,Hardline Whey 3 Matrix Çilek 30 gram
MOVE,9096,711,527,zma,V,Hardline ZMA 180 Kapsül
MOVE,9097,711,526,vitamin,V,Herbina Biotin 5000mcg 30 Tablet
MOVE,9099,711,540,collagen,V,Herbina Collagen Type 1/3 60 Tablet
MOVE,9100,711,526,vitamin,V,Herbina EfferWell C Vitamini 1000mg 105 gram
MOVE,9102,711,510,carnitine,V,Herbina L-Carnitine Coffee 12 Paket x 10 gr.
MOVE,9103,711,510,carnitine,V,Herbina L-Carnitine Coffee 10 gram
MOVE,9104,711,528,magnesium,V,Herbina Magnezyum Complex 120 Kapsül
MOVE,9105,711,528,magnesium,V,Herbina Magnezyum Sitrat 120 Tablet
MOVE,9109,711,540,collagen,-,Herbina Tip 1-2-3 Kolajen Kivi 11 gram
MOVE,9110,711,540,collagen,-,Herbina Tip 1-2-3 Kolajen Kivi 30 Adet x 11 gr.
MOVE,9111,711,526,vitamin,-,Herbina Vitamin D3K2 20 ml.
MOVE,9140,711,1070,personal_care,-,Jofit Sporcu Antrenman Havlu 30x85 cm. Krem & Fuşya
MOVE,9148,711,370,creatine,-,Kevin Levrone Gold Creatine Aromasız 300 gram
MOVE,9149,711,370,creatine,-,Kevin Levrone Gold Creatine Chews Blue Raspberry 120 Tablet
MOVE,9150,711,501,glutamine,-,Kevin Levrone Gold Glutamine Aromasız 300 gram
MOVE,9151,711,521,tribulus,V,Kevin Levrone Gold Tribulus 90 Tablet
MOVE,9152,711,507,gainer,-,Kevin Levrone Levro Legendary Mass Çikolata 3000 gram
MOVE,9153,711,518,preworkout,V,Kevin Levrone Shaaboom Pump Pre-Workout Dragon Fruit 385 gram
MOVE,9154,711,737,carb_powder,-,Mealjoy Cream Of Rice Karamelize Bisküvi 1000 gram
MOVE,9155,711,737,carb_powder,-,Mealjoy Cream Of Rice Vanilya 1000 gram
MOVE,9156,711,737,carb_powder,-,Mealjoy Cream Of Rice Çikolata 1000 gram
MOVE,9159,711,544,nut_butter,-,Mealjoy Proteinli Fıstık Ezmesi Kakao 320 gram
MOVE,9160,711,544,nut_butter,-,Mealjoy Proteinli Fıstık Ezmesi Bisküvi 320 gram
MOVE,9161,711,544,nut_butter,-,Mealjoy Proteinli Fıstık Ezmesi 320 gram
MOVE,9164,711,548,protein_snack,-,Mealjoy Yüksek Proteinli Pankek & Waffle Çikolata 600 gram
MOVE,9165,711,548,protein_snack,-,Mealjoy Yüksek Proteinli Pankek & Waffle Vanilya 600 gram
MOVE,9166,711,548,protein_snack,-,Mealjoy Yüksek Proteinli Puding Çikolata 500 gram
MOVE,9170,711,548,protein_snack,-,Mr. Snack Protein Cookie Double Çikolata 50 gram
MOVE,9171,711,548,protein_snack,-,Mr. Snack Protein Cookie Pistachio & Chocolate 10 Adet x 50 gram
MOVE,9172,711,548,protein_snack,-,Mr. Snack Protein Cookie Banana & Chocolate 10 Adet x 50 gram
MOVE,9173,711,548,protein_snack,-,Mr. Snack Protein Cookie Double Çikolata 10 Adet x 50 gram
MOVE,9174,711,548,protein_snack,-,Mr. Snack Protein Cookie Coffee & Chocolate 10 Adet x 50 gram
MOVE,9175,711,548,protein_snack,-,Mr. Snack Protein Cookie Pistachio & Chocolate 50 gram
MOVE,9176,711,548,protein_snack,-,Mr. Snack Protein Cookie Banana & Chocolate 50 gram
MOVE,9177,711,548,protein_snack,-,Mr. Snack Protein Cookie Coffee & Chocolate 50 gram
MOVE,9178,711,543,protein_bar,-,Multipower %50 Protein Bar Hindistan Cevizli 50 gram
MOVE,9179,711,543,protein_bar,-,Multipower %50 Protein Bar Hindistan Cevizli 20 Adet x 50 gram
MOVE,9180,711,500,bcaa,-,Multipower BCAA Powder 2:1:1 Kiraz 400 gram
MOVE,9181,711,370,creatine,-,Multipower Creatine Powder 500 gram
MOVE,9182,711,733,carnitine_liquid,V,Multipower L-Carnitine 1800 Mg Şeftali 20 Shot x 25 ml.
MOVE,9183,711,501,glutamine,V,Multipower L-Glutamine 500 gram
MOVE,9186,711,543,protein_bar,V,Multipower Protein Delight Protein Bar Dark Chocolate Mocha 35 gram
MOVE,9187,711,543,protein_bar,V,Multipower Protein Delight Protein Bar Dark Chocolate Mocha 18 Adet x 35 gram
MOVE,9188,711,543,protein_bar,-,Multipower Protein Layer Protein Bar Yer Fıstığı & Karamel 18 Adet x 50 gr.
MOVE,9189,711,543,protein_bar,-,Multipower Protein Layer Protein Bar Beyaz Çikolata & Çilek 50 gram
MOVE,9190,711,505,amino_complex,V,Multipower Whey Amino 3400  300 Tablet
MOVE,9191,711,494,isolate,V,Multipower Whey İsolate  Çikolata 900 gram
MOVE,9192,711,494,isolate,-,Multipower Whey İsolate  Çikolata 2000 gram
MOVE,9193,711,493,whey,-,Multipower Whey Protein Shake Kurabiye & Krema 2000 gram
MOVE,9194,711,493,whey,-,Multipower Whey Protein Shake Çikolata 900 gram
MOVE,9195,711,518,preworkout,-,Nuclear Nutrition Ignıter Pre-Workout Fruit Massage 438 gram
MOVE,9196,711,370,creatine,-,Nuclear Nutrition Synthesis Multi Creatine Complex Tropikal 300 gram
MOVE,9197,711,493,whey,V,Nutrend %100 Whey Protein Çikolata Browni  1000 gram
MOVE,9198,711,370,creatine,V,Nutrend Creatine Monohydrate  Aromasız 300 gram
MOVE,9199,711,501,glutamine,V,Nutrend Glutamine Aromasız 300 gram
MOVE,9200,711,495,casein,V,Nutrend Micellar Casein Çikolata 900 gram
MOVE,9201,711,493,whey,-,Nutrend Whey Core Çikolata 900 gram
MOVE,9202,711,494,isolate,-,Nutrend Whey Isolate Çikolata Browni  2250 gram
MOVE,9203,711,381,water_bottle,V,Nutrend Winning Energy Suluk 1000 ml.
MOVE,9205,711,505,amino_complex,-,Nutrever Whey Amino  300 Tablet
MOVE,9206,711,543,protein_bar,V,Nutrever Xtreme Protein Bar  Kurabiye & Krema 50 gram
MOVE,9207,711,543,protein_bar,V,Nutrever Xtreme Protein Bar  Kurabiye & Krema 24 Adet x 50 gram
MOVE,9209,711,503,arginine,V,Olimp ArgiPower Mega Caps Arginine 120 Kapsül
MOVE,9210,711,500,bcaa,-,Olimp Bcaa 20.1.1 Xplode Kola 200 gram
MOVE,9211,711,500,bcaa,V,Olimp Bcaa Xplode Kola 500 gram
MOVE,9212,711,737,carb_powder,V,Olimp Carbonox Ananas 1000 gram
MOVE,9214,711,370,creatine,V,Olimp Creatine Monohydrate Powder 250 gram
MOVE,9217,711,530,joint,V,Olimp Glucosamine Plus  60 Kapsül
MOVE,9219,711,733,carnitine_liquid,-,Olimp L-Carnitine 3000 Kiraz 20 Shot
MOVE,9220,711,494,isolate,-,Olimp Pure Whey Protein Isolate Çikolata 1800 gram
MOVE,9222,711,370,creatine,V,Olimp Rocky Athletes Creatine Citrus Lemonade 200 gram
MOVE,9223,711,501,glutamine,V,Olimp Rocky Athletes L-Glutamine 250 gram
MOVE,9224,711,512,thermogenic,V,Olimp Thermo Speed Xtreme  120 Kapsül
MOVE,9227,711,493,whey,-,Olimp Whey Protein Complex Çilek 1800 gram
MOVE,9228,711,493,whey,-,Olimp Whey Protein Complex Çikolata 700 gram
MOVE,9229,711,528,magnesium,-,ONTHEGO Magnesium Night Time Formula 60 Kapsül
MOVE,9231,711,370,creatine,-,Optimum Nutrition Creatine Aromasız 317 gram
MOVE,9233,711,500,bcaa,-,Optimum Nutrition Gold Standard Bcaa Çilek Kivi 266 gram
MOVE,9234,711,495,casein,-,Optimum Nutrition Gold Standard Casein Protein Çikolata 924 gram
MOVE,9235,711,494,isolate,-,Optimum Nutrition Gold Standard İsolate Çikolata 930 gram
MOVE,9236,711,498,plant_protein,V,Optimum Nutrition Gold Standard Plant Protein Double Rich Chocolate 684 gram
MOVE,9237,711,493,whey,-,Optimum Nutrition Gold Standard Whey Protein Çikolata 31 gram
MOVE,9238,711,493,whey,-,Optimum Nutrition Gold Standard Whey Protein Çilek 900 gram
MOVE,9239,711,493,whey,-,Optimum Nutrition Gold Standard Whey Protein Çikolata 24 Adet x 31 gram
MOVE,9240,711,493,whey,-,Optimum Nutrition Gold Standard Whey Protein Çikolata 899 gram
MOVE,9241,711,493,whey,V,Optimum Nutrition Gold Standard Whey Protein Çikolata 2260 gram
MOVE,9242,711,493,whey,-,Optimum Nutrition Gold Standard Whey Protein Çilek 2280 gram
MOVE,9243,711,493,whey,-,Optimum Nutrition Gold Standard Whey Protein Çikolata 465 gram
MOVE,9244,711,493,whey,-,Optimum Nutrition Gold Standard Whey Protein Kurabiye & Krema 2270 gram
MOVE,9245,711,493,whey,-,Optimum Nutrition Gold Standard Whey Protein Kurabiye & Krema 896 gram
MOVE,9246,711,742,multivitamin,-,Optimum Nutrition Opti-Men 90 Tablet
MOVE,9247,711,742,multivitamin,-,Optimum Nutrition Opti-Women 60 Kapsül
MOVE,9249,711,507,gainer,-,Optimum Nutrition Serious Mass Muz 5450 gram
MOVE,9250,711,507,gainer,-,Optimum Nutrition Serious Mass Çilek 2730 gram
MOVE,9251,711,544,nut_butter,V,Prime Nutrition %100 Peanut Butter Yer Fıstığı 350 gram
MOVE,9252,711,500,bcaa,V,Prime Nutrition BCAA 2:1:1 Cool Lime 24 Adet x 10 gram
MOVE,9253,711,500,bcaa,V,Prime Nutrition BCAA 2:1:1 Karpuz&Çilek 24 Adet x 10 gram
MOVE,9254,711,500,bcaa,V,Prime Nutrition BCAA 2:1:1 Karpuz&Çilek 10 gram
MOVE,9255,711,500,bcaa,V,Prime Nutrition BCAA 2:1:1 Cool Lime 10 gram
MOVE,9256,711,500,bcaa,V,Prime Nutrition BCAA 2:1:1 Karpuz&Çilek 420 gram
MOVE,9257,711,500,bcaa,V,Prime Nutrition BCAA 2:1:1 Cool Lime 420 gram
MOVE,9260,711,737,carb_powder,V,Prime Nutrition Cream Of Rice Red Fruit 750 gram
MOVE,9261,711,737,carb_powder,V,Prime Nutrition Cream Of Rice Vanilya 750 gram
MOVE,9262,711,737,carb_powder,V,Prime Nutrition Cream Of Rice Kurabiye 750 gram
MOVE,9263,711,737,carb_powder,V,Prime Nutrition Cream Of Rice Muz 750 gram
MOVE,9264,711,737,carb_powder,V,Prime Nutrition Cream Of Rice Çikolata 750 gram
MOVE,9265,711,370,creatine,V,Prime Nutrition Creatine Yeşil Elma 6 gram
MOVE,9266,711,370,creatine,-,Prime Nutrition Creatine Yeşil Elma 420 gram
MOVE,9267,711,370,creatine,V,Prime Nutrition Creatine Aromasız 303 gram
MOVE,9268,711,370,creatine,V,Prime Nutrition Creatine Yeşil Elma 24 Adet x 6 gram
MOVE,9271,711,503,arginine,V,Prime Nutrition L-Arginine Portakal 8 gram
MOVE,9272,711,503,arginine,V,Prime Nutrition L-Arginine Portakal 400 gram
MOVE,9273,711,503,arginine,V,Prime Nutrition L-Arginine Aromasız 300 gram
MOVE,9274,711,503,arginine,V,Prime Nutrition L-Arginine Aromasız 125 gram
MOVE,9275,711,503,arginine,-,Prime Nutrition L-Arginine Portakal 24 Adet x 8 gram
MOVE,9276,711,501,glutamine,V,Prime Nutrition L-Glutamine Mango&Ananas 6 gram
MOVE,9277,711,501,glutamine,V,Prime Nutrition L-Glutamine Mango&Ananas 420 gram
MOVE,9278,711,501,glutamine,-,Prime Nutrition L-Glutamine Aromasız 300 gram
MOVE,9279,711,501,glutamine,V,Prime Nutrition L-Glutamine Aromasız 125 gram
MOVE,9280,711,501,glutamine,V,Prime Nutrition L-Glutamine Mango&Ananas 24 Adet x 6 gram
MOVE,9281,711,381,water_bottle,-,Prime Nutrition Matara 600 ml.
MOVE,9283,711,518,preworkout,-,Prime Nutrition Optimus Pre-Workout Red Fruit 420 gram
MOVE,9284,711,518,preworkout,V,Prime Nutrition Optimus Pre-Workout Blue Raspberry 490 gram
MOVE,9297,711,493,whey,-,Prime Nutrition Whey Protein Double Chocolate 2310 gram
MOVE,9300,711,493,whey,-,Prime Nutrition Whey Protein Double Chocolate 33 gram
MOVE,9301,711,493,whey,-,Prime Nutrition Whey Protein Sachet Mix 3 Adet x 33 gram
MOVE,9302,711,493,whey,-,Prime Nutrition Whey Protein Sachet Mix 66 Adet x 33 gram
MOVE,9303,711,493,whey,-,Prime Nutrition Whey Protein Sachet Cookie & Ice Cream 15 Adet x 33 gram
MOVE,9304,711,493,whey,V,Prime Nutrition Whey Protein Sachet Strawberry Cream 15 Adet x 33 gram
MOVE,9305,711,493,whey,-,Prime Nutrition Whey Protein Sachet Double Chocolate 15 Adet x 33 gram
MOVE,9311,711,548,protein_snack,V,Qnt Protein Wafer Belçika Çikolatası 12 Adet x 35 gram
MOVE,9312,711,548,protein_snack,-,Qnt Protein Wafer Belçika Çikolatası 35 gram
MOVE,9313,711,493,whey,-,Rule1 Whey Blend Chocolate Fudge 910 gram
MOVE,9315,711,501,glutamine,V,S4U Strike Series Glutamine Aromasız 300 gram
MOVE,9317,711,520,energy_gel,-,Sis Go Energy + Caffeine Gel Double Espresso 30 adet x 60 ml.
MOVE,9318,711,520,energy_gel,V,Sis Go Energy + Caffeine Gel Double Espresso 60 ml.
MOVE,9319,711,520,energy_gel,-,Sis Go Energy + Electrolyte Gel Ahududu 60 ml.
MOVE,9320,711,520,energy_gel,-,Sis Go Energy + Electrolyte Gel Ahududu 30 adet x 60 ml.
MOVE,9321,711,520,energy_gel,-,Sis Go İsotonic Energy Gel Elma 30 adet x 60 ml.
MOVE,9322,711,520,energy_gel,-,Sis Go İsotonic Energy Gel Elma 60 ml.
MOVE,9323,711,543,protein_bar,V,SNCK Protein Bar Caramel Pop 12 Adet x 55 Gram
MOVE,9324,711,543,protein_bar,-,SNCK Protein Bar Choco Shot 55 gram
MOVE,9325,711,543,protein_bar,V,SNCK Protein Bar Caramel Pop 55 gram
MOVE,9326,711,543,protein_bar,V,SNCK Protein Bar Choco Shot 12 Adet x 55 Gram
MOVE,9330,711,502,eaa,-,Trec Nutrition Amino EAA High Speed Elma 300 gram
MOVE,9331,711,370,creatine,-,Trec Nutrition Boogie Creatine Tropikal Meyve 300 gram
MOVE,9332,711,370,creatine,-,Trec Nutrition Creatine %100 Aromasız 300 gram
MOVE,9333,711,742,multivitamin,-,Trec Nutrition Multipack - Multivitamin 60 Kapsül
MOVE,9334,711,507,gainer,V,Trec Nutrition Solid Mass Çilek 3000 gram
MOVE,9335,711,543,protein_bar,-,Trio Move %33 Fit Protein Bar Hibiskus 50 gram
MOVE,9336,711,543,protein_bar,-,Trio Move %33 Fit Protein Bar Matcha 9 Adet x 50 gram
MOVE,9337,711,543,protein_bar,-,Trio Move %33 Protein Bar Çilek 9 Adet x 50 gram
MOVE,9338,711,543,protein_bar,-,Trio Move %33 Protein Bar Muz 50 gram
MOVE,9339,711,543,protein_bar,-,Trio Move %33 Protein Bar Parçacıklı Antep Fıstıklı 9 Adet x 50 gram
MOVE,9340,711,543,protein_bar,-,Trio Move %33 Protein Bar Parçacıklı Fındık 50 gram
MOVE,9341,711,543,protein_bar,-,Trio Move %33 Protein Bar Parçacıklı Antep Fıstıklı 50 gram
MOVE,9342,711,543,protein_bar,-,Trio Move %33 Protein Bar Parçacıklı Fındık 9 Adet x 50 gram
MOVE,9345,711,370,creatine,-,Universal Animal Creatine Powder Aromasız 300 gram
MOVE,9346,711,518,preworkout,-,Universal Animal Primal Pre-Workout Karpuz&Çilek 507.5 gram
MOVE,9348,711,737,carb_powder,-,Vitargo Carboloader Yaz Meyveleri 700 gram
MOVE,9349,711,524,electrolyte,-,Vitargo Electrolyte Limon 2000 gram
MOVE,9350,711,524,electrolyte,-,Vitargo Electrolyte Limon 1000 gram
MOVE,9351,711,494,isolate,V,Z-Konzept Nutrition Whey İsolate Çikolata 1800 gram
MOVE,9352,711,494,isolate,V,Z-Konzept Nutrition Whey İsolate Çikolata 900 gram
MOVE,9353,711,370,creatine,V,Zoomad Labs Creatine Monohydrate Aromasız 300 gram
MOVE,9355,711,518,preworkout,V,Zoomad Labs Moons Truck Pre-Workout Candy Coke 510 gram
MOVE,9361,711,500,bcaa,-,Bigjoy Big2 Bcaa+Glutamine Vişne 600 gram
MOVE,9367,711,512,thermogenic,V,Grenade Thermo Detonator 100 Kapsül
MOVE,9368,711,503,arginine,V,Hardline Arginine Fusion Portakal 650 gram
MOVE,9369,711,522,beta_alanine,-,Hardline Beta Alanin 300 gram
MOVE,9370,711,523,citrulline,-,Hardline Citrulline Aromasız 300 gram
MOVE,9374,711,500,bcaa,V,Nutrend Compress BCAA 4:1:1 Portakal 500 gram
MOVE,9375,711,733,carnitine_liquid,V,Nutrend L-Carnitine Shot 3000 mg. Portakal 20 Ampül
MOVE,9376,711,733,carnitine_liquid,V,Nutrever L-Carnitine 3000 Liquid Şeftali 20 Ampül
MOVE,9377,711,494,isolate,V,Nutrever Whey İsolate Protein Çikolata 900 gram
MOVE,9378,711,494,isolate,V,Nutrever Whey İsolate Protein Çikolata 1800 gram
MOVE,9379,711,522,beta_alanine,V,Olimp Beta Alanin Mega Caps. 80 Tablet
MOVE,9380,711,529,omega3,V,Olimp Gold Omega Sport Edition 120 Kapsül
MOVE,9383,711,733,carnitine_liquid,-,ZeroShot L-Carnitine 3000 mg. Portakal 12 Shot x 60 ml.
MOVE,9385,711,493,whey,-,Applied Clear Whey Protein Çilek Ahududu 875 Gr
MOVE,9386,711,493,whey,-,Applied Critical Whey Protein Chocolate Milkshake 2000 Gr
MOVE,9387,711,520,energy_gel,V,Applied Endurance Isotonic Energy Gel 60 gr Energy Burst 1 Adet
MOVE,9388,711,520,energy_gel,V,Applied Endurance Isotonic Energy Gel 60 gr Energy Burst 20 Adet
MOVE,9389,711,520,energy_gel,V,Applied Endurance Sprint Energy Gel Caffeine 60 gr Energy Burst 20 Adet
MOVE,9390,711,520,energy_gel,V,Applied Endurance Sprint Energy Gel Caffeine 60 gr Energy Burst 1 Adet
MOVE,9391,711,494,isolate,V,Applied Iso XP Whey Protein Isolate Coffee Latte 1800 Gr
MOVE,9392,711,381,water_bottle,V,Applied Lifestyle Sports Water Bottle Blue  1000 ml
MOVE,9393,711,742,multivitamin,V,Argivit Focus Multivitamin Şurup  150 ml
MOVE,9394,711,526,kids_vitamin,V,Atavit Kids Good Night Gummies  60 Adet
MOVE,9395,711,526,kids_vitamin,V,Atavit Kids Iron Gummies  60 Adet
MOVE,9396,711,526,kids_vitamin,V,Atavit Kids K2D3 Magnezyum Gummies  60 Adet
MOVE,9397,711,526,kids_vitamin,V,Atavit Kids L-Arjinin Multivitamin Gummies  60 Adet
MOVE,9398,711,526,kids_vitamin,-,Atavit Kids Multivitamin Gummies  60 Adet
MOVE,9399,711,526,kids_vitamin,V,Atavit Kids Omega-3 Balık Yağı Gummies  60 Adet
MOVE,9400,711,526,kids_vitamin,V,Atavit Kids Sambucus Gummies  60 Adet
MOVE,9402,711,529,omega3,V,Avicenna Omecap Omega3 Balık Yağı  200 Kapsül
MOVE,9407,711,1070,personal_care,V,Bebak Collagen Saç Bakım Yağı  100 Ml
MOVE,9408,711,1070,personal_care,V,Bebak Keratin Saç Bakım Yağı  100 Ml
MOVE,9409,711,491,diaper_rash,V,Bepanthol Baby Pişik Önleyici Merhem  100 gr
MOVE,9410,711,1070,personal_care,-,Bepanthol Derma Cilt Bakım Kremi El ve Yüz için  100 gr
MOVE,9414,711,500,bcaa,V,BigJoy Bcaa Pro 4:1:1 Ripped Ananas 204 gr
MOVE,9415,711,500,bcaa,V,"BigJoy BcaaBig Karpuz 312,80 gr"
MOVE,9416,711,500,bcaa,V,BigJoy Big2 BCAA + Glutamine  150 Tablet
MOVE,9417,711,500,bcaa,V,BigJoy Big2 BCAA + Glutamine Vişne 324 gr
MOVE,9419,711,541,q10,V,BigJoy Coenzyme Q10  30 Kapsül
MOVE,9420,711,370,creatine,-,BigJoy Crea Big Micronized Creatine Powder Yeşil Elma 420 Gr
MOVE,9421,711,370,creatine,-,BigJoy CreaBig Micronized Creatine Powder Ananas 210 gr
MOVE,9424,711,501,glutamine,-,BigJoy Gluta Big %100 Glutamine Powder  150 gr
MOVE,9427,711,528,magnesium,-,BigJoy Magnesium Multiform  60 Tablet
MOVE,9431,711,742,multivitamin,-,BigJoy Womens Multivitamin  30 Kapsül
MOVE,9435,711,1070,personal_care,V,"Bio Lorencia Saç, Yüz ve Vücut Serum Avokado Yağı  100 Ml"
MOVE,9436,711,1070,personal_care,V,"Bio Lorencia Saç, Yüz ve Vücut Serum Rose  100 Ml"
MOVE,9437,711,1070,personal_care,V,"Bio Lorencia Saç, Yüz ve Vücut Serum Tropical  100 Ml"
MOVE,9438,711,1070,personal_care,V,Bioderma Atoderm Krem Ultra  200 ml
MOVE,9439,711,493,whey,-,BioTechUSA 100% Pure Whey Çikolata 2270 gr
MOVE,9440,711,493,whey,V,BioTechUSA 100% Pure Whey Çikolata 28 gr
MOVE,9441,711,493,whey,-,BioTechUSA 100% Pure Whey Çikolata 454 gr
MOVE,9449,711,1070,personal_care,V,Bioxcin Forte Saç Serumu 3x50mL
MOVE,9452,711,1070,personal_care,V,Bioxcin Keratin ve Argan Onarıcı Saç Bakım Kremi  250 ml
MOVE,9453,711,1070,personal_care,V,Bioxcin Keratin ve Argan Onarıcı Saç Bakım Yağı  150 ml
MOVE,9456,711,1070,personal_care,V,Bioxcin Kolajen ve Hyaluronik Asit İçerikli Kaş ve Kirpik Serumu  3 ml
MOVE,9460,711,548,protein_snack,V,Bite More Proteinli Pankek Blueberry 50 gr  12 Adet
MOVE,9461,711,548,protein_snack,-,Bite More Proteinli Pankek Caramel Cream 50 gr  12 Adet
MOVE,9462,711,548,protein_snack,-,Bite More Proteinli Pankek Chocolate 50 gr  12 Adet
MOVE,9463,711,548,protein_snack,-,Bite More Proteinli Pankek Double Chocolate 50 gr  12 Adet
MOVE,9464,711,548,protein_snack,V,Bite More Proteinli Pankek Pistachio Cream 50 gr  12 Adet
MOVE,9465,711,548,protein_snack,-,Bite More Proteinli Pankek Red Velvet 50 gr  12 Adet
MOVE,9466,711,548,protein_snack,V,Bite More Proteinli Pankek Speculoos 50 gr  12 Adet
MOVE,9467,711,548,protein_snack,-,Bite More Proteinli Pankek Strawberry 50 gr  12 Adet
MOVE,9468,711,548,protein_snack,V,Bite More Proteinli Pankek Vanilla Cream 50 gr  12 Adet
MOVE,9470,711,548,protein_snack,-,Bite More Proteinli Waffle Çikolata Kremalı Kakaolu 55 g  12 Adet
MOVE,9471,711,548,protein_snack,-,Bite More Proteinli Waffle Fındıklı Çikolata Kremalı 55 g  12 Adet
MOVE,9472,711,548,protein_snack,-,Bite More Proteinli Waffle Fındıklı Çikolata Kremalı 55 g  1 Adet
MOVE,9473,711,548,protein_snack,-,Bite More Proteinli Waffle Kek Vişne Kremalı Kakalolu 55 g  1 Adet
MOVE,9474,711,548,protein_snack,-,Bite More Proteinli Waffle Tiramisu Kremalı 55 g  1 Adet
MOVE,9477,711,1070,personal_care,V,CeraVe Gelişmiş Onarıcı Bakım Kremi Kuru ve Çok Kuru Ciltler  88 ml
MOVE,9478,711,1070,personal_care,V,CeraVe Nemlendiren Hyalüronik Asit Serum  30 ml
MOVE,9479,711,1070,personal_care,-,CeraVe Nemlendirici Krem Kuru ve Çok Kuru Ciltler  340 gr
MOVE,9480,711,1070,personal_care,-,Cerave Nemlendirici Krem Kuru ve Çok Kuru Ciltler  50 ml
MOVE,9482,711,1070,personal_care,V,CeraVe SPF30 Nemlendirici Yüz Kremi  52 ml
MOVE,9483,711,1070,personal_care,V,CeraVe SPF50 Nemlendirici Yüz Kremi  52 ml
MOVE,9485,711,520,energy_gel,V,Cire Aseptine Aloe vera Jel  200 Ml
MOVE,9486,711,1070,personal_care,V,Cire Aseptine Soft Prebiyotik Papatya Özlü Krem  30 ml
MOVE,9487,711,1070,personal_care,V,Cire Aseptine Soft Prebiyotik Zeytinyağlı Krem  30 ml
MOVE,9494,711,1070,personal_care,-,Dalan d'olive %100 Doğal Zeytinyağlı Krem  300 ml
MOVE,9495,711,1070,personal_care,V,Dalan d'olive %100 Doğal Zeytinyağlı Krem  250 ml
MOVE,9496,711,1070,personal_care,V,Dalan D'olive Aloe Vera Hızlı Emilen Tüp Krem  250 ml
MOVE,9497,711,1070,personal_care,V,Dalan d'olive Besleyici Krem  20 ml
MOVE,9506,711,1070,personal_care,V,Dalan d'olive Onarıcı Yoğun Bakım Kremi  20 ml
MOVE,9507,711,1070,personal_care,-,Dalan d'olive Onarıcı Yoğun Bakım Kremi  300 ml
MOVE,9508,711,1070,personal_care,-,Dalan d'olive Organik Argan Yağı Krem  300 ml
MOVE,9509,711,1070,personal_care,V,Dalan d'olive Organik Argan Yağı Krem  250 ml
MOVE,9510,711,1070,personal_care,V,Dalan D'olive Organik Avokado Yağı Hızlı Emilen Tüp Krem  250 ml
MOVE,9511,711,1070,personal_care,-,Dalan d'olive Organik Üzüm Çekirdeği Krem  300 ml
MOVE,9512,711,1070,personal_care,V,Dalan d'olive Organik Üzüm Çekirdeği Krem  250 ml
MOVE,9515,711,1070,personal_care,-,Dalan d'Olive Zeytinyağlı Banyo ve Vücut Sabunu Besleyici  200 gr
MOVE,9516,711,1070,personal_care,-,Dalan d'Olive Zeytinyağlı Kremli Vücut Bakım Sabunu Nemlendirici  100 gr
MOVE,9525,711,1070,personal_care,V,Derma Banyo Krep Kese B3577
MOVE,9526,711,1070,personal_care,V,Derma Banyo Lastikli Kese B3560
MOVE,9528,711,1070,personal_care,V,Derma Banyo Sabunluk Koton Banyo Lifi B3591
MOVE,9542,711,1070,personal_care,-,Durex Chill Prezervatif  10 Adet
MOVE,9543,711,1070,personal_care,-,Durex Intense Prezervatif  10 Adet
MOVE,9544,711,520,energy_gel,-,Durex Kayganlaştırıcı Jel Çilekli  50 Ml
MOVE,9545,711,520,energy_gel,-,Durex Kayganlaştırıcı Jel Hisset  50 Ml
MOVE,9546,711,1070,personal_care,-,Durex Klasik Prezervatif  12 Adet
MOVE,9547,711,1070,personal_care,-,Durex Maraton Prezervatif 10 adet
MOVE,9549,711,370,creatine,V,DY Nutrition Creatine Monohydrate  300 gr
MOVE,9550,711,502,eaa,V,DY Nutrition HIT EAA Amino Acid Complex Kan Portakalı 360 gr
MOVE,9551,711,494,isolate,V,Dymatize Iso 100 İzole Whey Protein Çilek 2264 gr
MOVE,9555,711,1070,personal_care,V,Eda Taşpınar Bronzlaştırıcı Koruyucu Yağ Spf15  200 Ml
MOVE,9558,711,530,joint,V,Effive Glucosamine Condroitin MSM  90 Tablet
MOVE,9560,711,543,protein_bar,V,Enervit Protein Bar %26 40 gr Coco-Choco  40 gr*1 Adet
MOVE,9561,711,543,protein_bar,V,Enervit Protein Bar %26 40 gr Crispy Dark-Choco  1 Adet
MOVE,9562,711,543,protein_bar,-,Enervit Protein Bar %26 40 gr Vanilla-Yogurt  40 gr*1 Adet
MOVE,9563,711,543,protein_bar,-,Enervit Protein Bar %32 48 gr Limonlu Kek 1 Adet
MOVE,9564,711,543,protein_bar,V,Enervit Protein Bar %32 60 gr Dark Choco 1 Adet
MOVE,9578,711,518,preworkout,-,Fa Ice Pump Pre Workout Turunçgil Şeftali 1 Şase
MOVE,9583,711,1070,personal_care,V,Fluweel Aerosol Sun Screen Spray Çocuk Kids 50 Spf  200 Ml
MOVE,9585,711,1070,personal_care,V,Garnier Ambre Solaire Çocuklar İçin Hipoalerjenik Koruyucu Süt SPF50+  175 Ml
MOVE,9586,711,1070,personal_care,V,Garnier Ambre Solaire Güneş Sütü Spf 50  200 Ml
MOVE,9587,711,1070,personal_care,V,Garnier Ambre Solaire İdeal Bronzluk Güneş Koruyucu Sprey SPF30  150 Ml
MOVE,9589,711,1070,personal_care,V,Garnier Ambre Solaire Sensitive Advanced Çocuk Krem Gkf50+  200 Ml
MOVE,9590,711,1070,personal_care,V,Garnier Ambre Solaire Sensitive Advanced Milk SPF 50+  175 Ml
MOVE,9591,711,1070,personal_care,V,Garnier Ambre Solaire Sensitive Advanced Seramid SPF 50+  150 Ml
MOVE,9600,711,528,magnesium,-,Garnier Woman Mineral Magnezyum Ultra Kuru Roll-on  50 Ml
MOVE,9605,711,1070,personal_care,V,Gillette Blue3 Comfort Tıraş Bıçağı  1 Adet
MOVE,9606,711,1070,personal_care,V,Gillette Mach 3 Start 2 UP Tıraş Bıçağı  1 Adet
MOVE,9608,711,1070,personal_care,V,Gillette Venüs Riviera Kullan At Kadın Tıraş Bıçağı 2'li
MOVE,9609,711,1070,personal_care,V,Gillette Venüs Simply 2 Kadın Tıraş Bıçağı  1 Adet
MOVE,9610,711,1070,personal_care,V,Gillette Venus Simply Venus 2 Kullan At Kadın Tıraş Bıçağı 2'li
MOVE,9611,711,1070,personal_care,V,Golden Akıllı Krem  100 Ml
MOVE,9612,711,1070,personal_care,V,Golden At Kestanesi Jel Krem  100 Ml
MOVE,9613,711,1070,personal_care,V,Golden Cannabis Gold Masaj Krem  100 Ml
MOVE,9614,711,543,protein_bar,-,Grenade Protein Bar 60 gr Beyaz Çikolata Kurabiye 1 Adet
MOVE,9615,711,543,protein_bar,-,Grenade Protein Bar 60 gr Beyaz Çikolata Kurabiye 12 Adet
MOVE,9616,711,503,arginine,V,Hardline Arginine Fusion Portakal 130 gr
MOVE,9617,711,500,bcaa,V,Hardline BCAA Glutamine Kola 115 gr
MOVE,9620,711,540,collagen,-,Hardline Collagen Sports Vişne 320 gr
MOVE,9621,711,516,creatine_micronized,-,Hardline Creatin Mikronized  120 Gr
MOVE,9622,711,516,creatine_micronized,V,Hardline Creatin Mikronized Şase 5 gr x 24 Adet  120 gr
MOVE,9623,711,370,creatine,V,Hardline Creatine Micronized Portakal 324 gr
MOVE,9626,711,518,preworkout,V,Hardline Prex Pre Workout 30 Ml Kola 1 Adet
MOVE,9627,711,518,preworkout,-,Hardline Prex Pre Workout 30 Ml Portakal 20 Adet
MOVE,9628,711,507,gainer,V,Hardline Progainer Muz 5000 Gr
MOVE,9629,711,507,gainer,-,Hardline Progainer Çilek 3000 gr
MOVE,9630,711,507,gainer,-,Hardline Progainer 100 gr 17 Adet Muz 1700 gr
MOVE,9631,711,526,vitamin,V,Hardline Vitamin D3K2  60 Kapsül
MOVE,9632,711,493,whey,V,Hardline Whey 3Matrix 30 Gr Muz 1 Adet
MOVE,9633,711,493,whey,-,Hardline Whey 3Matrix 30 Gr 26 Adet Çikolata 780 Gr
MOVE,9634,711,493,whey,-,Hardline Whey 3Matrix Protein Tozu Çikolata 3600 gr
MOVE,9635,711,493,whey,-,Hardline Whey Protein Tozu Çikolata 1600 gr
MOVE,9636,711,493,whey,-,Hardline Whey Protein Tozu Çikolata 400 gr
MOVE,9637,711,1070,personal_care,V,Harems Akdeniz Esintisi Sabun  120 gr
MOVE,9638,711,1070,personal_care,V,Harems Aloe Vera Cilt Bakım Kremi  125 ml
MOVE,9639,711,1070,personal_care,V,Harems Anti Selülit Sabun  120 gr
MOVE,9640,711,1070,personal_care,V,Harems Argan Cilt Bakım Kremi  125 ml
MOVE,9641,711,1070,personal_care,V,Harems Argan Yağlı Sabun  120 gr
MOVE,9642,711,1070,personal_care,V,Harems Avokado & Bambu Sabun  120 gr
MOVE,9644,711,1070,personal_care,V,Harems Bodrum Mandalinası Sabun  120 gr
MOVE,9645,711,1070,personal_care,V,Harems Çörekotu & Bıttım Sabun  120 gr
MOVE,9646,711,1070,personal_care,V,Harems Eşek Sütü Cilt Bakım Kremi  125 ml
MOVE,9647,711,1070,personal_care,V,Harems Eşek Sütü Sabun  120 gr
MOVE,9648,711,1070,personal_care,V,Harems Gül Sabun  120 gr
MOVE,9650,711,1070,personal_care,V,Harems Hindistan Cevizi Sabun  120 gr
MOVE,9651,711,1070,personal_care,V,Harems İnci Tozu Sabun  120 gr
MOVE,9652,711,1070,personal_care,V,Harems Keratinli Saç Bakım Serum  100 ml
MOVE,9653,711,1070,personal_care,V,Harems Keratinli Saç Bakım Yağı  100 ml
MOVE,9654,711,1070,personal_care,V,Harems Lavanta & Papatya Sabun  120 gr
MOVE,9655,711,1070,personal_care,V,Harems Lavanta Cilt Bakım Kremi  125 ml
MOVE,9656,711,1070,personal_care,V,Harems Limon Sabun  120 gr
MOVE,9657,711,1070,personal_care,V,Harems Nar Sabun  120 gr
MOVE,9659,711,1070,personal_care,V,Harems Orman Meyvesi Kokulu Sabun  120 gr
MOVE,9660,711,1070,personal_care,V,Harems Pirinç Cilt Bakım Kremi  125 ml
MOVE,9661,711,1070,personal_care,V,Harems Siyah Sarımsaklı Saç Bakım Yağı  100 ml
MOVE,9662,711,1070,personal_care,V,Harems Tropikal Esinti Sabun  120 gr
MOVE,9663,711,1070,personal_care,-,Harems Yosunlu Volkanik Kil Maskesi  150 gr
MOVE,9664,711,1070,personal_care,V,Harems Zeytinyağlı Cilt Bakım Kremi  125 ml
MOVE,9665,711,1070,personal_care,V,Hawaiian Tropic Tropical Dry Koruyucu ve Bronzlaştırıcı Yağ Spf 10  200 ml
MOVE,9666,711,1070,personal_care,V,Hawaiian Tropic Tropical Dry Koruyucu ve Bronzlaştırıcı Yağ Spf 15  200 ml
MOVE,9667,711,1070,personal_care,V,Hawaiian Tropic Tropical Dry Koruyucu ve Bronzlaştırıcı Yağ Spf 20  200 ml
MOVE,9669,711,514,creatine_mono,-,"Ironmaxx Creatine Creapure Powder 3,4 gr x  3,4 gr*30 Adet"
MOVE,9670,711,370,creatine,-,Kevin Levrone Gold Creatine  300 Gr
MOVE,9671,711,370,creatine,V,Kevin Levrone Gold Creatine Chews Blue Rasberry 120 Tablet
MOVE,9672,711,501,glutamine,-,Kevin Levrone Gold Glutamine  300 gr
MOVE,9674,711,540,collagen,V,Kiperin Collagen Peptides Hidrolize Kolajen  500 gr
MOVE,9682,711,1070,personal_care,V,Lionesse Saç Fırçası 8590 Metalik Gold
MOVE,9683,711,1070,personal_care,V,Lionesse Saç Fırçası 8590 Metalik Rose
MOVE,9684,711,1070,personal_care,V,Lionesse Saç Fırçası 8590 Metalik Silver
MOVE,9685,711,1070,personal_care,V,Lionesse Saç Fırçası 862730
MOVE,9691,711,528,magnesium,V,Magnesium Diasporal Granül  20 Saşe
MOVE,9708,711,737,carb_powder,-,Mealjoy Cream of Rice Bisküvi 1000 gr
MOVE,9712,711,544,nut_butter,-,Mealjoy Proteinli Fıstık Ezmesi Bisküvili  320 gr
MOVE,9713,711,544,nut_butter,-,Mealjoy Proteinli Fıstık Ezmesi Kakaolu  320 gr
MOVE,9714,711,544,nut_butter,V,Mealjoy Proteinli Fıstık Ezmesi Sade  320 gr
MOVE,9716,711,529,omega3,V,Möllers Omega-3 Balık Yağı Sıvı Formu Tutti Frutti  250 ml
MOVE,9717,711,543,protein_bar,V,Multipower Protein Delight Protein Bar 35 gr Dark Chocolate Mocha 1 Adet
MOVE,9718,711,543,protein_bar,V,Multipower Protein Delight Protein Bar 35 gr Dark Chocolate Mocha 18 Adet
MOVE,9719,711,543,protein_bar,V,Multipower Protein Layer Protein Bar 50 gr Beyaz Çikolata & Çilek 1 Adet
MOVE,9720,711,543,protein_bar,-,Multipower Protein Layer Protein Bar 50 gr Yer Fıstıklı Karamel 18 Adet
MOVE,9721,711,494,isolate,V,Multipower Whey Isolate Protein Çikolata 900 gr
MOVE,9722,711,494,isolate,V,Multipower Whey Isolate Protein Çikolata 2000 gr
MOVE,9723,711,493,whey,-,Multipower Whey Protein Shake Iced Vanilla Latte 2000 Gr
MOVE,9724,711,493,whey,-,Multipower Whey Protein Shake Çikolata 900 gr
MOVE,9743,711,781,protein_powder,V,Naturiga Organik Pirinç Protein Tozu  250 gr
MOVE,9748,711,526,vitamin,V,New Life AlgOste k2  60 Adet
MOVE,9749,711,526,vitamin,V,New Life B12 Methyl Plus Dil Altı  30 Tablet
MOVE,9751,711,526,vitamin,V,New Life C-1000 Plus C Vitamini  30 Tablet
MOVE,9752,711,529,omega3,V,New Life EFA Daily Balık Yağı  60 Kapsül
MOVE,9753,711,529,omega3,V,New Life EFA Daily Balık Yağı  30 Kapsül
MOVE,9754,711,529,omega3,V,New Life EFA One Balık Yağı  45 Kapsül
MOVE,9756,711,526,vitamin,V,New Life Folifor Duo Vitamin D3 & Quatrefolic  30 Tablet
MOVE,9757,711,742,multivitamin,V,New Life GinVit-Lc Multivitamin  30 Tablet
MOVE,9759,711,526,vitamin,V,New Life Mena K2+D3 Vitamin  30 Kapsül
MOVE,9760,711,528,magnesium,V,New Life Minerlyte Magnezyum  12 Şase
MOVE,9761,711,1070,personal_care,V,Nivea Black White Invisible Kadın Roll On  50 ml
MOVE,9763,711,1070,personal_care,V,"Nivea Dudak Bakım Kremi Böğürtlen  4,8 gr"
MOVE,9764,711,1070,personal_care,V,"Nivea Dudak Bakım Kremi Kiraz  4,8 gr"
MOVE,9765,711,1070,personal_care,V,Nivea Fresh Natural Kadın Roll On  50 ml
MOVE,9767,711,1070,personal_care,V,"Nivea Hydro Care SPF 15+ Dudak Kremi  4,8 gr"
MOVE,9769,711,1070,personal_care,V,Nivea Men Black White Invisible Güçlü Etki Roll On  50 ml
MOVE,9770,711,1070,personal_care,V,Nivea Men Black White Invisible Original Roll On  25 ml
MOVE,9771,711,1070,personal_care,V,Nivea Men Deep Darkwood Roll On  50 ml
MOVE,9774,711,1070,personal_care,V,Nivea Men Dry Fresh Roll On  50 ml
MOVE,9777,711,1070,personal_care,V,Nivea Men Fresh Sensation Roll On  50 ml
MOVE,9780,711,1070,personal_care,V,"Nivea Original Care Dudak Bakım Kremi  4,8 gr"
MOVE,9782,711,370,creatine,-,Nuclear Synthesis Multi Creatine Complex Tropikal Meyve 300 gr
MOVE,9784,711,540,collagen,V,Nutraxin Beauty Collagen Compleks  330 gr
MOVE,9785,711,528,magnesium,V,Nutraxin Magnesium Daily Energy  60 Tablet
MOVE,9786,711,742,multivitamin,V,Nutraxin Multivitamin Mineral Immune  60 Tablet
MOVE,9788,711,526,vitamin,V,Nutraxin Vitamin B12 1000 mcg Sprey  15 ml
MOVE,9789,711,493,whey,-,Nutrend %100 Whey Protein Kurabiye 2250 Gr
MOVE,9790,711,493,whey,V,Nutrend %100 Whey Protein Çikolata Brownie 1000 Gr
MOVE,9791,711,500,bcaa,V,Nutrend Compress BCAA 4:1:1 Portakal 500 gr
MOVE,9792,711,494,isolate,-,Nutrend Iso Whey Pro Zero Çikolata 2250 gr
MOVE,9793,711,370,creatine,V,Nutrever Creatine Micronized  500 gr
MOVE,9794,711,733,carnitine_liquid,V,Nutrever L-Carnitine 3000 Liquid Şeftali 20 Ampul
MOVE,9795,711,526,vitamin,-,Nutrivita B Complex  120 Tablet
MOVE,9796,711,526,vitamin,-,Nutrivita Biotin 5 mg  120 Tablet
MOVE,9797,711,526,vitamin,V,Nutrivita Calcium+Vit.D3  120 Tablet
MOVE,9799,711,528,magnesium,V,Nutrivita Kalium+Magnesium  60 Tablet
MOVE,9800,711,528,magnesium,V,Nutrivita Lipozomal Magnezyum +B6  30 Kapsül
MOVE,9801,711,528,magnesium,-,Nutrivita Magnesium+B6  120 Tablet
MOVE,9802,711,742,multivitamin,V,Nutrivita Multivitamin Men  90 Tablet
MOVE,9803,711,742,multivitamin,V,Nutrivita Multivitamin Mineral  90 Tablet
MOVE,9804,711,742,multivitamin,V,Nutrivita Multivitamin Women  90 Tablet
MOVE,9806,711,526,vitamin,-,Nutrivita Vitamin D3 1000 IU  120 Tablet
MOVE,9807,711,527,mineral,-,Nutrivita Zinc  120 Tablet
MOVE,9811,711,526,vitamin,V,Ocean B Complex  60 Kapsül
MOVE,9813,711,526,vitamin,V,Ocean Methyl B12 1000 mcg Sprey  10 ml
MOVE,9815,711,742,multivitamin,V,Ocean Mummy Multivitamin  30 Kapsül
MOVE,9816,711,529,omega3,V,Ocean Omega 3 Balık Yağı 500 mg  60 Kapsül
MOVE,9818,711,529,omega3,V,Ocean Plus Omega 3 1200 mg  30 Kapsül
MOVE,9819,711,529,omega3,V,Ocean Ultimate 1200 Mg Balık Yağı  30 Kapsül
MOVE,9823,711,370,creatine,V,Olimp Rocky Athlete Creatine Monohydrate Powder Citrus Lemonade 200 gr
MOVE,9824,711,493,whey,-,Olimp Whey Protein Complex Çikolata 1800 gr
MOVE,9825,711,528,magnesium,V,OnTheGo Magnesium Nighttime Formula  60 Kapsül
MOVE,9826,711,493,whey,V,ONTHEGO Whey+Plus 756 g Çikolata
MOVE,9827,711,498,plant_protein,V,Optimum Gold Standard Plant Protein Çikolata 684 Gr
MOVE,9828,711,370,creatine,-,Optimum Micronized Creatine Powder Portakal 247.5 gr
MOVE,9854,711,531,probiotic,-,Probien Probiyotik Prebiyotik  30 Kapsül
MOVE,9855,711,1070,personal_care,V,Proling Geciktrici Krem  56 gr
MOVE,9857,711,500,bcaa,-,Protein Ocean BCAA Karpuz 300 Gr
MOVE,9858,711,737,carb_powder,-,Protein Ocean Cream of Rice Çikolata 1000 Gr
MOVE,9859,711,370,creatine,-,Protein Ocean Creatine Aromalı Tiger Blood 300 gr
MOVE,9860,711,370,creatine,-,Protein Ocean Creatine Aromalı Raspberry Pıneapple 120 gr
MOVE,9861,711,502,eaa,V,Protein Ocean EAA Yeşil Elma 120 Gr
MOVE,9862,711,502,eaa,-,Protein Ocean EAA Fruit Fusion 300 Gr
MOVE,9863,711,544,nut_butter,V,Protein Ocean Fıstık Ezmesi  650 Gr
MOVE,9870,711,507,gainer,-,Protein Ocean Mass Gainer Çikolata 2500 Gr
MOVE,9872,711,498,plant_protein,-,Protein Ocean Pea Protein Çikolata 400 Gr
MOVE,9873,711,518,preworkout,V,Protein Ocean Pre-Workout Supreme Karma Kutu  8 Adet
MOVE,9879,711,494,isolate,V,Protein Ocean Whey Isolate Protein Bisküvi 1600 gr
MOVE,9880,711,494,isolate,-,Protein Ocean Whey Isolate Protein Bisküvi 400 gr
MOVE,9881,711,493,whey,-,Protein Ocean Whey Protein Çikolata 400 Gr
MOVE,9882,711,493,whey,-,Protein Ocean Whey Protein Çikolata 1600 Gr
MOVE,9883,711,493,whey,-,Protein Ocean Whey Protein Bisküvi 25 gr
MOVE,9888,711,494,isolate,-,Protein Ocn Clear Whey Isolate Protein Fruit Fusion 400 gr
MOVE,9889,711,737,carb_powder,V,Protein Ocn Cream of Rice Karma Kutu 50 g x  9 Adet
MOVE,9890,711,370,creatine,V,Protein Ocn Creatine  1000 gr
MOVE,9891,711,370,creatine,V,Protein Ocn Creatine Daily Fruit Fusion 250 gr
MOVE,9899,711,733,carnitine_liquid,V,Protein Ocn L-Carnitine Shot 2000 mg 60 ml Portakal 12 Adet
MOVE,9901,711,528,magnesium,V,Protein Ocn Magnesium Complex  40 Tablet
MOVE,9902,711,528,magnesium,V,Protein Ocn Magnesium L-Threonate  60 Kapsül
MOVE,9903,711,737,carb_powder,V,Protein Ocn Maltodextrin 2500 g
MOVE,9904,711,518,preworkout,-,Protein Ocn Pre-Workout Supreme Shot 60 ml Dragon Blood 12 Adet
MOVE,9905,711,543,protein_bar,V,Protein Ocn Protein Bar Birthday Cake 12 Adet
MOVE,9906,711,368,protein_generic_400g,-,Protein Ocn Protein Coffee Toffee Nut 400 Gr
MOVE,9907,711,368,protein_generic_400g,V,Protein Ocn Protein Meal Crunchy Caramel 600 gr
MOVE,9911,711,518,preworkout,-,Protein Ocn Superman Pre-Workout Supreme  420 gr
MOVE,9913,711,526,vitamin,V,Protein Ocn Vitamin D3K2 Sprey  25 ml
MOVE,9917,711,520,energy_gel,V,Qoox After Sun Aloe Vera Jel  200 ml
MOVE,9919,711,1070,personal_care,V,Qoox Güneş Sütü Losyon Çocuk Spf 50  200 ml
MOVE,9920,711,1070,personal_care,V,Qoox Güneş Sütü Losyon Spf 20  200 ml
MOVE,9921,711,1070,personal_care,V,Qoox Güneş Sütü Losyon Spf 30  200 ml
MOVE,9922,711,1070,personal_care,V,Qoox Güneş Sütü Losyon Spf 50  200 ml
MOVE,9925,711,1070,personal_care,V,Qoox Kaako Yağlı Güneş Yağı Spf 10  200 ml
MOVE,9926,711,1070,personal_care,V,Qoox Kaako Yağlı Güneş Yağı Spf 15  200 ml
MOVE,9927,711,1070,personal_care,V,Qoox Kaako Yağlı Güneş Yağı Spf 30  200 ml
MOVE,9948,711,1070,personal_care,V,Ronassi Aloevera'lı Lip Ruj  1 Adet
MOVE,9949,711,1070,personal_care,V,Ruba Cannabis Forte %30 Masaj Krem  100 Ml
MOVE,9950,711,1070,personal_care,V,Ruba Cannabis Forte Masaj Krem  100 Ml
MOVE,9951,711,1070,personal_care,V,Rubalex At Kestanesi Masaj Krem  100 Ml
MOVE,9953,711,503,arginine,V,S4U Strake Series Arginine 300 g
MOVE,9955,711,370,creatine,V,S4U Strake Series Creatine 300 g
MOVE,9956,711,501,glutamine,V,S4U Strake Series Glutamine 300 g
MOVE,9984,711,1070,personal_care,V,Sebamed Sun Care Çok Yönlü Güneş Kremi SPF50  50 ml
MOVE,9985,711,520,energy_gel,V,SiS GO Energy + Caffeine Gel 60 ML Double Expresso 30 Adet
MOVE,9986,711,520,energy_gel,V,SiS GO Energy + Caffeine Gel 60 ML Double Expresso 1 Adet
MOVE,9987,711,520,energy_gel,-,SiS GO Energy + Electrolyte Gel 60 ML Ahududu 1 Adet
MOVE,9988,711,520,energy_gel,-,SiS GO Energy + Electrolyte Gel 60 ML Ahududu 30 Adet
MOVE,9989,711,520,energy_gel,V,SiS GO Isotonic Energy Gel 60 ML Elma 30 Adet
MOVE,9990,711,520,energy_gel,V,SiS GO Isotonic Energy Gel 60 ML Elma 1 Adet
MOVE,9991,711,543,protein_bar,-,SNCK Protein Bar 55 gr Choco Shot 12 Adet
MOVE,9992,711,543,protein_bar,-,SNCK Protein Bar 55 gr Choco Shot 1 Adet
MOVE,9993,711,520,energy_gel,V,Softto Plus Yatıştırıcı Nemlendirici Aloe Vera Jel  250 Ml
MOVE,9994,711,1070,personal_care,V,Softto Plus Yatıştırıcı Nemlendirici Aloe Vera Lip Balm  1 Adet
MOVE,9997,711,527,mineral,V,Solgar Calcium Oyster Shell 600 mg  60 Tablet
MOVE,9998,711,541,q10,V,Solgar Coenzyme Q-10 100 mg  30 Kapsül
MOVE,9999,711,526,vitamin,V,Solgar Ester-C Plus Vitamin 1000 mg  30 Tablet
MOVE,10002,711,528,magnesium,V,Solgar Magnesium Glycinate  60 Kapsül
MOVE,10005,711,526,vitamin,V,Solgar Vitamin B2 (Riboflavin) 100 mg  100 Kapsül
MOVE,10008,711,1070,personal_care,V,Solingen Cımbız 514 Düz
MOVE,10009,711,1070,personal_care,V,Solingen Cımbız 514 İnce
MOVE,10010,711,1070,personal_care,V,Solingen Cımbız 514 Yan
MOVE,10032,711,1070,personal_care,V,Tasneem Aloe Vera Sabunu  150 gr
MOVE,10033,711,1070,personal_care,V,Tasneem Argan Sabunu  150 gr
MOVE,10034,711,1070,personal_care,V,Tasneem Avakado Sabunu  150 gr
MOVE,10035,711,1070,personal_care,V,Tasneem Beyaz Çay Lüx Sabun 70x2  140 gr
MOVE,10036,711,1070,personal_care,V,Tasneem Beyaz Kompleks Lüx Sabun 70x2  140 gr
MOVE,10037,711,1070,personal_care,V,Tasneem Eşek Sütü Sabunu  150 gr
MOVE,10038,711,1070,personal_care,V,Tasneem İnci Tozu Lüx Sabun 70x2  140 gr
MOVE,10039,711,1070,personal_care,V,Tasneem İncir Çekirdeği Sabunu  150 gr
MOVE,10040,711,1070,personal_care,V,Tasneem Kahve Peeling Sabunu  120 gr
MOVE,10041,711,1070,personal_care,V,Tasneem Kakule Peeling Sabunu  120 gr
MOVE,10042,711,1070,personal_care,V,Tasneem Kayısı Sabunu  150 gr
MOVE,10043,711,1070,personal_care,V,Tasneem Kil Peeling Sabunu  120 gr
MOVE,10044,711,1070,personal_care,V,Tasneem Lavanta Sabunu  150 gr
MOVE,10045,711,1070,personal_care,V,Tasneem Nar Sabunu  150 gr
MOVE,10046,711,1070,personal_care,V,Tasneem Nergiz Greyfurt  Spa Sabunu  115 gr
MOVE,10047,711,1070,personal_care,-,Tasneem Pirinç Sabunu  150 gr
MOVE,10048,711,1070,personal_care,V,Tasneem Portakal Peeling Sabunu  120 gr
MOVE,10049,711,1070,personal_care,V,Tasneem Tropikal Baobab Spa Sabunu  115 gr
MOVE,10050,711,1070,personal_care,V,Tasneem Verde Lime Peeling Sabunu  120 gr
MOVE,10051,711,1070,personal_care,V,Tasneem Yosun Peeling Sabunu  120 gr
MOVE,10052,711,1070,personal_care,V,Tasneem Zeytinyağlı Sabunu  150 gr
MOVE,10053,711,370,creatine,V,TNT Creaboom Creatine Monohydrate Red Boom 6.2 gr
MOVE,10055,711,370,creatine,-,Trec Boogieman Creatine Tropikal Meyve 300 gr
MOVE,10056,711,518,preworkout,-,Trec Boogieman Pre Workout Tropikal Meyve 300 Gr
MOVE,10057,711,507,gainer,-,Trec Solid Mass Çilek 3000 gr
MOVE,10058,711,543,protein_bar,-,Uniq2go Fıstık Ezmeli Protein Midi Bar 40 Gr  1 Adet
MOVE,10059,711,543,protein_bar,-,Uniq2go Power Bademli Protein Midi Bar 38 Gr  1 Adet
MOVE,10060,711,518,preworkout,-,Universal Animal Primal Pre Workout Karpuz Çilek 507.5 Gr
MOVE,10061,711,520,energy_gel,V,Vaseline Orjinal Nemlendirici Jel 100ml
MOVE,10062,711,527,mineral,V,Venatura Çinko ve Bakır  60 Kapsül
MOVE,10065,711,528,magnesium,-,Venatura Magnezyum Bisglisinat  60 Kapsül
MOVE,10066,711,528,magnesium,-,Venatura Magnezyum Bisglisinat  30 Kapsül
MOVE,10068,711,528,magnesium,V,Venatura Magnezyum Malat  60 Kapsül
MOVE,10069,711,528,magnesium,V,Venatura Magnezyum Malat  60 Tablet
MOVE,10070,711,528,magnesium,V,Venatura Magnezyum Sitrat  60 Kapsül
MOVE,10071,711,520,energy_gel,V,Viaxi Glide Çilek Aromalı Kayganlaştırıcı Jel  100 Ml
MOVE,10072,711,520,energy_gel,V,Viaxi Glide Su Bazlı Kayganlaştırıcı Jel  200 ml
MOVE,10073,711,520,energy_gel,V,Viaxi Glide Su Bazlı Kayganlaştırıcı Jel  50 Ml
MOVE,10081,711,544,nut_butter,V,Wefood Fıstık Ezmesi %100 Sade  300 gr
MOVE,10082,711,544,nut_butter,V,Wefood Fıstık Ezmesi Ballı  300 gr
MOVE,10083,711,544,nut_butter,V,Wefood Fıstık Ezmesi Keçiboynuzu Chia  300 gr
MOVE,10093,711,546,rice_cake,V,Wefood Glutensiz Karabuğday Patlağı  100 gr
MOVE,10094,711,546,rice_cake,V,Wefood Glutensiz Pirinç Patlağı  100 gr
MOVE,10119,711,544,nut_butter,V,Wefood Süt Karamelli Fıstık Ezmesi  300 gr
MOVE,10123,711,370,creatine,V,Z-Konzept Creatine Powder  500 gr
MOVE,10124,711,494,isolate,V,Z-Konzept Isolate Whey Protein Çikolata 1800 gr
MOVE,10125,711,494,isolate,-,Z-Konzept Isolate Whey Protein Çikolata 900 gr
MOVE,10126,711,370,creatine,V,Zoomad Labs Creatine  300 gr
MOVE,10127,711,518,preworkout,V,Zoomad Labs MoonsTruck II Pre Workout Candy Coke 510 gr
MOVE,10133,711,518,preworkout,-,Bad Ass Pump Pre Workout Portakal Mango 350 gr
MOVE,10136,711,521,tribulus,V,Protein Ocean Tribulus Terrestris  45 Kapsül
MOVE,10137,711,493,whey,V,TNT Whey Protein Paketi 2 li
MOVE,10143,711,493,whey,-,Applied Critical Whey Protein Chocolate Milkshake 900 Gr
MOVE,10144,711,530,joint,V,Protein Ocean Glucosamine Chondroitin MSM  60 Tablet
MOVE,10146,711,370,creatine,-,TNT Creaboom Creatine Monohydrate Powder  312 gr
MOVE,10147,711,528,magnesium,V,Hardline Magnesium Liquid 250 Mg 30 Ml  1 Adet
MOVE,10149,711,493,whey,V,TNT Whey Protein Powder Gourmet Chocolate 910 Gr
MOVE,10150,711,527,zma,-,BigJoy Aol Big Zma  124 Kapsül
MOVE,10151,711,543,protein_bar,-,BigJoy Classic High Protein Bar 45 Gr Brownie 16 Adet
MOVE,10152,711,500,bcaa,V,BigJoy Bcaa Pro 4:1:1  420 Gr
MOVE,10154,711,501,glutamine,-,BigJoy Gluta Big %100 Glutamine Powder 300 Gr -
MOVE,10156,711,528,magnesium,V,Protein Ocean Magnesium Bisglycinate  45 Kapsül
MOVE,10157,711,507,gainer,-,BigJoy Big Mass Attack Çikolata 3000 Gr
MOVE,10160,711,543,protein_bar,-,BigJoy Classic High Protein Bar 45 Gr Brownie 1 Adet
MOVE,10162,711,541,q10,V,Protein Ocean Coenzyme Q10  30 Kapsül
MOVE,10163,711,523,citrulline,-,BigJoy Citrulline Powder  300 Gr
MOVE,10165,711,503,arginine,V,BigJoy Arginine  120 Kapsül
MOVE,10166,711,526,vitamin,V,Nutraxin D3K2 Vitamin 1000 IU  120 Tablet
MOVE,10167,711,526,vitamin,V,Nutraxin Vitamin C 1 Alana 1 Bedava Efervesan  30 Tablet
MOVE,10170,711,742,multivitamin,V,Nutraxin Multivitamin Mineral Energy  60 Tablet
MOVE,10172,711,500,bcaa,-,BigJoy BcaaBig Karpuz 589 Gr
MOVE,10175,711,522,beta_alanine,V,BigJoy Beta Alanine Powder  300 Gr
MOVE,10178,711,540,collagen,V,Nutraxin Nadh Collagen  60 Tablet
MOVE,10179,711,500,bcaa,-,BigJoy BCAA Pro 4:1:1 Karpuz 400 Gr
MOVE,10182,711,511,cla,V,Protein Ocean CLA  45 Kapsül
MOVE,10183,711,742,multivitamin,V,Effive Multi 1250 Multivitamin Mineral  120 Tablet
MOVE,10186,711,503,arginine,V,BigJoy Arginine Go! 21 Drink Packets Orman Meyveli
MOVE,10187,711,540,collagen,V,Nutraxin Beauty Gold Collagen 30 Tbl 3 Al 2 Öde  90 Tablet
MOVE,10188,711,498,plant_protein,V,Protein Ocean Pea Protein Çikolata 1600 Gr
MOVE,10189,711,540,collagen,-,Bioxcin Beauty Collagen 3 Al 2 Öde -  90 Saşe
MOVE,10194,711,370,creatine,V,Optimum Micronized Creatine Powder  317 gr
MOVE,10195,711,540,collagen,V,Nutraxin Beauty Collagen Compleks  90 Tablet
MOVE,10196,711,524,electrolyte,V,Olimp Iso Plus Isotonic Drink Limon 700 gr
MOVE,10197,711,500,bcaa,V,BigJoy Bcaa Pro 4:1:1 Ripped Kola 432 Gr
MOVE,10198,711,523,citrulline,-,BigJoy Citrulline Malate  300 Gr
MOVE,10199,711,501,glutamine,-,BigJoy Gluta Big % 100 Glutamine Powder Ananas 420 Gr
MOVE,10200,711,742,multivitamin,V,Nutraxin Multivitamin Mineral Powder  300 gr
MOVE,10201,711,529,omega3,V,Hardline Omega 3  160 Kapsül
MOVE,10202,711,522,beta_alanine,V,Olimp Beta Alanine Carno Rush  80 Tablet
MOVE,10203,711,733,carnitine_liquid,V,TNT Carniboom L-Carnitine 3000 mg Karışık Meyve 1000 Ml
MOVE,10205,711,526,vitamin,V,Nutraxin Biotin Forte  60 Tablet
MOVE,10206,711,1070,personal_care,V,Nivea Sun SPF50 Yüksek Güneş Koruyucu ve Nemlendirici Vücut Spreyi  200 ml
MOVE,10207,711,742,multivitamin,-,Shiwwa Multivitamin Women  180 Tablet
MOVE,10208,711,540,collagen,V,Nutraxin Collagen Gold Quality Hidrolize Kolajen  60 Saşe
MOVE,10209,711,527,mineral,V,Protein Ocean Chromium Picolinate  60 Kapsül
MOVE,10210,711,527,mineral,V,Protein Ocean Selenium  60 Kapsül
MOVE,10211,711,526,vitamin,V,Protein Ocean Biotin  60 Kapsül
MOVE,10214,711,526,vitamin,V,Solgar Biotin 5000 mcg  50 Kapsül
MOVE,10218,711,521,tribulus,-,Hardline Tribulus Terrestris  100 Kapsül
MOVE,10219,711,526,vitamin,V,Protein Ocean C Vitamin + Çinko + D3 Efervesan  20 Adet
MOVE,10221,711,370,creatine,-,"TNT Creaboom Creatine Monohydrate Powder  127,2 gr"
MOVE,10222,711,500,bcaa,-,BigJoy Big2 BCAA + Glutamine Karpuz 600 Gr
MOVE,10223,711,737,carb_powder,-,Hardline Carbopure  4000 gr
MOVE,10228,711,524,electrolyte,V,Protein Ocean Electrolyte Blend  150 gr
MOVE,10230,711,500,bcaa,V,Hardline BCAA 4:1:1 Atb6  120 Tablet
MOVE,10231,711,507,gainer,-,Optimum Serious Mass Muz 5450 gr
MOVE,10234,711,523,citrulline,V,Protein Ocean Citrulline Malate  300 Gr
MOVE,10235,711,501,glutamine,V,Hardline Glutapure Glutamin  500 gr
MOVE,10237,711,527,zma,V,Effive ZMA  180 Kapsül
MOVE,10238,711,523,citrulline,V,Protein Ocean Citrulline  120 Gr
MOVE,10239,711,514,creatine_mono,V,Protein Ocn Creatine Creapure  250 Gr
MOVE,10240,711,370,creatine,-,Multipower Creatine Powder  500 gr
MOVE,10241,711,523,citrulline,V,Protein Ocean Citrulline  300 Gr
MOVE,10243,711,526,vitamin,-,Solgar Vitamin D3 Cheaweble 1000 IU  100 Tablet
MOVE,10244,711,522,beta_alanine,V,Hardline Beta Alanine  300 gr
MOVE,10246,711,541,q10,V,Nutraxin Koenzim CoQ-10 100 mg  30 Kapsül
MOVE,10247,711,500,bcaa,V,Hardline BCAA Matrix Böğürtlen 630 gr
MOVE,10249,711,540,collagen,V,Protein Ocean Collagen Ahududu 250 Gr
MOVE,10250,711,526,vitamin,V,Solgar Vitamin C 1000 mg  90 Tablet
MOVE,10252,711,503,arginine,V,Effive Argi 1500 Arginine  120 Kapsül
MOVE,10253,711,523,citrulline,V,Hardline Citrulline  300 Gr
MOVE,10254,711,733,carnitine_liquid,V,Multipower L-Carnitine Liquid Forte 1800 Mg Şeftali 20 Ampul
MOVE,10255,711,529,omega3,V,Nutraxin Omega-3 2000 mg  60 Kapsül
MOVE,10256,711,503,arginine,-,Hardline Arginine Fusion Portakal 650 Gr
MOVE,10257,711,526,vitamin,V,Nutraxin Vitamin D3K2 Sprey  30 ml
MOVE,10258,711,507,gainer,-,Optimum Serious Mass Çikolata 2727 gr
MOVE,10261,711,529,omega3,V,Möller's Omega 3 Balık Yağı  30 Kapsül
MOVE,10262,711,520,energy_gel,-,Nutraxin Extra Jel  100 ml
MOVE,10263,711,529,omega3,-,Möller's Omega 3 Balık Yağı  60 Kapsül
MOVE,10264,711,500,bcaa,V,Hardline BCAA Fusion Nar 500 gr
MOVE,10265,711,526,vitamin,V,Nutraxin C Vitamin 1000 mg  30 Tablet
MOVE,10266,711,518,preworkout,V,Nutrever Noxtreme Preworkout Tea Lemon 375 Gr
MOVE,10267,711,524,electrolyte,V,Hardline Isotonic Electrolytes Lemon-Lime 900 Gr
MOVE,10268,711,526,vitamin,V,Ocean Vitamin C 1000 mg  30 Tablet
MOVE,10269,711,526,vitamin,V,Nutraxin Vitamin D3 1000 IU  120 Tablet
MOVE,10273,711,529,omega3,V,Nutraxin Omega-3 Ultra  30 Kapsül
MOVE,10278,711,500,bcaa,V,Protein Ocean BCAA Yeşil Elma 120 Gr
MOVE,10279,711,529,omega3,V,Nutraxin Omega-3 + Co Q-10  60 Kapsül
MOVE,10280,711,522,beta_alanine,V,Protein Ocean Beta Alanine  300 Gr
MOVE,10282,711,503,arginine,V,Hardline Arginine Liquid Yeşil Elma 1000 ML
MOVE,10284,711,500,bcaa,V,Hardline BCAA Matrix 40S Yeşil Elma 600 Gr
MOVE,10285,711,518,preworkout,V,Olimp Nockout 2.0 Pre-Workout Sakız 305 Gr
MOVE,10287,711,737,carb_powder,V,Olimp Carbonox Ananas 1000 Gr
MOVE,10288,711,526,vitamin,V,Effive Vitamin B Complex  60 Tablet
MOVE,10290,711,502,eaa,-,Hardline Amino 9 Eaa Nrgy Yeşil Elma Limon 390 Gr
MOVE,10291,711,500,bcaa,-,Hardline 4:1:1 BCAA  300 Gr
MOVE,10292,711,501,glutamine,V,Multipower L-Glutamine  500 gr
MOVE,10293,711,500,bcaa,V,Multipower BCAA Powder Kiraz 400 gr
MOVE,10294,711,505,amino_complex,V,Multipower Whey Amino 3400  300 Tablet
MOVE,10295,711,501,glutamine,V,Olimp Rocky Athletes Glutamine  250 Gr
MOVE,10298,711,526,vitamin,V,Nutraxin Vitamin C Çiğneme  28 Tablet
MOVE,10299,711,500,bcaa,-,Olimp BCAA 20:1:1 + Xplode Powder Kola 200 Gr
MOVE,10300,711,500,bcaa,V,Olimp BCAA Xplode Ananas 500 Gr
MOVE,10305,711,500,bcaa,V,BigJoy Bcaa Pro Go! 1 Adet Drink Packets Karpuz
MOVE,10308,711,494,isolate,V,Nutrever Whey Isolate Protein Çikolata 1800 Gr
MOVE,10309,711,526,vitamin,V,Solgar Vitamin D3 1000 IU  100 Kapsül
MOVE,10310,711,543,protein_bar,-,Multipower %50 Protein Bar 50 Gr Hindistan Cevizi 20 Adet
MOVE,10311,711,527,mineral,V,Nutraxin Zinc 15 mg  100 Tablet
MOVE,10312,711,742,multivitamin,V,Nutraxin Multivitamin Complex Kadın  60 Tablet
MOVE,10313,711,494,isolate,V,Nutrever Whey Isolate Protein Çikolata 900 Gr
MOVE,10314,711,526,vitamin,V,Solgar Ester-C Plus Vitamin 1000 mg  60 Tablet
MOVE,10315,711,540,collagen,V,Solgar Hyaluronic Acid Collagen Complex  30 Tablet
MOVE,10316,711,543,protein_bar,V,Multipower %50 Protein Bar 50 Gr Hindistan Cevizi 1 Adet
MOVE,10319,711,493,whey,V,Optimum Gold Standard Whey Protein Tozu Çilek 2273 gr
MOVE,10324,711,540,collagen,V,Day2Day The Collagen Mag Plus  30 Şase
MOVE,10325,711,501,glutamine,V,Protein Ocean Glutamine  120 Gr
MOVE,10328,711,501,glutamine,V,Protein Ocean Glutamine  300 Gr
MOVE,10332,711,495,casein,V,Nutrend Micellar Casein Çikolata 900 Gr
MOVE,10337,711,503,arginine,V,BigJoy Arginine Go! 1 Adet Drink Packets Orman Meyveli
MOVE,10338,711,543,protein_bar,V,Nutrever Xtreme Protein Bar 50 Gr Kurabiye 24 Adet
MOVE,10340,711,524,electrolyte,-,On The Go Progel + Electrolyte 60 mL Böğürtlen 1 Adet
MOVE,10342,711,527,mineral,V,Ocean Krom Pikolinat 200 mcg  90 Kapsül
MOVE,10343,711,493,whey,V,Olimp Whey Protein Complex %100 Çikolata 700 Gr
MOVE,10344,711,543,protein_bar,V,Nutrever Xtreme Protein Bar 50 Gr Kurabiye 1 Adet
MOVE,10345,711,526,vitamin,V,Ocean Vitamin D3 K2 Damla 20 mL
MOVE,10346,711,500,bcaa,V,TNT BCAA 1200 2:1:1  60 Tablet
MOVE,10348,711,518,preworkout,-,On The Go Pre Workout Sports Drink 15 Gr Orman Meyveli 1 Adet
MOVE,10349,711,493,whey,-,Optimum Gold Standard Whey Protein Tozu Çilek 908 gr
MOVE,10354,711,493,whey,V,Optimum Gold Standard Whey Protein Tozu 30.4 Gr Çikolata 1 Adet
MOVE,10355,711,531,probiotic,V,Nutraxin Probiota Advanced Probiyotik  60 Tablet
MOVE,10357,711,742,multivitamin,V,Nutraxin Multivitamin Complex Erkek  60 Tablet
MOVE,10358,711,524,electrolyte,-,On The Go Progel + Electrolyte 60 mL x Portakal 24 Adet
MOVE,10360,711,530,joint,V,Nutraxin Artroflex HYA-C-II  90 Tablet
MOVE,10362,711,529,omega3,V,Krilom Omega3  50 Kapsül
MOVE,10363,711,526,vitamin,V,Nutraxin Biotin 5000 mcg  30 Tablet
MOVE,10365,711,527,mineral,V,Nutraxin Selenium 100 mcg  100 Tablet
MOVE,10366,711,494,isolate,-,Optimum Gold Standard Isolate Protein Çikolata 930 Gr
MOVE,10367,711,526,vitamin,V,Nutraxin Vitamin B12 1000 mcg Dil Altı  60 Tablet
MOVE,10369,711,527,mineral,V,Nutraxin Chromium Picolinate 200 mcg  90 Tablet
MOVE,10370,711,495,casein,V,Optimum Gold Standard Casein Protein Tozu Çikolata 908 Gr
MOVE,10371,711,530,joint,V,BigJoy Glucosamine Condroitin MSM  90 Tablet
MOVE,10374,711,528,magnesium,V,Nutraxin Magnesium 250 mg  60 Tablet
MOVE,10377,711,530,joint,V,Nutraxin Artroflex  90 Tablet
MOVE,10378,711,512,thermogenic,V,Protein Ocean Thermo Burner  60 Kapsül
MOVE,10379,711,530,joint,V,Nutraxin Artroflex Easy Move  30 Şase
MOVE,10380,711,540,collagen,V,Nutraxin Collagen  30 Tablet
MOVE,10381,711,540,collagen,V,Nutraxin Collagen Powder  300 Gr
MOVE,10383,711,503,arginine,V,Solgar L-Arginine 500 mg  50 Kapsül
MOVE,10384,711,526,vitamin,V,Nutraxin Vitamin Max C-D-Çinko  60 Tablet
MOVE,10385,711,503,arginine,-,Solgar L-Arginine 1000 mg  90 Kapsül
MOVE,10387,711,505,amino_complex,V,BigJoy Aminobig Amino Asit  330 Tablet
MOVE,10390,711,493,whey,-,Optimum Gold Standard Whey Protein Tozu Çikolata 450 gr
MOVE,10392,711,493,whey,-,Hardline Whey 3Matrix Protein Tozu Limonlu Kek 908 Gr
MOVE,10393,711,540,collagen,V,Protein Ocean Collagen + Hyaluronic Acid  30 Tablet
MOVE,10394,711,529,omega3,V,Effive Omega 3 Balık Yağı  120 Kapsül
MOVE,10395,711,493,whey,-,Hardline Whey 3Matrix Protein Tozu Çikolata 454 gr
MOVE,10399,711,529,omega3,V,Solgar Omega-3 950 mg  50 Kapsül
MOVE,10402,711,528,magnesium,V,Hardline Magnesium Liquid 250 Mg 30 Ml  20 Adet
MOVE,10403,711,526,vitamin,V,Solgar Vitamin B12 1000 Mcg  100 Tablet
MOVE,10404,711,527,mineral,V,Ligone Kalsiyum Complex  60 Tablet
MOVE,10407,711,529,omega3,V,Olimp Gold Omega 3 Sport Edition  120 Kapsül
MOVE,10408,711,529,omega3,V,Ocean Plus Omega 3 1200 mg  50 Kapsül
MOVE,10409,711,526,vitamin,-,Sanmark Vitamin C  60 Tablet
MOVE,10410,711,529,omega3,V,Protein Ocean Omega 3  45 Kapsül
MOVE,10411,711,526,vitamin,V,BigJoy Sports Multibig Vitamin Mineral  90 Kapsül
MOVE,10413,711,530,joint,V,Olimp Glucosamine Plus  60 Kapsül
MOVE,10416,711,733,carnitine_liquid,V,BigJoy Thermonator L-Carnitine 3000 Mg Portakal 20 Ampül
MOVE,10417,711,526,vitamin,V,Protein Ocean Vitamin D3  60 Kapsül
MOVE,10419,711,527,mineral,V,Solgar Chromium Picolinate 200 mcg  90 Kapsül
MOVE,10420,711,510,carnitine,V,Protein Ocean L-Carnitine Yeşil Elma 150 Gr
MOVE,10423,711,526,vitamin,V,Solgar Vitamin B12 500 Mcg  50 Tablet
MOVE,10424,711,527,mineral,V,Solgar Zinc Picolinate 15 mg  100 Kapsül
MOVE,10427,711,528,magnesium,V,Solgar Magnesium Citrate  60 Tablet
MOVE,10428,711,507,gainer,-,BigJoy Big Mass +GH Factors Go 5000 Gr MIX 50 Saşe
MOVE,10431,711,528,magnesium,V,On The Go Magnesium Plus 25 mL x Portakal 20 Ampül
MOVE,10433,711,540,collagen,V,Day2Day The Collagen All Body Toz  300 gr
MOVE,10435,711,540,collagen,V,Day2Day The Collagen Beauty Intense Çilek 30 Şase
MOVE,10436,711,526,vitamin,V,Ocean Biotin 5000 Mcg  60 Kapsül
MOVE,10437,711,507,gainer,-,BigJoy Big Mass +GH Factors Muz 5000 Gr
MOVE,10438,711,507,gainer,-,BigJoy Big Mass +GH Factors Çilek 3000 Gr
MOVE,10441,711,507,gainer,-,BigJoy Big Mass +GH Factors Çikolata 1500 Gr
MOVE,10442,711,526,vitamin,V,Ocean Vitamin C-SR  30 Tablet
MOVE,10443,711,733,carnitine_liquid,V,TNT Carniboom L-Carnitine 3000 mg 60 ml x Karışık Meyve 1 Adet
MOVE,10444,711,507,gainer,V,Protein Ocean Vegan Gainer Çilek 2500 Gr
MOVE,10445,711,526,vitamin,V,Solgar Vitamin E 400 IU 268 Mg  50 Kapsül
MOVE,10448,711,516,creatine_micronized,-,Hardline Kreatin %100 Mikronize  300 Gr
MOVE,10449,711,541,q10,-,Ocean Koenzim Q10 100 Mg  30 Kapsül
MOVE,10451,711,526,vitamin,V,Sanmark Vitamin D3 1000 IU Sprey  20 Ml
MOVE,10453,711,528,magnesium,V,Solgar Calcium Magnesium Plus Zinc  100 Tablet
MOVE,10458,711,526,vitamin,V,Protein Ocean Ester C  60 Kapsül
MOVE,10460,711,370,creatine,V,Protein Ocean Creatine  120 Gr
MOVE,10461,711,742,multivitamin,V,Protein Ocean Multivitamin  60 Kapsül
MOVE,10463,711,511,cla,V,Hardline CLA One 100  Jel Kapsül
MOVE,10464,711,526,vitamin,V,Protein Ocean Vitamin K2  45 Kapsül
MOVE,10465,711,370,creatine,V,Protein Ocean Creatine  300 Gr
MOVE,10466,711,526,vitamin,V,Protein Ocean Vitamin B12  60 Kapsül
MOVE,10467,711,527,zma,V,Protein Ocean ZMA  90 Kapsül
MOVE,10468,711,526,vitamin,V,Solgar Vitamin B Complex  100 Kapsül
MOVE,10469,711,526,vitamin,V,Solgar Vitamin B Complex  50 Kapsül
MOVE,10470,711,510,carnitine,V,Hardline Karnitin  100 Kapsül
MOVE,10473,711,526,vitamin,V,Solgar Vitamin B1 (Thiamin) 100 Mg  100 Kapsül
MOVE,10474,711,733,carnitine_liquid,V,Hardline L Karnitin  1000 ml
MOVE,10475,711,733,carnitine_liquid,-,Hardline L-Karnitin Matrix 3000 Mg Limon 1 Ampül
MOVE,10477,711,733,carnitine_liquid,-,Hardline L-Karnitin Thermo Şeftali 1000 ml
MOVE,10479,711,733,carnitine_liquid,V,Hardline L-Karnitin Matrix 3000 Mg Şeftali 20 Ampul
MOVE,10480,711,733,carnitine_liquid,V,Hardline L-Karnitin Matrix 3000 Mg Limon 7 Ampul
MOVE,10481,711,733,carnitine_liquid,-,Hardline L-Karnitin Thermo Karpuz 500 ml
MOVE,10482,711,507,gainer,-,Hardline Progainer Muz 1406 gr
MOVE,10483,711,494,isolate,-,Hardline Hipro IsoWhey Plain  908 Gr
MOVE,10484,711,493,whey,V,Hardline Whey 3Matrix Base Çikolata 2300 Gr
MOVE,10485,711,493,whey,-,Hardline Whey 3Matrix Protein Tozu Çikolata 2300 gr
MOVE,10486,711,368,protein_generic_400g,V,Hardline Vmax Protein Çikolata 2000 Gr
MOVE,10487,711,368,protein_generic_400g,V,Hardline Vmax Protein Çikolata 908 Gr
MOVE,10490,711,494,isolate,V,Hardline Hipro IsoWhey Çikolata 908 Gr
MOVE,10491,711,493,whey,V,Hardline Whey Zone Sarı Meyve 2300 Gr
MOVE,10492,711,493,whey,V,Hardline Whey 3Matrix Base Aromasız 908 Gr
MOVE,10493,711,493,whey,V,Hardline Whey 3Matrix Protein Tozu Çikolata 210 Gr
MOVE,10502,711,742,multivitamin,-,Argivit Classic Multivitamin Şurup  150 ml
MOVE,10503,711,526,vitamin,-,Avicenna B12 Vitamin Metilkobalamin  100 Tablet
MOVE,10504,711,526,vitamin,-,Avicenna B12 Vitamin Metilkobalamin Sprey Damla  20 Ml
MOVE,10505,711,526,vitamin,-,Avicenna Biotin 2500 mcg  60 Tablet
MOVE,10507,711,526,vitamin,-,Avicenna C Vitamini 1000 mg Eferversan  1000 mg*20 Tablet
MOVE,10509,711,530,joint,-,Avicenna Glukozamin & Kondroitin & MSM & Hyaluronik Asit  90 Tablet
MOVE,10513,711,528,magnesium,-,Avicenna Magne Fort Magnezyum  60 Tablet
MOVE,10515,711,529,omega3,V,Avicenna Omega 3-6-9 Balık Yağı  200 Kapsül
MOVE,10516,711,526,vitamin,-,Avicenna Ossax Vitamin K  30 Tablet
MOVE,10520,711,370,creatine,-,Basix Pure Creatine  300 Gr
MOVE,10523,711,1070,personal_care,-,Beauty Zone Anti Aging Yüz Kremi  50 Ml
MOVE,10524,711,1070,personal_care,-,Beauty Zone Cannabis Masaj Kremi  100 Ml
MOVE,10525,711,1070,personal_care,-,Beauty Zone Kolajen&Sanil Yüz Kremi  50 Ml
MOVE,10526,711,1070,personal_care,-,Beauty Zone Pigmentasyon Yüz Kremi  50 Ml
MOVE,10527,711,1070,personal_care,-,Beauty Zone Salyangoz Yüz Kremi  50 Ml
MOVE,10528,711,1070,personal_care,-,Bebak Argan Özlü Saç Bakım Yağı  100 Ml
MOVE,10529,711,1070,personal_care,-,Bebak Biotin Saç Bakım Yağı  100 Ml
MOVE,10530,711,503,arginine,V,BigJoy Arginine Powder  150 gr
MOVE,10531,711,493,whey,-,BigJoy Big Whey Classic Whey Protein Antep Fıstıklı Dondurma 495 Gr
MOVE,10532,711,493,whey,-,BigJoy Big Whey Classic Whey Protein Antep Fıstıklı Dondurma 2376 Gr
MOVE,10533,711,493,whey,-,BigJoy Big Whey Classic Whey Protein Antep Fıstıklı Dondurma 915 Gr
MOVE,10534,711,523,citrulline,-,BigJoy Citrulline Malate  150 gr
MOVE,10536,711,370,creatine,-,BigJoy CreaBig Micronized Creatine Powder  900 Gr
MOVE,10538,711,514,creatine_mono,-,Bigjoy Creapure Creatine  121 Gr
MOVE,10543,711,494,isolate,-,Bigjoy Isopro Whey Isolate Bisküvi 1098 gr
MOVE,10545,711,529,omega3,-,BigJoy Omega 3  60 Kapsül
MOVE,10547,711,1070,personal_care,-,Bioderma Atoderm Krem Ultra  500 ml
MOVE,10548,711,548,protein_snack,V,Bite More Proteinli Pankek Cookie Cream 50 gr  12 Adet
MOVE,10549,711,546,rice_cake,-,Bite More Proteinli Pirinç Patlağı Çikolata Kaplı 18 gr  24 Adet
MOVE,10551,711,548,protein_snack,-,Bite More Proteinli Waffle Çikolata Kremalı Kakaolu 55 g  1 Adet
MOVE,10552,711,548,protein_snack,-,Bite More Proteinli Waffle Kek Vişne Kremalı Kakalolu 55 g  12 Adet
MOVE,10553,711,548,protein_snack,-,Bite More Proteinli Waffle Tiramisu Kremalı 55 g  12 Adet
MOVE,10554,711,1070,personal_care,-,CeraVe Tüm Cilt Tipleri için Yenileyici Retinol Serum  30 ml
MOVE,10555,711,530,joint,-,Chondurax Triple Action Glucosamine Chondroitin MSM  200 Tablet
MOVE,10556,711,1070,personal_care,-,Cire Aseptine Soft Prebiyotik Aloe Vera Özlü Krem  30 ml
MOVE,10570,711,494,isolate,V,Dymatize Iso 100 İzole Whey Protein Gourmet Chocolate 932 gr
MOVE,10571,711,511,cla,V,Effive CLA 1000  99 Kapsül
MOVE,10572,711,543,protein_bar,V,Enervit Protein Bar %34 55 gr Kurabiye 1 Adet
MOVE,10574,711,500,bcaa,-,Fa Ice BCAA Turunçgil Şeftali 375 gr
MOVE,10575,711,518,preworkout,V,Fa Ice Pump Pre Workout Turunçgil Şeftali 1 Şase
MOVE,10576,711,518,preworkout,V,Fa Ice Pump Pre Workout Turunçgil Şeftali 463 gr
MOVE,10577,711,543,protein_bar,-,Fellas Yüksek Protein Bar Badem ve Kakao 45g  1 Adet
MOVE,10578,711,543,protein_bar,-,Fellas Yüksek Protein Bar Badem ve Kakao 45g x  12 Adet
MOVE,10579,711,543,protein_bar,-,Fellas Yüksek Protein Bar Çilekli 45g  1 Adet
MOVE,10580,711,543,protein_bar,-,Fellas Yüksek Protein Bar Çilekli 45g x  12 Adet
MOVE,10581,711,543,protein_bar,-,Fellas Yüksek Protein Bar Hindistan Cevizi ve Kakao 45g  1 Adet
MOVE,10582,711,543,protein_bar,-,Fellas Yüksek Protein Bar Hindistan Cevizi ve Kakao 45g x  12 Adet
MOVE,10583,711,543,protein_bar,-,Fellas Yüksek Protein Bar Muzlu 45g  1 Adet
MOVE,10584,711,543,protein_bar,-,Fellas Yüksek Protein Bar Muzlu 45g x  12 Adet
MOVE,10585,711,543,protein_bar,-,Fellas Yüksek Protein Bar Portakal & Kakao 45g  1 Adet
MOVE,10586,711,543,protein_bar,-,Fellas Yüksek Protein Bar Portakal & Kakao 45g x  12 Adet
MOVE,10587,711,543,protein_bar,-,Fellas Yüksek Protein Bar Sade 45g  1 Adet
MOVE,10588,711,543,protein_bar,-,Fellas Yüksek Protein Bar Yer Fıstığı ve Kakao 45g  1 Adet
MOVE,10589,711,543,protein_bar,-,Fellas Yüksek Protein Bar Yer Fıstığı ve Kakao 45g x  12 Adet
MOVE,10591,711,544,nut_butter,-,Fıstıkçı1957 Badem Ezmesi  320 gr
MOVE,10592,711,544,nut_butter,-,Fıstıkçı1957 Fındık Ezmesi  320 gr
MOVE,10593,711,544,nut_butter,-,Fıstıkçı1957 Fıstık Ezmesi  320 gr
MOVE,10595,711,544,nut_butter,-,FitNut Badem Ezmesi  250 Gr
MOVE,10603,711,543,protein_bar,-,FitNut Protein Bar Fıstık & Çikolata 40 Gr  24 Adet
MOVE,10604,711,543,protein_bar,-,FitNut Protein Bar Fıstık & Çikolata 40 Gr  1 Adet
MOVE,10605,711,543,protein_bar,-,FitNut Protein Bar Yer Fıstıklı 40 Gr  1 Adet
MOVE,10606,711,546,rice_cake,-,FitNut Rice Bar Kakao & Pirinç Patlağı 20 Gr  1 Adet
MOVE,10607,711,1070,personal_care,-,Fluweel Aerosol Sun Screen Güneş Koruyucu Transparan Sprey 30 Spf  200 Ml
MOVE,10609,711,1070,personal_care,-,Fluweel Dudak Koruyucu Lip Balm 30 Spf
MOVE,10610,711,1070,personal_care,-,Fluweel Dudak Kremi Aloevera 30 Spf
MOVE,10611,711,1070,personal_care,-,Fluweel Aerosol Sun Screen Güneş Koruyucu Transparan Sprey 50 Spf  200 Ml
MOVE,10612,711,1070,personal_care,-,Garnier 1/2 Milyon Probiyotik Türevi Içeren Onarıcı Kağıt Göz Maskesi
MOVE,10613,711,1070,personal_care,-,Garnier 2 Milyon Probiyotik Türevi Içeren Onarıcı Kağıt Yüz Maskesi
MOVE,10614,711,1070,personal_care,-,Garnier C Vitamini Ampul Kağıt Maske
MOVE,10615,711,1070,personal_care,-,Garnier Hyaluronik Aloe Tazeleyici Kağıt Yüz Maskesi
MOVE,10616,711,1070,personal_care,-,Garnier Hyaluronik Asit Sıkılaştırıcı Ampul Kağıt Maske
MOVE,10617,711,1070,personal_care,-,Garnier Hyaluronik Cryo Jelly Yüz Maskesi
MOVE,10618,711,1070,personal_care,-,Garnier Hyaluronik Kriyojel Yorgunluk Karşıtı Soğutucu Göz Maskesi
MOVE,10619,711,528,magnesium,-,Garnier Men Magnezyum Ultra Kuru Roll-on  50 Ml
MOVE,10620,711,1070,personal_care,-,Garnier Nem Bombası Canlandırıcı Kağıt Yüz Maskesi
MOVE,10621,711,1070,personal_care,-,Garnier Nem Bombası Dinlendirici Kağıt Yüz Maskesi
MOVE,10622,711,1070,personal_care,-,Garnier Nem Bombası Ferahlatıcı Kağıt Yüz Maskesi
MOVE,10623,711,1070,personal_care,-,Garnier Nem Bombası Gece Kağıt Yüz Maskesi
MOVE,10624,711,1070,personal_care,-,Garnier Nem Bombası Göz Altı Torbalarına Karşı Kağıt Göz Maskesi
MOVE,10625,711,1070,personal_care,-,Garnier Nem Bombası Göz Şişkinliğine Karşı Kağıt Göz Maskesi
MOVE,10626,711,1070,personal_care,-,Garnier Niacinamide Detoks Etkili Ampul Kağıt Maske
MOVE,10627,711,1070,personal_care,-,Garnier Saf Kömür Gözenek Sıkılaştırma Siyah Kağıt Maske
MOVE,10628,711,1070,personal_care,-,Garnier Saf&Temiz Cilt Kusurlarına Karşı Çay Ağacı Özü Kağıt Yüz Maskesi
MOVE,10629,711,1070,personal_care,-,Garnier Süt Bombası Badem Sütü Kağıt Maske
MOVE,10630,711,1070,personal_care,-,Garnier Süt Bombasi Besleyici Kağıt Yüz Maskesi
MOVE,10633,711,500,bcaa,-,Grenade BCAA Şeftali Armut 390 gr
MOVE,10634,711,518,preworkout,-,Grenade Pre-Workout Cherry Bomb 330 gr
MOVE,10635,711,493,whey,-,Grenade Whey Protein Tozu Çikolata 480 gr
MOVE,10636,711,493,whey,-,Grenade Whey Protein Tozu Çikolata 2000 gr
MOVE,10637,711,518,preworkout,-,Hardline Prex Pre Workout Portakal 125 gr
MOVE,10638,711,507,gainer,-,Hardline Progainer 100 gr Çilek 1 Adet
MOVE,10640,711,1070,personal_care,-,Harems Eşek Sütü Özlü Maske  150 gr
MOVE,10643,711,1070,personal_care,-,Harems Pirinç Özlü Beyazlatıcı Maske  150 gr
MOVE,10644,711,507,gainer,-,Kevin Levrone Levro Legendary Mass Çikolata 3000 gr
MOVE,10645,711,540,collagen,V,Kiperin Collagen Purple Hidrolize Kolajen  576 gr
MOVE,10646,711,1070,personal_care,-,L'Oreal Paris Hyaluronik Asit Revitalift Filler Serinletici Göz Serum Maskesi
MOVE,10647,711,1070,personal_care,-,L'Oreal Paris Revitalift Lazer X3 Yaşlanma Karşıtı Maske
MOVE,10648,711,1070,personal_care,-,La Pure Dermo Cannabis Forte Masaj Krem  100 Ml
MOVE,10650,711,1070,personal_care,-,Lionesse Saç Fırçası 863730
MOVE,10651,711,1070,personal_care,-,Lionesse Saç Fırçası Maze 6454
MOVE,10665,711,493,whey,-,Multipower Whey Protein Shake Çikolata 420 Gr
MOVE,10666,711,529,omega3,V,New Life Efa-Pop Omega 3 Balık Yağı  30 Kapsül
MOVE,10667,711,370,creatine,V,Nutrend Creatine Monohydrate  300 gr
MOVE,10668,711,493,whey,-,Nutrend Whey Core Protein Çikolata + Kakao 900 Gr
MOVE,10671,711,540,collagen,-,Nutrivita Collagen+Hya Complex  90 Tablet
MOVE,10675,711,528,magnesium,-,Nutrivita Magnesium Citrate  120 Tablet
MOVE,10676,711,528,magnesium,-,Nutrivita Magnesium Complex  60 Tablet
MOVE,10678,711,526,vitamin,-,Nutrivita Vitamin C 1000 mg (Zinc+D3)  1000 mg*100 Tablet
MOVE,10679,711,526,vitamin,-,"Nutrivita Vitamin K1, K2+D3  60 Tablet"
MOVE,10682,711,526,kids_vitamin,-,Ocean Gummies Multivitamin Kids  60 Adet
MOVE,10683,711,526,vitamin,-,Ocean Gummies Vitamin D3 1000 IU  60 Adet
MOVE,10686,711,742,multivitamin,-,Optimum Opti-Men Multivitamin  90 Tablet
MOVE,10687,711,742,multivitamin,-,Optimum Opti-Women Multivitamin  60 Kapsül
MOVE,10689,711,1070,personal_care,-,Poom Lip Theraphy Spf10 10 Gr C Vitamin
MOVE,10690,711,1070,personal_care,-,Poom Lip Theraphy Spf10 10 Gr Naneli
MOVE,10692,711,540,collagen,-,Protein Ocn Collagen Coffee Toffee Nut 140 gr
MOVE,10694,711,544,nut_butter,V,Protein Ocn Kakaolu Fıstık Ezmesi  650 Gr
MOVE,10702,711,742,multivitamin,-,Solgar Formula VM 2000 Multivitamin Mineral  30 Tablet
MOVE,10706,711,500,bcaa,-,TNT BCAA Plus 2:1:1 Red Boom 9.7 gr
MOVE,10708,711,370,creatine,-,TNT Creachew Creatine Chews Energy 120 Tablet
MOVE,10710,711,502,eaa,-,Trec Gold Core Amino EAA Elma 300 gr
MOVE,10711,711,501,glutamine,-,Trec L-Glutamine Powder  450 gr
MOVE,10713,711,540,collagen,-,Uniq2go 2 Bites Yüksek-Kolajen 16g  10 Adet
MOVE,10714,711,543,protein_bar,-,Uniq2go Chocodark Fındıklı Protein Bar 38 Gr  16 Adet
MOVE,10715,711,543,protein_bar,-,Uniq2go Chocodark Fındıklı Protein Bar 38 Gr  1 Adet
MOVE,10716,711,543,protein_bar,-,Uniq2go Fıstık Ezmeli Protein Midi Bar 40 Gr  16 Adet
MOVE,10717,711,543,protein_bar,-,Uniq2go Muzlu ve Proteinli Vegan Bar 38 Gr  16 Adet
MOVE,10718,711,543,protein_bar,-,Uniq2go Muzlu ve Proteinli Vegan Bar 38 Gr  1 Adet
MOVE,10719,711,543,protein_bar,-,Uniq2go Peanut XXL Protein Bar 67 Gr  12 Adet
MOVE,10720,711,543,protein_bar,-,Uniq2go Peanut XXL Protein Bar 67 Gr  1 Adet
MOVE,10721,711,543,protein_bar,-,Uniq2go Power Bademli Protein Midi Bar 38 Gr  16 Adet
MOVE,10722,711,543,protein_bar,-,Uniq2go Power Bademli ve Proteinli Maxi Bar 65 Gr  12 Adet
MOVE,10723,711,543,protein_bar,-,Uniq2go Power Bademli ve Proteinli Maxi Bar 65 Gr  1 Adet
MOVE,10726,711,543,protein_bar,-,Uniq2go Weekly Fıstık Ezmeli Proteinli Meyve Bar 50 gr  7 Adet
MOVE,10727,711,543,protein_bar,-,Uniq2go Weekly Kakaolu & Bademli Proteinli Meyve Bar 50 gr  7 Adet
MOVE,10728,711,544,nut_butter,-,United Klasik Fıstık Ezmesi  600 gr
MOVE,10729,711,518,preworkout,-,Universal Animal Fury Pre Workout Yeşil Elma 322 gr
MOVE,10731,711,520,energy_gel,V,Viaxi Glide Su Bazlı A+ Kayganlaştırıcı Jel  100 Ml
MOVE,10732,711,544,nut_butter,V,Wefood Fındık Ezmesi Çikolatalı Hurmalı  200 gr
MOVE,10736,711,370,creatine,-,Z-Konzept Creatine Powder  250 gr
MOVE,10737,711,493,whey,-,Z-Konzept Prime Whey Protein Çikolata 500 gr
MOVE,10738,711,520,energy_gel,-,Z-Konzept Procarb Gel 40 ml x Portakal 1 Adet
MOVE,10741,711,520,energy_gel,-,SiS GO Energy Gel 10'lu Paket
MOVE,10742,711,733,carnitine_liquid,V,TNT Carniboom L-Carnitine 3000 mg 60 ml x Karışık Meyve 20 Adet
MOVE,10743,711,493,whey,-,TNT Whey Protein + Creaboom Kombinasyonu
MOVE,10744,711,500,bcaa,-,Z-Konzept BCAA Powder Kavun 500 gr
MOVE,10746,711,503,arginine,V,BigJoy L-Arginine Powder Orman Meyveli 500 Gr
MOVE,10747,711,511,cla,-,Nutraxin Quick-Slim Tonalin CLA  60 Kapsül
MOVE,10748,711,501,glutamine,-,BigJoy Gluta Big % 100 Glutamine Powder  120 Gr
MOVE,10749,711,512,thermogenic,-,Nutraxin Quick-Slim Thermo Burn  60 Tablet
MOVE,10751,711,742,multivitamin,-,Nutraxin Multivitamin Complex Kadın Avantaj Paket - 2. % 50 İndirimli
MOVE,10752,711,503,arginine,-,BigJoy Arginine Powder  120 Gr
MOVE,10753,711,742,multivitamin,-,Nutraxin Multivitamin Complex Erkek Avantaj Paket - 2. % 50 İndirimli
MOVE,10756,711,500,bcaa,-,Bigjoy BCAAPro 4:1:1 Ripped Go! 12g x MIX 21 Adet
MOVE,10757,711,493,whey,-,BigJoy Beef And Whey Protein Çikolata 2176 Gr
MOVE,10762,711,518,preworkout,-,Trec Boogieman Pre Workout 20 Gr x Tropikal Meyve 8 Adet
MOVE,10764,711,500,bcaa,-,BigJoy Bcaa Pro Go! 21 Drink Packets Orman Meyveli
MOVE,10767,711,742,multivitamin,-,Sanmark Multidyn Multivitamin  30 Tablet
MOVE,10769,711,529,omega3,-,Voonka Omega-3 975 mg  52 Kapsül
MOVE,10771,711,541,q10,V,Supradyn Koenzim Q10  30 Tablet
MOVE,10772,711,518,preworkout,-,Trec Nitro Bolon Pre Workout Tropikal Meyve 600 gr
MOVE,10777,711,742,multivitamin,-,Shiwwa Multivitamin Men  180 Tablet
MOVE,10780,711,503,arginine,V,BigJoy Arginine Powder  300 gr
MOVE,10782,711,520,energy_gel,-,Olimp Fire Start Energy Gel + Caffeine 36 Gr x Tropikal Meyve 20 Adet
MOVE,10783,711,368,protein_generic_400g,V,Protein Ocean Milk Protein Çilek 400 Gr
MOVE,10784,711,370,creatine,-,Unıversal Animal Creatine  300 gr
MOVE,10786,711,546,rice_cake,-,Seed'n Grains Pirinç Patlağı  250 Gr
MOVE,10787,711,546,rice_cake,-,Seed'n Grains Kakaolu Pirinç Patlağı  250 Gr
MOVE,10788,711,520,energy_gel,-,Olimp Fire Start Energy Gel + Caffeine 36 Gr Tropikal Meyve 1 Adet
MOVE,10789,711,518,preworkout,-,Protein Ocn Batman Pre-Workout Supreme  420 gr
MOVE,10790,711,546,rice_cake,-,Seed'n Grains Rice Cake Pirinç Patlağı 135 g
MOVE,10792,711,543,protein_bar,-,Enervit Protein Bar %32 48 gr 30 Adet
MOVE,10794,711,528,magnesium,-,Voonka Magnesium Citrate 200 mg  60 Tablet
MOVE,10795,711,528,magnesium,-,Dragon Magnezyum Tozu  1000 Gr
MOVE,10797,711,543,protein_bar,V,Enervit Protein Bar %32 60 gr 25 Adet
MOVE,10799,711,543,protein_bar,V,Enervit Protein Bar %34 55 gr 25 Adet
MOVE,10802,711,543,protein_bar,-,FitNut Protein Bar Yer Fıstıklı 40 Gr  24 Adet
MOVE,10804,711,733,carnitine_liquid,V,TNT Carniboom L-Carnitine 3000 mg 1000 Ml 2 Adet
MOVE,10807,711,494,isolate,-,Nutrend Iso Whey Pro Zero Çilek Cheesecake 500 Gr
MOVE,10808,711,500,bcaa,-,TNT BCAA Plus 2:1:1 290 gr 2 Adet Avantajlı Paket
MOVE,10809,711,546,rice_cake,-,FitNut Rice Bar Kakao & Pirinç Patlağı 20 Gr  24 Adet
MOVE,10811,711,733,carnitine_liquid,V,TNT Carniboom L-Carnitine 3000 mg 60 ml x 20 Adet 2 Paket
MOVE,10812,711,518,preworkout,-,Applied ABE Pre Workout Yeşil Elma 315 gr
MOVE,10814,711,495,casein,-,Protein Ocean Micellar Casein Protein Çilek 400 gr
MOVE,10816,711,518,preworkout,-,Trec Boogieman Pre Workout 20 Gr Tropikal Meyve 1 Adet
MOVE,10817,711,733,carnitine_liquid,-,BigJoy Thermonator L-Carnitine Şeftali 1000 ML
MOVE,10819,711,529,omega3,-,Forthe Omega 3 Balık Yağı  200 Kapsül
MOVE,10821,711,742,multivitamin,-,Solgar Formula VM 2000 Multivitamin Mineral  90 Tablet
MOVE,10822,711,500,bcaa,-,"TNT BCAA Fırsat Paketi, En Avantajlı Paket"
MOVE,10823,711,507,gainer,-,Hardline Progainer 5100 gr 51 Şase
MOVE,10824,711,520,energy_gel,-,Z-Konzept Procarb Gel 40 ml x Portakal 24 Adet
MOVE,10825,711,737,carb_powder,-,BigJoy Cream of Rice Vanilya 1000 gr
MOVE,10827,711,544,nut_butter,-,FitNut Fıstık Ezmesi Tozu  400 Gr
MOVE,10828,711,500,bcaa,-,"TNT BCAA Plus 2:1:1 9,7 gr 20 Adet"
MOVE,10829,711,526,vitamin,-,Voonka Vitamin C + Vitamin D Avantajlı Kış Paketi
MOVE,10830,711,500,bcaa,-,Trec BCAA High Speed Limon 250 Gr
MOVE,10831,711,544,nut_butter,-,FitNut Fındık Ezmesi  255 Gr
MOVE,10833,711,518,preworkout,V,Protein Ocn Heavy Duty Pre-Workout Yeşil Elma 300 Gr
MOVE,10835,711,500,bcaa,-,TNT BCAA Plus ve Glutaboom Kombinasyonu
MOVE,10836,711,370,creatine,-,Nutrever Creatine Ultra Micronized Formula  250 Gr
MOVE,10841,711,540,collagen,-,Nutraxin Collagen  30 Saşe
MOVE,10842,711,370,creatine,V,Olimp Creatine Monohydrate Powder  250 gr
MOVE,10844,711,529,omega3,-,Forthe Omega 3-6-9 Balık Yağı  200 Kapsül
MOVE,10845,711,733,carnitine_liquid,-,Multipower L-Carnitine Liquid Forte 1800 Mg Şeftali 1 Ampul
MOVE,10846,711,733,carnitine_liquid,V,Nutrend Carnitine 3000 Shot 60  ml*20 Ampül
MOVE,10847,711,500,bcaa,-,Sanmarco BCAA Mixture Karışık Meyve 644 Gr
MOVE,10848,711,500,bcaa,-,TNT Creaboom ve BCAA Tablet Kombinasyonu
MOVE,10850,711,512,thermogenic,-,Nutrend Thermo Compressed Caps  60 Kapsül
MOVE,10851,711,500,bcaa,-,Sanmarco BCAA + Glutamin Kola 575 Gr
MOVE,10852,711,511,cla,-,Nutrend CLA 800 Mg  60 Kapsül
MOVE,10853,711,737,carb_powder,-,Protein Ocn Cream of Rice Paketi
MOVE,10860,711,733,carnitine_liquid,-,Olimp L-Carnitine 3000 mg Kiraz 20 Ampül
MOVE,10863,711,531,probiotic,-,Newvit Probiyotik  30 Kapsül
MOVE,10865,711,500,bcaa,-,TNT BCAA Plus ve Creaboom Kombinasyonu
MOVE,10867,711,500,bcaa,-,TNT BCAA + Creaboom + Glutaboom Kombinasyonu
MOVE,10870,711,527,mineral,-,Vitabiotics Ultra Zinc With Copper 15 mg  60 Tablet
MOVE,10872,711,500,bcaa,-,TNT Carniboom ve BCAA Plus Kombinasyonu
MOVE,10873,711,527,mineral,-,Vitabiotics Ultra Selenium  30 Tablet
MOVE,10876,711,526,vitamin,-,Vitabiotics Ultra Vitamin D3  96 Tablet
MOVE,10877,711,531,probiotic,-,Forbiome Adult Probiyotik  28 Kapsül
MOVE,10878,711,733,carnitine_liquid,-,TNT Carniboom L-Carnitine 3000 mg 60 ml x
MOVE,10879,711,540,collagen,-,Day2Day The Collagen Beauty Intense Çilek  60 Şase
MOVE,10880,711,493,whey,-,Hardline Whey 3 Matrix 30 Gr x 78 Adet (2340 Gr)  78 Paket
MOVE,10883,711,493,whey,-,Multipower %100 Pure Whey Protein Çikolata 908 gr
MOVE,10884,711,505,amino_complex,-,Nutrever Whey Amino Xtreme Formula  300 Tablet
MOVE,10885,711,500,bcaa,V,Nutrever BCAA Powder Şeftali 500 Gr
MOVE,10886,711,540,collagen,-,Suda Collagen Fxone  60 Tablet
MOVE,10888,711,503,arginine,-,Nutrend Arginine  120 Kapsül
MOVE,10889,711,526,vitamin,-,Ocean B Complex  50 Kapsül
MOVE,10890,711,494,isolate,-,Multipower %100 Whey Isolate Protein Çikolata 725 Gr
MOVE,10892,711,526,vitamin,-,Nutraxin Vitamin C Efervesan  15 Tablet
MOVE,10896,711,529,omega3,V,Solgar Omega 3 950 mg  100 Kapsül
MOVE,10898,711,501,glutamine,V,Nutrever L-Glutamine  300 gr
MOVE,10899,711,527,mineral,V,Ocean Selenyum 200 mcg  60 Tablet
MOVE,10900,711,500,bcaa,-,Optimum Gold Standard BCAA Çilek&Kivi 266 gr
MOVE,10902,711,737,carb_powder,-,Vitargo Carboloader Portakal 2000 Gr
MOVE,10903,711,526,vitamin,-,Youplus Vitamin C Çinko Propolis Efervesan  20 Tablet
MOVE,10904,711,524,electrolyte,-,Vitargo Electrolyte Limon 2000 Gr
MOVE,10906,711,501,glutamine,V,Nutrend Glutamine  300 gr
MOVE,10907,711,524,electrolyte,-,Vitargo Electrolyte Limon 1000 Gr
MOVE,10908,711,737,carb_powder,-,Vitargo Carboloader Portakal 1000 Gr
MOVE,10909,711,737,carb_powder,-,Vitargo Carboloader 1350 gr 75 Gr Portakal 18 Adet
MOVE,10910,711,505,amino_complex,-,Nutrend Whey Amino 10000  300 Tablet
MOVE,10912,711,530,joint,-,DNZ Glucosamine Chondroitin MSM  90 Tablet
MOVE,10913,711,530,joint,-,DNZ Glucosamine Chondroitin Cream  100 Ml
MOVE,10915,711,497,beef_protein,-,Nutrend Beef Protein Çikolata Fındık 900 Gr
MOVE,10916,711,540,collagen,-,Day2Day The Collagen Beauty Elastin 500 mg  60 Tablet
MOVE,10917,711,500,bcaa,-,Sanmarco BCAA Combined Kiraz 528 Gr
MOVE,10918,711,540,collagen,-,Day2Day The Collagen Beauty Fish  30 Şase
MOVE,10919,711,500,bcaa,-,Sanmarco BCAA 2:1:1  60 Tablet
MOVE,10921,711,494,isolate,-,Nutrend Whey Isolate Çilek 1800 Gr
MOVE,10925,711,493,whey,-,Nutrend %100 Whey Protein Bisküvi 900 Gr
MOVE,10927,711,494,isolate,-,Olimp Pure Whey Isolate Protein Çikolata 1800 gr
MOVE,10928,711,524,electrolyte,-,On The Go Electrolyte Hydration 20 Tablet x Limon 8 Adet
MOVE,10930,711,524,electrolyte,-,On The Go Electrolyte Hydration 20 Tablet x Limon 1 Adet
MOVE,10931,711,500,bcaa,-,Applied BCAA Amino Hydrate Icy Blue Raz 450 gr
MOVE,10934,711,530,joint,-,Ocean Glucosamine Complex  60 Tablet
MOVE,10935,711,493,whey,-,Optimum Gold Standard Whey Protein Tozu 30.4 gr Çikolata 24 Adet
MOVE,10936,711,526,vitamin,V,Ocean Vitamin D3 1000 IU Damla 50 mL
MOVE,10938,711,500,bcaa,-,TNT BCAA Plus 2:1:1 Red Boom 290 Gr
MOVE,10939,711,518,preworkout,-,On The Go Pre Workout Sports Drink 15 Gr x Orman Meyveli 20 Saşe
MOVE,10940,711,742,multivitamin,-,Ocean Smart Gummies Multivitamin Çiğnenebilir  64 Tablet
MOVE,10946,711,518,preworkout,-,On The Go Pre workout Orman Meyveli 450 Gr
MOVE,10947,711,781,protein_powder,-,Optimum Platinum Hydrowhey Protein Tozu Çilek 1590 gr
MOVE,10951,711,526,vitamin,-,Suda Vitamin Colostrum Forte  30 Kapsül
MOVE,10955,711,516,creatine_micronized,-,Sanmarco Creatine %100 Mikronize  300 Gr
MOVE,10956,711,540,collagen,-,Barbaris Collagen Elastin Powder Elma Aromalı  30 Şase
MOVE,10959,711,540,collagen,-,Barbaris Collagen Powder Three Peptides Complex  30 Saşe
MOVE,10960,711,493,whey,-,Sanmarco Marco Whey Protein Çilek Bisküvi 480 Gr
MOVE,10962,711,526,vitamin,V,Nutraxin B Complex Vitamin  60 Tablet
MOVE,10965,711,493,whey,-,Sanmarco Marco Whey Protein Çikolata - Beyaz Çikolata 1500 Gr
MOVE,10966,711,540,collagen,-,Voonka Collagen Hyaluronic Acid  32 Tablet
MOVE,10967,711,501,glutamine,-,Sanmarco L-Glutamine  300 Gr
MOVE,10969,711,500,bcaa,-,Sanmarco BCAA Drink 500 Ml Yeşil Elma 24 Adet
MOVE,10971,711,500,bcaa,-,Sanmarco BCAA Drink 500 Ml Yeşil Elma 1 Adet
MOVE,10972,711,500,bcaa,-,Sanmarco BCAA Mixture 23 gr Karışık Meyve 1 Adet
MOVE,10973,711,500,bcaa,-,Sanmarco BCAA Mixture 23 gr x Karışık Meyve 23 gr*14 Adet
MOVE,10975,711,540,collagen,-,Nutraxin Collagen Gold Quality Marine  10x50 ml
MOVE,10976,711,501,glutamine,-,TNT Glutaboom Glutamine Powder  300 Gr
MOVE,10981,711,718,egg_white,-,Protein Ocean Egg White Powder  400 Gr
MOVE,10983,711,526,vitamin,-,Suda Vitamin WaterX  60 Kapsül
MOVE,10984,711,500,bcaa,-,On The Go BCAA Plus 20 Gr x Orman Meyveli 20 Saşe
MOVE,10986,711,500,bcaa,-,On The Go BCAA Plus 20 Gr Orman Meyveli 1 Adet
MOVE,10989,711,526,vitamin,-,Solgar Brewer's Yeast With Vitamin B12  250 Tablet
MOVE,10990,711,493,whey,-,BigJoy Big Whey Go Protein 1040 Gr MIX 32 Saşe
MOVE,10993,711,733,carnitine_liquid,-,Sanmarco L-Carnitine Limon 1000 Ml
MOVE,10994,711,493,whey,-,BigJoy Big Whey Go Protein 2070 Gr Çilek 68 Saşe
MOVE,10996,711,733,carnitine_liquid,-,Sanmarco Carnitime 500 Ml Tropikal Meyve 24 Adet
MOVE,10997,711,733,carnitine_liquid,-,Trec L-Carnitine 3000 mg Kayısı 500 ml
MOVE,11000,711,493,whey,-,BigJoy Big Whey Go Protein 458 Gr Kapuçino 15 Saşe
MOVE,11001,711,733,carnitine_liquid,-,Sanmarco Carnitime 500 Ml Tropikal Meyve 1 Adet
MOVE,11003,711,733,carnitine_liquid,-,Sanmarco L-Karnitin Swig 3000 Mg Siyah Frenk Üzümü 20 Ampül
MOVE,11004,711,531,probiotic,-,NBL Probiotic ATP  20 Saşe
MOVE,11006,711,526,vitamin,-,Youplus Vitamin D3 400IU Oral Sprey  20 ml
MOVE,11007,711,370,creatine,V,BigJoy Crea Big Micronized Creatine Powder  300 Gr
MOVE,11008,711,733,carnitine_liquid,-,BigJoy L-Carnitine Çilek 1000 ML
MOVE,11013,711,507,gainer,-,Sanmarco Marco Mass Gainer Vanilya-Çikolata 3000 Gr
MOVE,11016,711,370,creatine,V,BigJoy Crea Big Micronized Creatine Powder  120 Gr
MOVE,11019,711,493,whey,-,BigJoy Doypack Big Whey Classic Whey Protein Muz Mango 488 Gr
MOVE,11020,711,511,cla,-,Protein Ocean CLA Limonata 120 Gr
MOVE,11022,711,370,creatine,-,BigJoy Tri-Creatine Malate  120 Tablet
MOVE,11023,711,540,collagen,-,Barbaris Liquid Collagen Elma Aromalı 50 ml  10 Ampül
MOVE,11025,711,529,omega3,-,Zade Vital Omega 3 Balık Yağı Premium  45 Kapsül
MOVE,11030,711,540,collagen,-,Day2Day The Collagen Beauty Elastin 1000 mg  30 Tablet
MOVE,11032,711,507,gainer,-,BigJoy Big Mass +GH Factors Go 1800 Gr Çikolata 18 Saşe
MOVE,11034,711,493,whey,-,BigJoy Beef And Whey Protein Çikolata 1088 Gr
MOVE,11036,711,528,magnesium,-,Vitabiotics Ultra Magnesium  60 Tablet
MOVE,11037,711,742,multivitamin,-,Ligone Beta Glukan Multivitamin  60 Kapsül
MOVE,11038,711,742,multivitamin,-,Ligone Beta Glukan Multivitamin  30 Kapsül
MOVE,11040,711,528,magnesium,-,Ligone Magnezyum Sitrat Complex  60 Tablet
MOVE,11041,711,540,collagen,-,Bioxcin Beauty Collagen Hyaluronic Acid Ananas Aromalı  30 Saşe
MOVE,11043,711,526,vitamin,-,Dynavit Vitamin B12 1000 Mcg  100 Tablet
MOVE,11044,711,531,probiotic,-,NBL Probiotic Travel Çiğneme  12 Tablet
MOVE,11045,711,526,vitamin,-,Voonka Biotin 5000 Mcg Çiğneme  62 Tablet
MOVE,11046,711,527,mineral,-,Voonka Selenium 100 Mcg  92 Tablet
MOVE,11047,711,526,vitamin,-,Sanmark Vitamin D3K2 Damla  20 Ml
MOVE,11048,711,498,plant_protein,-,Protein Ocean Soya Protein Çilek 400 Gr
MOVE,11049,711,540,collagen,-,Be Guard Glucosamin Tip 2-5-10 Kolajen  200 Tablet
MOVE,11050,711,514,creatine_mono,-,Hardline Creatine Creapure  500 Gr
MOVE,11051,711,540,collagen,-,Nutraxin Collagen Plus ( Karpuz Aromalı ) 50 ml x  15 Adet
MOVE,11052,711,514,creatine_mono,-,Hardline Creatine Creapure  250 Gr
MOVE,11053,711,526,vitamin,-,Suda Vitamin B-50 Complex  60 Kapsül
MOVE,11054,711,526,vitamin,-,Suda Vitamin Chromium Picolinate  90 Kapsül
MOVE,11055,711,526,vitamin,-,Voonka Vitamin B Complex  62 Tablet
MOVE,11056,711,526,vitamin,-,Voonka Vitamin B12  102 Tablet
MOVE,11057,711,526,vitamin,-,Voonka Vitamin C 500 mg  62 Tablet
MOVE,11058,711,526,vitamin,-,Voonka Vitamin D 1000IU  102 Kapsül
MOVE,11059,711,531,probiotic,-,Sanmark Enterodaily Probiyotik 5 ml x  10 Adet
MOVE,11060,711,742,multivitamin,-,Trec Multipack Multivitamin  60 Kapsül
MOVE,11061,711,526,vitamin,-,Suda Vitamin C 1000 mg  60 Kapsül
MOVE,11062,711,526,vitamin,-,Suda Vitamin Biotin 5000 mcg  50 Tablet
MOVE,11063,711,493,whey,-,Sanmarco Marco Whey Protein Çikolata 2300 Gr
MOVE,11064,711,494,isolate,-,Hardline Hipro IsoWhey Plain  1800 Gr
MOVE,11066,711,493,whey,-,Sanmarco Marco Whey Protein Çikolata 910 Gr
MOVE,11067,711,493,whey,-,Sanmarco Marco Whey Protein 30 Gr x Çikolata 16 Adet
MOVE,11068,711,493,whey,-,Sanmarco Marco Whey Protein 30 Gr Çikolata 1 Adet
MOVE,11069,711,493,whey,-,Hardline Whey 3Matrix Protein Tozu Çikolata 4000 gr
MOVE,11070,711,493,whey,-,Hardline Whey 3Matrix 30 Gr 15 Adet Muz 450 Gr
MOVE,11071,711,494,isolate,-,Hardline Hipro IsoWhey Çikolata 1800 Gr
MOVE,11117,711,529,omega3,-,Omega3 ve Balık Yağları
MOVE,11123,711,541,q10,-,Koenzim Q10 (CoQ-10)
MOVE,11203,711,500,bcaa,-,BCAA Nedir? Kas Gelişimi İçin Önemi ve Faydaları
MOVE,11205,711,526,vitamin,-,D Vitamini Hakkında Bilmeniz Gereken Her Şey
MOVE,11208,711,493,whey,-,Hardline Whey 3Matrix Protein Tozu Nedir?
MOVE,11209,711,540,collagen,-,Kolajen Hakkında En Çok Merak Edilen Sorular ve Cevapları
MOVE,11211,711,528,magnesium,-,Magnezyum Glisinat Nedir ve Faydaları Nelerdir?
MOVE,11213,711,528,magnesium,-,Magnezyum Nedir? Çeşitleri Nelerdir? Ne İçin Kullanılırlar?
MOVE,11214,711,528,magnesium,-,Magnezyum Sitrat Nedir? Magnezyum Sitrat Ne İşe Yarar?
MOVE,11215,711,529,omega3,-,Omega-3 ve Omega-6 Yağ Asitlerinin Sağlığa Faydaları
MOVE,11216,711,531,probiotic,-,Probiyotik ve Prebiyotiklerin Sindirim Sistemine Etkisi
MOVE,11221,711,493,whey,-,Whey Protein Güvenli Mi? Bilimsel Araştırmalar ve Detaylı Rehber
MOVE,11223,711,528,magnesium,-,8 Farklı Magnezyum Türü ve Hangisi Alınmalı?
MOVE,11225,711,526,vitamin,-,A Vitamini Nedir ve Faydaları Nelerdir?
MOVE,11226,711,742,multivitamin,-,Multivitamin nedir ne işe yarar?
MOVE,11229,711,781,protein_powder,-,Protein Tozu Nedir ve Nasıl Üretilir?
MOVE,11230,711,370,creatine,-,Kreatin Ürünleri Saç Döker mi?
MOVE,11233,711,370,creatine,-,Kreatin Spordan Önce mi Yoksa Sonra mı Kullanılır?
MOVE,11234,711,494,isolate,-,İzole Protein Tozu Nedir ve Nasıl Kullanılır?
MOVE,11235,711,781,protein_powder,-,Hidrolize Protein Tozu Nedir ve Nasıl Kullanılır?
MOVE,11236,711,781,protein_powder,-,Et Protein Tozu Nedir ve Nasıl Kullanılır?
MOVE,14124,711,497,beef_protein,-,Musclemeds Carnivor Beef Protein 1876 Gr
MOVE,14125,711,493,whey,-,Olimp Whey Protein Complex 2200 Gr
MOVE,14128,711,493,whey,-,Olimp Whey Protein Complex 700 Gr
MOVE,14130,711,500,bcaa,-,Olimp Bcaa Xplode Powder 500 Gr
MOVE,14131,711,733,carnitine_liquid,-,Olimp L-Carnitine 3000 Shot 20 Ampül
MOVE,14133,711,370,creatine,-,Torq Creatorq %100 Micronized Creatine 300 Gr
MOVE,14134,711,524,electrolyte,-,Olimp Iso Plus Isotonic Drink 700 Gr
MOVE,14137,711,543,protein_bar,-,Olimp Twister Hi Protein Bar 60 Gr 24 Adet
MOVE,14138,711,494,isolate,-,Multipower Whey Isolate Protein Tozu 2000 Gr
MOVE,14139,711,493,whey,-,Multipower %100  Pure  Whey Protein 900 Gr
MOVE,14140,711,493,whey,-,Multipower Whey Protein Tozu 2000 gr
MOVE,14141,711,507,gainer,-,Multipower Mass Gainer 5440 Gr
MOVE,14142,711,501,glutamine,-,Multipower L-Glutamine Powder 500 Gr
MOVE,14143,711,733,carnitine_liquid,-,Multipower L-Carnitine Liquid 1800 Mg 20 Ampul
MOVE,14144,711,520,energy_gel,-,Multipower Multicarbo Gel 40 Gr 24 Adet
MOVE,14145,711,543,protein_bar,-,Multipower %50 Protein Bar 50 Gr 24 Adet
MOVE,14146,711,493,whey,-,Nutrend Whey Protein Tozu 900 Gr
MOVE,14147,711,493,whey,-,Nutrend Whey Protein Tozu 2250 Gr
MOVE,14148,711,497,beef_protein,-,Nutrend Beef Protein 900 Gr
MOVE,14149,711,495,casein,-,Nutrend Micellar Casein Protein Tozu 2250 gr
MOVE,14150,711,493,whey,-,Nutrend Whey Isolate1800 Gr
MOVE,14152,711,500,bcaa,-,Nutrend Bcaa 4:1:1 Powder 500 Gr
MOVE,14153,711,501,glutamine,-,Nutrend Glutamine Powder 300 Gr
MOVE,14154,711,733,carnitine_liquid,-,Nutrend L-Carnitine 3000 mg 20 Ampül
MOVE,14155,711,514,creatine_mono,-,Nutrend Creatine Monohydrate Creapure 500 Gr
MOVE,14156,711,543,protein_bar,-,Nutrend Deluxe Protein Bar 60Gr 12 Adet
MOVE,14157,711,500,bcaa,-,Sci-Mx Bcaa İntra Hardcore 480 Gr
MOVE,14159,711,507,gainer,-,Hardline Progainer 3000 Gr
MOVE,14161,711,507,gainer,-,Optimum Serious Mass 5450 Gr
MOVE,14162,711,511,cla,-,Nutrend Cla 800 Mg 60 Softgel Kapsül
MOVE,14163,711,493,whey,-,Optimum Gold Standart Whey Protein Tozu 908 Gr
MOVE,14164,711,493,whey,-,Nutrever Whey Protein Tozu 2000 Gr
MOVE,14165,711,507,gainer,-,Nutrever Gainer Formula 3000 Gr
MOVE,14166,711,500,bcaa,-,Nutrever Bcaa Powder 500 Gr
MOVE,14167,711,733,carnitine_liquid,-,Nutrever L-Carnitine 3000 Shot 20 Ampul
MOVE,14168,711,543,protein_bar,-,Nutrever Protein Bar Pack 60 Gr 24 Adet
MOVE,14169,711,543,protein_bar,-,Nutrever Xtreme Protein Bar 50 Gr 24 Adet
MOVE,14170,711,500,bcaa,-,Nutrend Bcaa 4:1:1 100 Tablet
MOVE,14171,711,500,bcaa,-,Olimp Bcaa 20:1:1 Xplode Powder 200 Gr
MOVE,14172,711,520,energy_gel,-,Multipower Multicarbo Gel 40 Gr
MOVE,14174,711,507,gainer,-,Optimum Serious Mass 2727 Gr
MOVE,14175,711,370,creatine,-,Grenade Creatine Monohydrate 500 Gr
MOVE,14176,711,370,creatine,-,Muscletech Platinum Creatine Toz 400 Gr
MOVE,14178,711,518,preworkout,-,Cellucor C4 50X Pre Workout 45 Servis 405 Gr
MOVE,14179,711,518,preworkout,-,Grenade Pre-Workout  330g
MOVE,14181,711,493,whey,-,Muscletech Iso Zero %100 Whey Protein 1816 Gr
MOVE,14182,711,543,protein_bar,-,Olimp Twister Hi Protein Bar 60 Gr 1 Adet
MOVE,14183,711,512,thermogenic,-,Nutrend Thermo Compressed 60 Kapsül
MOVE,14184,711,733,carnitine_liquid,-,Nutrend L-Carnitine 3000 Shot
MOVE,14185,711,543,protein_bar,-,Multipower Power Pack XXL Classic Protein Bar 60 Gr
MOVE,14190,711,524,electrolyte,-,Sis Go Electrolyte Powder 500 Gr
MOVE,14191,711,520,energy_gel,-,Sis Go Energy + Electrolyte Gel 60 ML 30 Paket
MOVE,14192,711,524,electrolyte,-,Sis Go  Energy + Electrolyte Gels 60 ML
MOVE,14193,711,524,electrolyte,-,Sis Go Isotonic Energy Gels 60 ML 30'lu Paket
MOVE,14194,711,524,electrolyte,-,Sis Go Isotonic Energy Gels 60 ML
MOVE,14197,711,368,protein_generic_400g,-,Sis Overnight Protein 28 Servis 1000 Gr
MOVE,14198,711,501,glutamine,-,Nutrever L-Glutamine Powder 250 Gr
MOVE,14201,711,543,protein_bar,-,Nutrever Xtreme Protein Bar 50 Gr
MOVE,14207,711,375,yoga_pilates,-,Hardline Nutrition Pilates 2
MOVE,14208,711,507,gainer,-,Sci-Mx Super Mass XL 6000 Gr
MOVE,14209,711,507,gainer,-,Optimum Gold Standard Gainer 3250 Gr
MOVE,14210,711,494,isolate,-,Qnt Zerocarb Metapure İzole Whey Protein 2000 Gr
MOVE,14212,711,510,carnitine,-,ZeroShot L-Carnitine 3000mg Plus Sambucus 12 Adet
MOVE,14227,711,493,whey,-,Muscletech Nitrotech %100 Whey Gold Protein 2270 Gr
MOVE,14232,711,500,bcaa,-,Grenade Defend Bcaa 390 Gr + L-Glutamine 500 Gr
MOVE,14233,711,733,carnitine_liquid,-,Zeroshot L-Carnitine Thermo Burn 960 ml
MOVE,14234,711,733,carnitine_liquid,-,Zeroshot L-Carnitine Thermo Burn 480 ml
MOVE,14236,711,368,protein_generic_400g,-,Bigjoy Bigwhey Protein Classic 2288 gr
MOVE,14237,711,544,nut_butter,-,Big Joy Truenuts Crunchy Fıstık Ezmesi 380 Gr
MOVE,14243,711,733,carnitine_liquid,-,Nutrever L-Carnitine 3000 Shot 1 Ampul
MOVE,14244,711,510,carnitine,-,ZeroShot L-Carnitine 3000 mg Plus Sambucus 3000 mg 1 Adet
MOVE,14245,711,500,bcaa,-,Muscletech Essential series Platinium Bcaa 8:1:1 + Glutamine
MOVE,14247,711,494,isolate,-,Olimp Whey Isolate Protein 1800 Gr
MOVE,14253,711,493,whey,-,Olimp Whey Protein Complex Dragon Ball Z Edition 2270 Gr
MOVE,14254,711,494,isolate,-,Nutrever Whey Isolate Protein Tozu 1800 Gr
MOVE,14255,711,494,isolate,-,Nutrever Whey Isolate Protein Tozu 900 gr
MOVE,14257,711,505,amino_complex,-,Nutrever Whey Amino 300 Tablet
MOVE,14260,711,500,bcaa,-,Cnp Pro Bcaa Burst 60 Servis 750 Gr
MOVE,14261,711,370,creatine,-,Cnp Pro Creatine Monohydrate 500 Gr
MOVE,14262,711,500,bcaa,-,PhD Bcaa intra 450 Gr
MOVE,14263,711,368,protein_generic_400g,-,Ronnie Coleman Signature Series Pro-Antium Protein 2250 gr
MOVE,14271,711,518,preworkout,-,KSL Killer Stack Labs O HR Pre-Workout 315 Gram
MOVE,14272,711,501,glutamine,-,Grenade L-Glutamine 500 Gram
MOVE,14307,711,518,preworkout,-,Olimp Nockout 2.0 Pre workout 305 Gr
MOVE,14319,711,375,yoga_pilates,-,Yoga-Mat Kaymaz Yoga ve Egzersiz Minderi Yeşil
MOVE,14320,711,375,yoga_pilates,-,Yoga-Mat Kaymaz Yoga ve Egzersiz Minderi Pembe
MOVE,14321,711,375,yoga_pilates,-,Yoga-Mat Kaymaz Yoga ve Egzersiz Minderi Kırmızı
MOVE,14322,711,375,yoga_pilates,-,Yoga-Mat Kaymaz Yoga ve Egzersiz Minderi Mor
MOVE,14323,711,375,yoga_pilates,-,AmazonBasics Pilates ve Yoga Mat Yeşil
MOVE,14324,711,375,yoga_pilates,-,AmazonBasics Pilates ve Yoga Mat Pembe
MOVE,14325,711,375,yoga_pilates,-,AmazonBasics Pilates ve Yoga Mat Mor
MOVE,14326,711,375,yoga_pilates,-,AmazonBasics Pilates ve Yoga Mat Kırmızı
MOVE,14327,711,375,yoga_pilates,-,AmazonBasics Pilates ve Yoga Mat Siyah
MOVE,14328,711,375,yoga_pilates,-,Yoga-Mat Kaymaz Yoga ve Egzersiz Minderi Mavi
MOVE,14329,711,375,yoga_pilates,-,AmazonBasics Pilates ve Yoga Mat Mavi
MOVE,14334,711,368,protein_generic_400g,-,Bigjoy Sports Bigwhey Protein Classıc 915 Gr Muzlu
MOVE,14346,711,375,yoga_pilates,-,Tusi Yoga Matı ve Pilates Minderi Fil
MOVE,14353,711,375,yoga_pilates,-,Tusi Yoga Blok Anime Serisi Pembe
MOVE,14354,711,375,yoga_pilates,-,Tusi Yoga Blok Vector Ornament Mor
MOVE,14355,711,375,yoga_pilates,-,Tusi Yoga Blok Desenli Yeşil
MOVE,14370,711,375,yoga_pilates,-,Tusi Yoga Matı ve Pilates Minderi Çift Renk Tpe Gök Mavisi 5mm
MOVE,14371,711,375,yoga_pilates,-,Tusi Yoga Matı ve Pilates Minderi Çift Renk Tpe Lacivert 8 mm
MOVE,14372,711,375,yoga_pilates,-,Tusi Yoga Matı ve Pilates Minderi Çift Renk Tpe Pembe
MOVE,14373,711,375,yoga_pilates,-,Tusi Yoga Matı ve Pilates Minderi Gök Mavisi Tpe 5mm
MOVE,14374,711,375,yoga_pilates,-,Tusi Yoga Matı ve Pilates Minderi Koyu Lacivert Tpe 8 mm
MOVE,14375,711,375,yoga_pilates,-,Tusi Yoga Matı ve Pilates Minderi Mavi Tpe
MOVE,14376,711,375,yoga_pilates,-,Tusi Yoga Matı ve Pilates Minderi Pembe Tpe 10mm
MOVE,14377,711,375,yoga_pilates,-,Tusi Yoga Matı ve Pilates Minderi Mor
MOVE,14378,711,375,yoga_pilates,-,Tusi Yoga Matı ve Pilates Minderi Pembe
MOVE,14379,711,375,yoga_pilates,-,Tusi Yoga Matı ve Pilates Minderi Siyah
MOVE,14380,711,375,yoga_pilates,-,Tusi Yoga Matı ve Pilates Minderi Siyah 5 mm
MOVE,14381,711,375,yoga_pilates,-,Tusi Yoga Matı ve Pilates Minderi Pembe 5 mm
MOVE,14382,711,375,yoga_pilates,-,Tusi Yoga Matı ve Pilates Minderi Mavi 5mm
MOVE,14391,711,500,bcaa,-,OstroVit BCAA Glutamin 500 Gr
MOVE,14400,711,375,yoga_pilates,-,Avec Profesyonel Yoga ve Pilates Topu 65 cm
MOVE,14402,711,375,yoga_pilates,-,Avec Asılabilir Egzersiz Minderi Siyah 10 Mm
MOVE,14404,711,375,yoga_pilates,-,Tusi Yoga Matı ve Pilates Minderi Yeşil Tpe
MOVE,14405,711,375,yoga_pilates,-,Tusi Yoga Matı ve Pilates Minderi Çift Renk Tpe Yeşil
MOVE,14406,711,375,yoga_pilates,-,Tusi Yoga Matı ve Pilates Minderi Çift Renk Tpe Mor
MOVE,14407,711,375,yoga_pilates,-,Tusi Yoga Matı ve Pilates Minderi Mantar Yüzeyli
MOVE,14418,711,520,energy_gel,-,Ingobio Power Gel 12 Adet
MOVE,14420,711,495,casein,-,Optimum Gold Standard Casein 924 Gr
MOVE,14421,711,375,yoga_pilates,-,Tusi Yoga Matı ve Pilates Minderi Koyu Lacivert Tpe 6 mm
MOVE,14425,711,520,energy_gel,-,Olimp Fire Start Energy Gel + Caffeine 20 Adet
MOVE,14426,711,737,carb_powder,-,Olimp Carbonox 1000 Gr
MOVE,14427,711,501,glutamine,-,OstroVit Glutamine 300 Gr Aromasız
MOVE,14429,711,520,energy_gel,-,Olimp Fire Start Energy Gel + Caffeine 1 Adet
MOVE,14430,711,503,arginine,-,OstroVit Arginine 200 Gr
MOVE,14431,711,500,bcaa,-,OstroVit BCAA 2-1-1 400 Gr
MOVE,14434,711,518,preworkout,-,Nutrever NOxtreme Pre-Workout 375 Gr
MOVE,14435,711,526,vitamin,-,Mindivan Biotin&L-Sistein&Çinko 60 Kapsul
MOVE,14438,711,742,multivitamin,-,Mindivan Multivitamin ve Mineral 60 Kapsül
MOVE,14439,711,510,carnitine,-,Mindivan Lepi Form+ Lepidyum+ L-Carnitine 60 Kapsül
MOVE,14446,711,494,isolate,-,Multipower %100 Whey Isolate Protein 725 Gr
MOVE,14447,711,495,casein,-,Nutrend Micellar Casein 900 Gr
MOVE,14448,711,498,plant_protein,-,Multipower Vegan Protein 450 Gr
MOVE,14450,711,493,whey,-,Muscle Pump Wpc Instant Whey Protein 2250 gr
MOVE,14451,711,493,whey,-,Muscle Pump Wpc Instant Whey Protein 900 gr
MOVE,14452,711,493,whey,-,Muscle Pump Wpc Instant Whey Protein 68 Saşe
MOVE,14453,711,493,whey,-,Muscle Pump Wpc Instant Whey Protein 480 gr
MOVE,14454,711,507,gainer,-,Muscle Pump Muscle Mass Gainer 1200 Gr
MOVE,14455,711,507,gainer,-,Muscle Pump Muscle Mass Gainer 3000 Gr
MOVE,14456,711,507,gainer,-,Muscle Pump Muscle Mass Gainer 5000 Gr
MOVE,14457,711,500,bcaa,-,Muscle Pump True Bcaa Powder 400 Gr
MOVE,14458,711,500,bcaa,-,Muscle Pump Bcaa + Glutamine 480 Gr
MOVE,14459,711,375,yoga_pilates,-,Avec Asılabilir Egzersiz Minderi Siyah 10mm 10 Adet
MOVE,14460,711,543,protein_bar,-,Multipower %50 Protein Bar 50 Gr 20 Adet
MOVE,14462,711,510,carnitine,-,Ingobio Speed Burn L- Carnitine 3000 mg 12 Adet
MOVE,14463,711,518,preworkout,-,Olimp R-Weiler Shot  Pre Workout 20 Ampul
MOVE,14464,711,493,whey,-,Ingobio Reco Whey Protein Recovery 510 Gr
MOVE,14465,711,507,gainer,-,Ingobio Mass Gainer Maximum 510 Gr
MOVE,14466,711,524,electrolyte,-,Vitargo Electrolyte 1000 Gr
MOVE,14467,711,524,electrolyte,-,Vitargo Electrolyte 2000 Gr
MOVE,14468,711,370,creatine,-,Trec Nutrition %100 Creatine 300 Gr
MOVE,14469,711,500,bcaa,-,Trec Nutrition Bcaa High Speed 250 Gr
MOVE,14470,711,512,thermogenic,-,Trec Nutrition Clenburexin Thermogenic 90 Kapsül
MOVE,14472,711,375,yoga_pilates,-,Tusi Yoga Matı ve Pilates Minderi Deniz Mavisi 5 mm
MOVE,14484,711,511,cla,-,Torq Nutrition Cla 2000 100 Kapsül
MOVE,14485,711,510,carnitine,-,Torq Thermogenic L-Carnitine 20 Efervesan Tablet
MOVE,14486,711,493,whey,-,Torq Nutrition Gold %100 Whey Protein 1000 Gr
MOVE,14487,711,493,whey,-,Torq Nutrition Gold %100 Whey Protein 2300 Gr
MOVE,14488,711,507,gainer,-,Torq Nutrition Gold Mass Gainer 3000 Gr
MOVE,14489,711,500,bcaa,-,Torq Nutrition BCAA 2-1-1 500 Gr
MOVE,14490,711,500,bcaa,-,Torq Nutrition BCAA+ Plus 2:1:1 500 Gr
MOVE,14491,711,507,gainer,-,Torq Nutrition Gold Mass Gainer 1400 Gr
MOVE,14492,711,526,vitamin,-,Torq Nutrition Full Spectrum Vitamin 120 Tablet
MOVE,14493,711,523,citrulline,-,Torq Nutrition Citrulline 100 Gr
MOVE,14494,711,540,collagen,-,Torq Nutrition TİP 1-2-3 Multi Collagen 300 Gr
MOVE,14495,711,501,glutamine,-,Torq Glutatorq %100 L-Glutamine 300 Gr
MOVE,14497,711,498,plant_protein,-,Torq Pea Protein %100 Bezelye Proteini 500 Gr
MOVE,14498,711,493,whey,-,Torq Nutrition Gold %100 Whey Protein 84 Saşe
MOVE,14500,711,742,multivitamin,-,Allergo VitaAgil Multivitamin-Mineral 30 Tablet
MOVE,14502,711,503,arginine,-,Torq Argitorq L-Arginine Powder 300 Gr
MOVE,14503,711,526,vitamin,-,Allergo VitAgil D3 K2 20 ml Sprey
MOVE,14504,711,526,vitamin,-,Allergo VitAgil Vitamin C 1000 mg 30 Tablet
MOVE,14510,711,518,preworkout,-,Torq Nutrition Boost Pre-Workout  450 Gr
MOVE,14512,711,518,preworkout,-,Trec Nutrition Boogieman Pre-Workout 300 Gr
MOVE,14513,711,500,bcaa,-,Optimum Bcaa 5000 Powder 345 Gram
MOVE,14516,711,500,bcaa,-,Optimum Gold Standart BCAA 266 Gr
MOVE,14518,711,500,bcaa,-,Eric Favre BCAA Zero 8.1.1 500 Gr
MOVE,14519,711,507,gainer,-,Eric Favre Mass Gainer Zero 4000 Gr
MOVE,14520,711,507,gainer,-,Eric Favre Mass Gainer Zero 6000 Gr
MOVE,14521,711,501,glutamine,-,Eric Favre Glutamine Pro Zero 500 Gr
MOVE,14524,711,494,isolate,-,Nutrend Iso Whey Prozero 500 gr
MOVE,14525,711,493,whey,-,Nutrend %100 Whey Protein 1000 Gr
MOVE,14527,711,733,carnitine_liquid,-,Torq Thermogenic L-Carnitine 2000 mg 1000 ml
MOVE,14528,711,493,whey,-,Z-Konzept Prime Whey Protein 500 Gr
MOVE,14529,711,494,isolate,-,Z-Konzept Isolate Whey Protein 900 Gr
MOVE,14530,711,494,isolate,-,Z-Konzept Isolate Whey Protein 1800 Gr
MOVE,14531,711,370,creatine,-,Z-Konzept %100 Creatine Powder 250 Gr
MOVE,14532,711,520,energy_gel,-,Z-Konzept Procarb Gel 24 Adet
MOVE,14533,711,493,whey,-,Olimp Whey Protein Complex 1800 Gr
MOVE,14534,711,500,bcaa,-,Z-Konzept BCAA Instant Drink Powder 500 Gr
MOVE,14538,711,733,carnitine_liquid,-,Trec L-Carnitine Liquid 500 Ml
MOVE,14539,711,543,protein_bar,-,Torq Nutrition Protein Bar 50 Gr 12 Adet
MOVE,14540,711,375,yoga_pilates,-,XTR Fitness Yoga Matı Rainbow Series 5 Mm
MOVE,14541,711,375,yoga_pilates,-,XTR Fitness Yoga Matı ve Pilates Minderi Tpe 8 Mm
MOVE,14545,711,529,omega3,-,Allergo VitAgil Balık Yağı 1200 mg 60 Kapsül
MOVE,14546,711,507,gainer,-,Trec Nutirtion Solid Mass 3000 Gr
MOVE,14547,711,501,glutamine,-,Trec Nutrition L-Glutamine Powder 450 Gr
MOVE,14554,711,370,creatine,-,Real Pharm Creatine Monohydrate 300 Gr
MOVE,14555,711,370,creatine,-,Torq Creatorq %100 Micronized Creatine Monohydrate 30 Saşe
MOVE,14556,711,493,whey,-,Multipower Whey Protein Shake 420 Gr
MOVE,14559,711,527,mineral,-,Allergo Vitagil Çinko Pikolinat 60 Tablet
MOVE,14560,711,527,mineral,-,Allergo Vitagil Krom Pikolinat 90 Kapsül
MOVE,14562,711,493,whey,-,Multipower Whey Protein Shake 2000 Gr
MOVE,14563,711,493,whey,-,Nutrend Whey Core 900 Gr
MOVE,14579,711,370,creatine,-,Torq Creatorq %100 Micronized Creatine 150 Gr
MOVE,14580,711,370,creatine,-,Torq Creatorq %100 Micronized Creatine 300 Gr  Aromalı
MOVE,14587,711,500,bcaa,-,Grenade BCAA 390 Gr
MOVE,14588,711,502,eaa,-,Trec Gold Core Amino EAA 300 Gr
MOVE,14589,711,518,preworkout,-,Universal Animal Primal Pre-Workout 507.5 Gr
MOVE,14593,711,524,electrolyte,-,Torq Energel with Electrolyte Enerji Jeli 24 Adet
MOVE,14595,711,518,preworkout,-,JNX Sports The Curse Pre-Workout 250 Gr
MOVE,14599,711,370,creatine,-,Torq Creatine MagnaPower 150 Gr
MOVE,14603,711,493,whey,-,Grenade Whey Protein 2000 Gr
MOVE,14604,711,500,bcaa,-,FA ICE BCAA 375 Gr
MOVE,14605,711,518,preworkout,-,FA ICE Pump Pre Workout 463 Gr
MOVE,14613,711,375,yoga_pilates,-,XTR Fitness Gold Series Siyah Yoga Blok 2 Adet
MOVE,14617,711,494,isolate,-,Nutrend Iso Whey Pro Zero 2250 Gr
MOVE,14619,711,529,omega3,-,Torq Omega 3 Balık Yağı 60 Yumuşak Kapsül
MOVE,14620,711,742,multivitamin,-,Optimum Opti-Men 90 Tablet
MOVE,14622,711,498,plant_protein,-,Optimum Gold Standard Plant Protein 684 Gr
MOVE,14624,711,507,gainer,-,Kevin Levrone Levro Legendary Mass 3000g
MOVE,14625,711,518,preworkout,-,Trec Nitrobolon Pre-Workout 600 Gr
MOVE,14630,711,375,yoga_pilates,-,JOINFIT PRO Mini Pilates Topu 25 cm
MOVE,14633,711,375,yoga_pilates,-,JOINFIT PRO Anti-Burst Yoga ve Pilates Topu 65 Cm Gri
MOVE,14634,711,375,yoga_pilates,-,JOINFIT Yoga ve Pilates Çemberi
MOVE,14654,711,518,preworkout,-,Nuclear Nutriton Igniter Pre-workout 438 Gr
MOVE,14661,711,370,creatine,-,Nutrever %100 Creatine Monohydrate Powder 500 Gr
MOVE,14663,711,370,creatine,-,Z-Konzept %100 Creatine Powder 500 Gr
MOVE,14664,711,493,whey,-,Torq Nutrition P80 Whey Protein 900 Gr Aromasız
MOVE,14666,711,501,glutamine,-,Nutrever %100 L-Glutamine Powder 300 Gr
MOVE,14667,711,493,whey,-,Rule One Proteins Whey Blend 910 Gr
MOVE,14668,711,493,whey,-,Army Of One Whey Protein 1000 Gr
MOVE,14669,711,507,gainer,-,Army Of One Mass Stack + Vitargo Carbolader 1 Kg
MOVE,14670,711,370,creatine,-,Army Of One Micronized Creatine 150 Gr
MOVE,14671,711,737,carb_powder,-,Vitargo Carboloader 700 Gr
MOVE,14673,711,494,isolate,-,Multipower Whey Isolate Protein 900 Gr
MOVE,14676,711,543,protein_bar,-,Enervit Protein Bar 48 Gr 30 Adet
MOVE,14677,711,493,whey,-,Multipower Whey Protein Shake 900 Gr
MOVE,14678,711,370,creatine,-,Body Attack 100% Pure Creatine Monohydrate Powder 300 Gr
MOVE,14680,711,493,whey,-,Applied Nutrition Critical Whey Blend Protein Tozu 2kg
MOVE,14681,711,493,whey,-,Applied Nutrition Critical Whey Protein 900g
MOVE,14682,711,494,isolate,-,Applied Nutrition ISO-XP %100 Whey Isolate 1.8kg
MOVE,14683,711,370,creatine,-,Olimp Rocky Athletes Creatine 200 Gr
MOVE,14684,711,493,whey,-,Torq Quick Shake Whey Protein 24' lü  Paket
MOVE,14685,711,543,protein_bar,-,Grenade Protein Bar 60 Gr 12 Adet
MOVE,14686,711,493,whey,-,Dymatize Iso 100 Hydrolyzed Whey Protein 2264 Gr
MOVE,14687,711,493,whey,-,Dymatize Iso 100 Hydrolyzed Whey Protein 932 Gr
MOVE,14688,711,520,energy_gel,-,Endurance Isotonic Energy Gel + Caffeine 20 x 60 Gr
MOVE,14689,711,520,energy_gel,-,Endurance Isotonic Energy Gel 20 x 60 Gr
MOVE,14690,711,370,creatine,-,Optimum Nutrition Micronized Creatine Powder 247.5g
MOVE,14692,711,494,isolate,-,Optimum Gold Standard Isolate Protein 930 Gr
MOVE,14693,711,543,protein_bar,-,SCNK Protein Bar 12 X 55 Gr
MOVE,14694,711,518,preworkout,-,Cellucor C4 Original Pre-workout 396 Gr 60 Servis
MOVE,14971,711,493,whey,-,5Power Whey Protein Tozu 960 gr 32 Servis
MOVE,14972,711,500,bcaa,-,BCAA 60 Servis 540 gr
MOVE,14974,711,493,whey,-,Bulk Nutrition Whey Protein Tozu 30 gr  1 Servis
MOVE,14975,711,370,creatine,-,Kreatin 60 Servis 480 gr
MOVE,14977,711,507,gainer,-,Mass Gainer Karbonhidrat Tozu 3000 gr 30 Servis
MOVE,14978,711,493,whey,-,Whey Protein Tozu 10 Saşe
MOVE,14979,711,493,whey,-,Whey Protein Tozu 2100 gr 70 Şase 3 MİX
MOVE,14980,711,540,collagen,-,Collagen Tip 1-2-3 Kolajen Karışımı 30 Servis Kivi Aromalı
MOVE,14981,711,540,collagen,-,Collagen Tip 1-2-3 Kolajen Karışımı 30 Saşe Kivi Aromalı
MOVE,14982,711,511,cla,-,Herbina CLA Konjuge Linoleik Asit 100 Softjel
MOVE,14984,711,530,joint,-,Herbina Glukozamin Sülfat – MSM 200 Tablet x 1500 mg
MOVE,14985,711,742,multivitamin,-,Herbina Multi Vitamin Mineral 200 Tablet
MOVE,14986,711,529,omega3,-,Omega 3 Balık Yağı 120 Softjel
MOVE,14987,711,733,carnitine_liquid,-,L Carnitine Drink 500 ml Yeşil Elma Aromalı
MOVE,14991,711,493,whey,-,5Power Whey Protein Tozu 2400 gr 80 Servis
MOVE,14992,711,493,whey,-,5Power Whey Protein Tozu 30 gr X 72 Saşe 4 MİX
MOVE,14993,711,493,whey,-,5Power Whey Protein Tozu 72 Servis 2160 gr
MOVE,14994,711,493,whey,-,5Power Whey Protein Tozu 960 gr 32 Servis
MOVE,14995,711,505,amino_complex,-,AminoTech Essantial Amino Asit 500 gr Ananas Aromalı
MOVE,14997,711,500,bcaa,-,BCAATech BCAA 500 gr 50 Servis
MOVE,15000,711,501,glutamine,-,Glutech L Glutamine 350 gr 50 Servis Şeftali Aromalı
MOVE,15001,711,494,isolate,-,Isolate Whey Protein Tozu ( İzole Whey Protein ) 1800 gr
MOVE,15002,711,507,gainer,-,MassTech Mass Gainer 1500 gr
MOVE,15003,711,507,gainer,-,MassTech Mass Gainer Karbonhidrat Tozu 3600 gr
MOVE,15004,711,507,gainer,-,MassTech Mass Gainer Karbonhidrat Tozu 6000 gr 4 MİX Aromalı
MOVE,15005,711,511,cla,-,Maxi CLA Konjuge Linoleik Asit 1250 mg 90 Softgel
MOVE,15006,711,512,thermogenic,-,Power Cuts Thermojenik 300 Tablet
MOVE,15007,711,733,carnitine_liquid,-,Thermotech L Carnitine 3000 mg 1000 ml
MOVE,15008,711,733,carnitine_liquid,-,Thermotech L Carnitine 3000 mg 24 Shot X 100 ml
MOVE,15009,711,733,carnitine_liquid,-,Thermotech L-Carnitine 3000 mg 20 Shot X 100 ml
MOVE,15010,711,493,whey,-,Volumetech Whey Protein Tozu 2400 gr Aroma Seçenekli
MOVE,15011,711,370,creatine,-,Creatine Monohydrate 300 gr
MOVE,15012,711,370,creatine,-,Creatine Monohydrate 7 gr X 20 Şase
MOVE,15013,711,733,carnitine_liquid,-,L-Carnitine Thermo Bullet 3000 mg 1000 ml
MOVE,15015,711,500,bcaa,-,BCAATech BCAA 20 Sachets
MOVE,15016,711,370,creatine,-,CreaTech Creatine 20 Sachets Aromasız
MOVE,15017,711,518,preworkout,-,FirePower Pre-Workout 20 Sachets
MOVE,15018,711,501,glutamine,-,GlutaTech Glutamine 20 Sachets
MOVE,15019,711,524,electrolyte,-,İsoTech İsotonic Sports Drink 20 Sachets
MOVE,15020,711,370,creatine,-,Createch Creatine 300 gr Aromasız
MOVE,15021,711,370,creatine,-,Createch Creatine 350 gr Kivi Aromalı
MOVE,15025,711,733,carnitine_liquid,V,Nutrever L-Carnitine 3000 Liquid 20 Ampul
MOVE,15026,711,518,preworkout,V,Nutrever Noxtreme 375 gr Pre-Workout
MOVE,15027,711,493,whey,V,Olimp Whey Protein Complex 700gr Protein Tozu
MOVE,15028,711,493,whey,V,Olimp Whey Protein Complex 1800 gr Protein Tozu
MOVE,15029,711,494,isolate,V,Olimp Pure Whey Protein Isolate 1800 gr
MOVE,15030,711,733,carnitine_liquid,-,Olimp L-Carnitine 3000 mg Extreme 20 Shot
MOVE,15035,711,493,whey,V,Multipower %100 Pure Whey Protein Tozu 2000 gr
MOVE,15036,711,494,isolate,-,Multipower Whey Isolate Protein Tozu 725 gr
MOVE,15037,711,500,bcaa,V,Multipower BCAA Powder 400 gr
MOVE,15039,711,500,bcaa,V,Nutrend BCAA Powder 500 gr
MOVE,15040,711,733,carnitine_liquid,V,Nutrend L-Carnitine Shot 3000mg 20 Ampül
MOVE,15041,711,737,carb_powder,V,Olimp Gain Bolic 6000 Karbonhidrat Tozu 1000gr
MOVE,15042,711,493,whey,V,Nutrend Whey Protein Tozu 1000 gr
MOVE,15043,711,497,beef_protein,-,Nutrend Beef Protein Tozu 900 gr
MOVE,15044,711,512,thermogenic,-,Nutrend Thermo Compressed Caps 60 Kapsül
MOVE,15045,711,511,cla,-,Nutrend CLA Compressed 60 Kapsül
MOVE,15046,711,526,vitamin,-,Herbina Efferwell Vitamin C Sandoz 1000 Mg 20 Tablet
MOVE,15047,711,526,vitamin,-,Herbina B Power B Vitamin Kompleks 60 Tablet
MOVE,15049,711,526,vitamin,-,Herbina D3 K2 Vitamini Damla 20 ml
MOVE,15050,711,781,protein_powder,-,Powertech AllDay Protein Tozu 1800 gr 60 Servis
MOVE,15052,711,500,bcaa,V,Hardline Bcaa 4:1:1 Atb6 120 Tablet
MOVE,15053,711,500,bcaa,V,Hardline BCAA Fusion 525 gr
MOVE,15054,711,500,bcaa,V,Hardline BCAA Matrix 630 gr
MOVE,15057,711,514,creatine_mono,-,Hardline Creapure 250 gr
MOVE,15059,711,507,gainer,V,Hardline Progainer 5000 gr
MOVE,15060,711,494,isolate,V,Hardline Hipro IsoWhey 908 gr
MOVE,15061,711,370,creatine,V,Hardline Kreatin 300 gr
MOVE,15062,711,733,carnitine_liquid,V,Hardline L-Karnitin Matrix 3000 mg 20 Shot
MOVE,15063,711,733,carnitine_liquid,V,Hardline L-Karnitin Matrix 3000 mg 7 Ampül
MOVE,15065,711,507,gainer,V,Hardline Progainer 1406 gr
MOVE,15066,711,733,carnitine_liquid,V,Hardline Thermo L-Karnitin Sıvı 1000 ml
MOVE,15068,711,368,protein_generic_400g,V,Hardline Vmax Protein 2000 gr
MOVE,15069,711,368,protein_generic_400g,V,Hardline Vmax Protein 908 gr
MOVE,15070,711,493,whey,V,Hardline Whey 3 Matrix 210 gr
MOVE,15071,711,493,whey,V,Hardline Whey 3 Matrix 2300 gr
MOVE,15072,711,493,whey,-,Hardline Whey 3 Matrix 30 gr 15 Saşe
MOVE,15073,711,493,whey,V,Hardline Whey 3 Matrix 454 gr
MOVE,15074,711,493,whey,V,Hardline Whey 3 Matrix 908 gr
MOVE,15078,711,493,whey,V,Big Joy Big Whey Classic Protein Tozu 2376 gr
MOVE,15079,711,518,preworkout,V,Big Joy Predator Pre-workout 510 gr
MOVE,15080,711,493,whey,V,Big Joy Big Whey Go Protein 2070 Gr 68 Saşe
MOVE,15081,711,500,bcaa,-,Big Joy BCAABİG 589 gr 32 Servis
MOVE,15082,711,500,bcaa,V,BigJoy BCAAPro 4:1:1 Ripped 432 gr
MOVE,15083,711,503,arginine,-,Bigjoy 100 % Pure L-Arginine Powder 300 gr Aromasız
MOVE,15084,711,503,arginine,-,Bigjoy %100 Pure L- Arginine 120 gram Aromasız
MOVE,15085,711,527,zma,V,Bigjoy AOL+ZMA 124 Kapsül
MOVE,15086,711,503,arginine,V,Bigjoy Arginin 120 Kapsül
MOVE,15087,711,500,bcaa,V,Bigjoy BCAA Pro 4:1:1 400 gr
MOVE,15088,711,500,bcaa,V,Bigjoy Bcaa Pro 4:1:1 420 gr Aromasız
MOVE,15089,711,500,bcaa,V,Bigjoy BCAA Pro Go! 21 Servis
MOVE,15090,711,500,bcaa,-,Bigjoy BCAA Pro Ripped Go! Mix 21 Saşe
MOVE,15091,711,522,beta_alanine,V,Bigjoy Beta Alanine Powder 300 gr Aromasız
MOVE,15093,711,507,gainer,-,Bigjoy BigMass Gainer Çikolata 5000 gram
MOVE,15095,711,493,whey,V,Bigjoy BigWhey Classic Whey Protein Tozu 30 Servis
MOVE,15096,711,368,protein_generic_400g,-,Bigjoy Bigwhey Go Protein 1040 gr 32 Saşe
MOVE,15097,711,523,citrulline,V,Bigjoy Citrulline Powder ( Sitrülün ) 300 gr
MOVE,15098,711,370,creatine,V,BigJoy Creabig Powder  Kreatin 300 Gr Aromasız
MOVE,15099,711,370,creatine,V,BigJoy Creamix 7000 Tri-Kreatin Malat 350 gr
MOVE,15100,711,493,whey,-,Bigjoy Doypack Big Whey Classic Whey Protein 488 gr
MOVE,15101,711,503,arginine,V,Bigjoy L-Arginine Powder 500 gr
MOVE,15102,711,518,preworkout,V,BigJoy Predator GO ! 17 GR x 21 Şase Pre-Workout
MOVE,15103,711,518,preworkout,V,Bigjoy Predator Pre-Workout 510 gr
MOVE,15104,711,733,carnitine_liquid,V,BigJoy Thermonator L- Karnitin  40 ml x 20 Ampul
MOVE,15105,711,733,carnitine_liquid,V,Big Joy Thermonator L-Carnitine 3000 mg 1000 ml
MOVE,15107,711,733,carnitine_liquid,V,Big Joy Thermonator L-Carnitine 3000 mg 1000 ml
MOVE,15108,711,503,arginine,V,Big Joy Arginine Go! 21 Drink Packets
MOVE,15111,711,500,bcaa,V,Bigjoy Big2 Bcaa+Glutamine 600 gr
MOVE,15112,711,368,protein_generic_400g,-,BigJoy BigWhey Go! Protein 458 Gr 15 Saşe
MOVE,15113,711,370,creatine,V,Bigjoy Creabig Go! Creatine 21 Drink Packets
MOVE,15114,711,370,creatine,V,Bigjoy Creabig Micronized Creatine Monohydrate 420 gr
MOVE,15117,711,530,joint,-,Bigjoy Glucosamine Chondroitin MSM 90 Tablet
MOVE,15118,711,501,glutamine,V,Bigjoy Glutabig %100 Glutamine Powder 300 gr
MOVE,15119,711,501,glutamine,V,Bigjoy Glutabig Glutamine Powder 420 gr
MOVE,15120,711,501,glutamine,-,Bigjoy Glutabig Go! Glutamine 21 Drink Packets
MOVE,15127,711,493,whey,V,Optimum Nutrition Gold Standard Whey Protein Tozu 908 gr
MOVE,15128,711,495,casein,V,Optimum Nutrition Optimum Gold Standard Casein Protein Tozu 908 gr
MOVE,15129,711,500,bcaa,-,Optimum Nutrition Gold Standard BCAA 266 gr
MOVE,15130,711,370,creatine,V,Optimum Nutrition Micronized Creatine Powder 317 gr
MOVE,15131,711,493,whey,V,Optimum Nutrition Gold Standard Whey Protein Tozu 450 gr
MOVE,15132,711,507,gainer,-,Optimum Nutrition Serious Mass Gainer Karbonhidrat Tozu 2727 gr
MOVE,15133,711,494,isolate,V,Applied Nutrition İSO-XP Whey Protein Isolate 1800 gr
MOVE,15134,711,493,whey,-,Applied Nutrition Critical Whey Protein Tozu 900 gr
MOVE,15136,711,500,bcaa,-,Applied Nutrition BCAA Amino Hydrate 450gr
MOVE,15137,711,518,preworkout,-,Applied Nutrition ABE Pre-Workout 315 gr
MOVE,15138,711,733,carnitine_liquid,-,ZeroShot L Carnitine 3000 mg + Plus Sambucus 12 Shot
MOVE,15139,711,733,carnitine_liquid,-,ZeroShot L Carnitine 3000 mg 12 Shot
MOVE,15140,711,544,nut_butter,-,Animal Joy Protein Peanut Butter 200 gr
MOVE,15141,711,370,creatine,V,Animal Joy Creatine Monohydrate 120 gr
MOVE,15142,711,370,creatine,V,Animal Joy Creatine Monohydrate 390 gr
MOVE,15144,711,518,preworkout,-,Animal Joy Pre Workout 200 gr 20 Servis
MOVE,15149,711,518,preworkout,-,Animal Joy Pre Workout 350 gr 35 Servis
MOVE,15150,711,737,carb_powder,V,Animal Joy Maltodekstrin ( Maltodextrin ) 2000 gr 40 Servis
MOVE,15156,711,514,creatine_mono,V,Multipower Creatine Creapure 500 gr
MOVE,15157,711,543,protein_bar,V,Multipower Protein Layer Protein Bar 50 gr x 18 Adet
MOVE,15158,711,543,protein_bar,V,Fit Bites Protein Bar 50 gr x 12 Adet
MOVE,15163,711,733,carnitine_liquid,V,Multipower L-Carnitine Liquid Forte 1800 Mg 20 Ampül
MOVE,15167,711,543,protein_bar,-,Muscle Station Supreme Crunchy Protein Bar 40 gr 24 Adet
MOVE,15168,711,518,preworkout,V,"Universal Animal Primal Pre Workout 507,5 gr"
MOVE,15170,711,518,preworkout,-,Grenade Pre-Workout 330 gr
MOVE,15171,711,512,thermogenic,-,Trec Clenburexin Thermo Cutting 90 Kapsül
MOVE,15172,711,502,eaa,V,Trec Nutrition Amino EAA High Speed 300 gr
MOVE,15173,711,518,preworkout,-,Trec Nutrition Boogieman Pre-Workout 300 gr
MOVE,15174,711,370,creatine,V,Trec Nutrition Creatine Monohydrate 300 gr
MOVE,15175,711,742,multivitamin,V,Trec Nutrition Multipack Multivitamin Complex 60 Kapsül
MOVE,15176,711,507,gainer,V,Trec Nutrition Solid Mass 3000 gr
MOVE,15180,711,518,preworkout,V,Bigjoy Noxone Pre-Workout 442 gr
MOVE,15181,711,494,isolate,-,Bigjoy Isopro Whey Isolate 1098 gr
MOVE,15184,711,493,whey,V,Grenade Whey Protein Blend 2000 gr Fudged Up
MOVE,15186,711,543,protein_bar,-,Muscle Station Duo Supreme Protein Bar 35 gr 24 Adet
MOVE,15188,711,494,isolate,V,Nutrever Whey Isolate Protein 900 gr
MOVE,15190,711,500,bcaa,V,Fa Nutrition Ice BCAA 375 gr
MOVE,15191,711,518,preworkout,-,Fa Nutrition Ice Pump Pre Workout 463 gr
MOVE,15192,711,493,whey,-,Multipower Whey Protein Shake 420 gram
MOVE,15193,711,510,carnitine,-,Bite & More L-Carnitine Coffee 12 gr x 10 Adet
MOVE,15195,711,546,rice_cake,-,Bite & More Proteinli Pirinç Patlağı 24'lü Paket
MOVE,15196,711,548,protein_snack,-,Bite & More Protein Pancake 50 gr x 12 Adet
MOVE,15197,711,494,isolate,-,Nutrend Iso Whey Prozero 2250 gr 90 Servis
MOVE,15198,711,543,protein_bar,-,Nutrever Xtreme Protein Bar 50 gr x 24 Adet
MOVE,15199,711,742,multivitamin,-,Optimum Nutrition Opti-Men Multivitamin 90 Tablet
MOVE,15200,711,742,multivitamin,-,Optimum Nutrition Opti-Women Multivitamin 60 Kapsül
MOVE,15201,711,494,isolate,-,Optimum Nutrition Gold Standard Isolate Protein 930 gr
MOVE,15203,711,494,isolate,V,Galvanize Nutrition 100 Isolate Whey Protein 1800 gr 72 Servis
MOVE,15204,711,494,isolate,-,Galvanize Nutrition 100 Isolate Whey Protein 900 gr 36 Servis
MOVE,15205,711,493,whey,V,Galvanize Nutrition 100 Whey Protein 756 gr 28 Servis
MOVE,15206,711,370,creatine,V,Galvanize Nutrition Creatine Monohydrate 300 gr
MOVE,15208,711,518,preworkout,V,Nuclear Nutrition Igniter Pre-Workout 438 gr
MOVE,15209,711,518,preworkout,V,"Fa Ice Pump Pre Workout Sample Box 18,5 gr x 10 Adet"
MOVE,15210,711,521,tribulus,V,Bigjoy Tribulus Grow 120 Kapsül
MOVE,15212,711,503,arginine,-,Bigjoy L-Arginine Powder 150 gr
MOVE,15213,711,737,carb_powder,-,Bigjoy Cream Of Rice 1000 gr
MOVE,15214,711,500,bcaa,V,Bigjoy BCAA Pro 4:1:1 Ripped 204 gr
MOVE,15215,711,514,creatine_mono,V,Bigjoy Creatine Creapure 121 gr
MOVE,15219,711,543,protein_bar,V,Bigjoy Classic High Protein Bar 45 gr 16 Adet
MOVE,15220,711,493,whey,-,Nutrend Whey Core Protein Tozu 900 gr
MOVE,15222,711,503,arginine,V,Hardline Arginine Fusion 650 gr
MOVE,15223,711,511,cla,V,Hardline CLA One 1000 Mg 100 Jel Kapsül
MOVE,15225,711,500,bcaa,V,MassQuick BCAA 150 gr
MOVE,15226,711,500,bcaa,V,MassQuick BCAA 300 gr
MOVE,15227,711,370,creatine,V,Massquick Creatine 150 gr
MOVE,15228,711,370,creatine,V,Massquick Creatine 300 gr
MOVE,15229,711,518,preworkout,V,MassQuick Dynamo Pre Workout 510 gr
MOVE,15230,711,518,preworkout,V,MassQuick Dynamo Pre-Workout 255 gr
MOVE,15232,711,501,glutamine,V,MassQuick Glutamine 300 gr
MOVE,15233,711,493,whey,V,MassQuick Gurme Whey Protein Tozu 2100 gr 70 Servis
MOVE,15234,711,493,whey,V,MassQuick Gurme Whey Protein Tozu 900 gr
MOVE,15235,711,518,preworkout,V,Massquick The Bomb Pre-Workout 480 gr
MOVE,15237,711,530,joint,V,Olimp Glucosamine Plus
MOVE,15238,711,521,tribulus,V,Kevin Levrone Gold Tribulus
MOVE,15239,711,507,gainer,-,Kevin Levrone Levro Legendary Mass 3000 gr
MOVE,15240,711,507,gainer,V,Massquick ProMass Gainer Gurme 3000 gr
MOVE,15241,711,733,carnitine_liquid,V,Massquick FatBurner L Carnitine 3000 mg 20 Shot
MOVE,15242,711,518,preworkout,V,MassQuick Dynamo Pre-Workout 50 ml x 20 Shot
MOVE,15243,711,494,isolate,-,Massquick Whey Isolate Gurme Protein 1800 gr
MOVE,15245,711,733,carnitine_liquid,V,Nowup Nutrition Extreme Synergy L Carnitine 1000 ml
MOVE,15246,711,503,arginine,V,Nowup Arginine Nitric Oxide Effect 360gr
MOVE,15248,711,510,carnitine,V,Nowup Nutrition Extreme Synergy L Carnitine Toffee 60 Adet
MOVE,15249,711,505,amino_complex,V,Nowup Post-Workout Magic Effect Amino Asit 360 gr
MOVE,15250,711,501,glutamine,V,Nowup Nutrition Glutamine Recovery Effect 360 gr
MOVE,15252,711,733,carnitine_liquid,V,Nowup Nutrition Extreme Synergy Carnitine 25 ml x20 Shot
MOVE,15255,711,518,preworkout,V,Nowup Nutrition Pre-Workout Incredible Effect 12 gr x 30 Saşe
MOVE,15257,711,507,gainer,V,Nowup Nutrition Carbo Gainer 82 gr 30 Saşe
MOVE,15259,711,507,gainer,V,Nowup Nutrition Muscle Gainer 1680 gr
MOVE,15264,711,540,collagen,V,Granio Riders Collagen Bar 40 gr x 24 Adet
MOVE,15266,711,543,protein_bar,V,Granio Riders High Protein Bar 50 gr x 24 Adet
MOVE,15267,711,543,protein_bar,V,Granio Riders Protein Bar 40 gr x 24 Adet
MOVE,15272,711,503,arginine,V,Bigjoy L-Arginine Powder 150 gr
MOVE,15274,711,493,whey,V,Hardline Whey Matrix 30 gr X 26 Saşe
MOVE,15275,711,500,bcaa,V,Hardline Bcaa Glutamine 115 gr
MOVE,15276,711,516,creatine_micronized,V,Hardline Kreatin Mikronize 120 gr
MOVE,15479,711,493,whey,V,"Animal, 100% Whey Protein 2.3kg"
MOVE,15480,711,370,creatine,V,"Animal, %100 Saf Creatine Monohydrate™ Tozu"
MOVE,15490,711,493,whey,-,Critical Whey Protein 2kg
MOVE,15491,711,493,whey,-,Bodyfuel™ Whey Protein 900GR
MOVE,15492,711,493,whey,-,Bodyfuel™ Whey Protein 1.8kg
MOVE,15493,711,502,eaa,V,EAA 250g
MOVE,15494,711,514,creatine_mono,V,Kreatin Monohidrat 300gr
MOVE,15495,711,500,bcaa,V,BCAA 4:1:1
MOVE,15497,711,503,arginine,V,L-Arginine
MOVE,15498,711,493,whey,V,"Animal, 100% Whey Protein 908gr"
MOVE,15499,711,493,whey,V,"Animal, 100% Whey Protein 454gr"
MOVE,15501,711,493,whey,-,Vitafy Whey Protein 360gr
MOVE,15502,711,493,whey,V,"Animal, 100% Whey Protein 1.8kg"
MOVE,15828,711,493,whey,-,West Nutrition Whey Protein Paket Small
MOVE,15829,711,510,carnitine,-,L-Karnitin Taurin 30 Saşe Limon Aromalı
MOVE,15830,711,510,carnitine,-,L-Karnitin Taurin 250 gr 50 Servis Limon Aromalı
MOVE,15831,711,733,carnitine_liquid,-,L-Karnitin 3000 mg. 20 Tüp L-Carnitine
MOVE,15832,711,500,bcaa,-,BCAA 4:1:1 500 gram Aromasız
MOVE,15834,711,733,carnitine_liquid,-,L-Karnitin 1000 ml + Heat 120 Tablet Kombinasyonu
MOVE,15837,711,500,bcaa,-,BCAA 4:1:1 300 gr (30 Saşe) Aroma Seçenekli
MOVE,15838,711,500,bcaa,-,BCAA 12000 Plus Glutamin Taurin 36 Şase Karışık Aroma
MOVE,15839,711,507,gainer,-,Mass Gainer Karbonhidrat Tozu 3000 gr 30 Servis
MOVE,15840,711,514,creatine_mono,-,Kreatin Monohidrat 300 gr 50 Servis Aroma Seçenekli
MOVE,15841,711,500,bcaa,-,BCAA 4:1:1 500 gr (50 Servis) Aroma Seçenekli
AMBIGUOUS_SKIPPED,5356,711,,elektrolit+karnitin,,Olimp Iso Plus+L-Carnitine Isotonic Drınk 700 Gr
AMBIGUOUS_SKIPPED,5800,711,,arjinin+zma,,Muscle Pump ZMA+ARGİNİNE 90 Kapsül
AMBIGUOUS_SKIPPED,5908,711,,arjinin+vitamin+zma,,Bağışıklık Paketi-1 (ZMA+Arginine-Multivitamin 90 Kap.)
AMBIGUOUS_SKIPPED,6120,711,,magnezyum+vitamin,,Nutraxin Magnesium Complex+Vitamin B6 60 Tablet
AMBIGUOUS_SKIPPED,6126,711,,eklem+jel,,Nutraxin Artroflex Glucosamine 90 Tablet + Extra Jel 100 mL HEDİYELİ
AMBIGUOUS_SKIPPED,6134,711,,protein+snack,,Protein Ocean Whey Protein Cookie & Banana 400 Gr
AMBIGUOUS_SKIPPED,6141,711,,eklem+kolajen,,Nutraxin Artroflex Plus Collagen 90 Tablet
AMBIGUOUS_SKIPPED,8843,711,,elektrolit+jel+magnezyum,,Applied Nutrition Endurance İsotonic Energy Gel Magnesium Fruit Burst 20 Adet x 60 ml.
AMBIGUOUS_SKIPPED,8844,711,,elektrolit+jel+magnezyum,,Applied Nutrition Endurance İsotonic Energy Gel Magnesium Fruit Burst 60 ml.
AMBIGUOUS_SKIPPED,8858,711,,bcaa+glutamin+kreatin,,Bigjoy Bcaa+Glutamine+Creatine Portakal 480 gram
AMBIGUOUS_SKIPPED,8887,711,,eaa+glutamin+kreatin,,Bigjoy EAA+Glutamine+Creatine Portakal 480 gram
AMBIGUOUS_SKIPPED,9213,711,,cla+karnitin,,Olimp Cla With Green Tea + L-Carnitine  60 Kapsül
AMBIGUOUS_SKIPPED,9218,711,,elektrolit+karnitin,,Olimp İso Plus + L-Carnitine İsotonic Drink  700 gram
AMBIGUOUS_SKIPPED,9288,711,,protein+snack,,Prime Nutrition Protein Pancake Çikolata 750 gram
AMBIGUOUS_SKIPPED,9298,711,,protein+snack,,Prime Nutrition Whey Protein Cookie & Ice Cream 990 gram
AMBIGUOUS_SKIPPED,9299,711,,protein+snack,,Prime Nutrition Whey Protein Cookie & Ice Cream 495 gram
AMBIGUOUS_SKIPPED,9314,711,,glutamin+kreatin,,S4U Strike Series Creatine+Glutamine Aromasız 300 gram
AMBIGUOUS_SKIPPED,9362,711,,glutamin+kreatin,,Bigjoy Big2 Creatine+Glutamine Aromasız 505 gram
AMBIGUOUS_SKIPPED,9373,711,,protein+snack,,Nutrend %100 Whey Protein Cookie Cream 2250 gram
AMBIGUOUS_SKIPPED,9552,711,,omega+vitamin,,Easy Fish Oil Multi Multivitamin ve Balık Yağı Çiğnenebilir  30 Tablet
AMBIGUOUS_SKIPPED,9553,711,,omega+vitamin,,Easy Fish Oil Portakal ve Limon Aromalı Balık Yağı ve D Vitamini Çiğnenebilir  30 Tablet
AMBIGUOUS_SKIPPED,9709,711,,protein+snack,,Mealjoy Protein Pankek & Waffle Çikolata 600 gr
AMBIGUOUS_SKIPPED,9783,711,,eklem+jel,,Nutraxin Artroflex HYA-C-II 90Tablet + Extra Gel Hediye!
AMBIGUOUS_SKIPPED,9915,711,,bar+snack,,QNT Protein Wafer Protein Bar 35 gr Belçika Çikolatası 12 Adet
AMBIGUOUS_SKIPPED,9916,711,,bar+snack,,QNT Protein Wafer Protein Bar 35 gr Belçika Çikolatası 1 Adet
AMBIGUOUS_SKIPPED,9954,711,,glutamin+kreatin,,S4U Strake Series Creatine + Glutamine 300 g
AMBIGUOUS_SKIPPED,10067,711,,magnezyum+vitamin,,Venatura Magnezyum Bisglisinat Sitrat ve P-5-P (Vitamin B6)  60 Kapsül
AMBIGUOUS_SKIPPED,10173,711,,glutamin+kreatin,,Hardline KGT Kreatin-Glutamin-Taurin Limon 1000 Gr
AMBIGUOUS_SKIPPED,10217,711,,glutamin+kreatin,,BigJoy Big2 Creatine + Glutamine  505 Gr
AMBIGUOUS_SKIPPED,10341,711,,magnezyum+vitamin,,Nutraxin Magnesium Complex Vitamin B6  60 Tablet
AMBIGUOUS_SKIPPED,10401,711,,magnezyum+mineral+vitamin,,Solgar Calcium Magnesium with Vitamin D3  150 Tablet
AMBIGUOUS_SKIPPED,10422,711,,magnezyum+vitamin,,Solgar Magnesium with Vitamin B6  100 Tablet
AMBIGUOUS_SKIPPED,10450,711,,omega+vitamin,,Sorvagen Smart Sitikolin DHA Omega 3 ve B12  30 Kapsül
AMBIGUOUS_SKIPPED,10537,711,,karb+protein,,Bigjoy Cream Of Rice Whey Vanilya 1200 Gr
AMBIGUOUS_SKIPPED,10664,711,,protein+snack,,Mealjoy Protein Puding Çikolata 500 gr
AMBIGUOUS_SKIPPED,10670,711,,magnezyum+mineral+vitamin,,"Nutrivita Calcium, Magnesium, Zinc+Vitamin D  120 Tablet"
AMBIGUOUS_SKIPPED,10684,711,,omega+vitamin,,Ocean Multi Vitamin ve Balık Yağı Ballı Portakal 150 mL
AMBIGUOUS_SKIPPED,10724,711,,bar+probiyotik,,Uniq2go Tatlı Ekşi Pre-Probiyotik Protein Bar 38 Gr  16 Adet
AMBIGUOUS_SKIPPED,10725,711,,bar+probiyotik,,Uniq2go Tatlı Ekşi Pre-Probiyotik Protein Bar 38 Gr  1 Adet
AMBIGUOUS_SKIPPED,10730,711,,magnezyum+vitamin,,Venatura Magnezyum Sitrat ve P-5-P (Vitamin B6)  60 Tablet
AMBIGUOUS_SKIPPED,10740,711,,kreatin+protein,,Hardline Whey 3 Matrix + Creatine Paketi
AMBIGUOUS_SKIPPED,10779,711,,cla+karnitin,,Olimp CLA + L-Carnitine  60 Kapsül
AMBIGUOUS_SKIPPED,10840,711,,eaa+glutamin+kreatin,,BigJoy EAA + Glutamine + Creatine Portakal 480 Gr
AMBIGUOUS_SKIPPED,10875,711,,bcaa+karnitin,,TNT Carnitine ve BCAA Plus Kombinasyonu
AMBIGUOUS_SKIPPED,10952,711,,omega+q10,,Omepa Q10 Omega3 & Ubikinol  60 Kapsül
AMBIGUOUS_SKIPPED,10953,711,,omega+vitamin,,Omepa DK2 Omega3 & Vitamin D & MK7  100 Kapsül
AMBIGUOUS_SKIPPED,11002,711,,q10+vitamin,,Medigard Vitamin Mineral Kompleks CoQ10 30 tablet
AMBIGUOUS_SKIPPED,11042,711,,magnezyum+vitamin,,Dynavit Magnesium Citrate 200 Mg & Vitamin D  60 Tablet
AMBIGUOUS_SKIPPED,14132,711,,cla+karnitin,,CLA With Green Tea Plus L-Carnitine 60 Kapsül
AMBIGUOUS_SKIPPED,14231,711,,glutamin+termo,,Grenade Thermo Detonator 100 Kapsül Ve L-Glutamine 500 Gr
AMBIGUOUS_SKIPPED,14436,711,,omega+q10,,Mindivan Krill Oil+ Omega 3+ Coenzyme Q10 60 Kapsül
AMBIGUOUS_SKIPPED,14444,711,,arjinin+vitamin,,Mindivan Vitamin B12+ Ginkgo Biloba+ Arginin 60 Kapsül
AMBIGUOUS_SKIPPED,14449,711,,bcaa+karb,,Vitargo Bcaa Race 500 gr
AMBIGUOUS_SKIPPED,14496,711,,arjinin+zma,,Torq Gold Zma + L-Arginine Complex 90 Kapsül
AMBIGUOUS_SKIPPED,14544,711,,arjinin+zma,,Torq Gold Zma + L-Arginine Complex 180 Kapsül
AMBIGUOUS_SKIPPED,14976,711,,arjinin+zma,,L Arjinin + ZMA 60 Servis 480 gr
AMBIGUOUS_SKIPPED,14989,711,,magnezyum+mineral+vitamin+zma,,ZMA ( Çinko- Magnezyum - B6 Vitamini ) 180 Kapsül
AMBIGUOUS_SKIPPED,14990,711,,bcaa+termo,,Thermotech BCAA 585 gr 45 Servis
AMBIGUOUS_SKIPPED,14996,711,,arjinin+zma,,ArgiZmaTech Arginine ZMA 500 gr
AMBIGUOUS_SKIPPED,14998,711,,betaalanin+preworkout,,FirePower Pre-Workout (Beta Alanine - Taurin - Betain ) 390 gr
AMBIGUOUS_SKIPPED,14999,711,,betaalanin+preworkout,,FirePower Pre-Workout (Beta Alanine - Taurin - Betain ) 20 X 100 ml
AMBIGUOUS_SKIPPED,15014,711,,arjinin+zma,,Argizmatech Arginine ZMA 20 Sachets
AMBIGUOUS_SKIPPED,15115,711,,eaa+glutamin+kreatin,,Bigjoy EAA+Glutamine+Creatine 480 gr
AMBIGUOUS_SKIPPED,15147,711,,ezme+protein,,Animal Joy Protein Peanut Butter 600 gr
AMBIGUOUS_SKIPPED,15151,711,,protein+snack,,Animal Joy Protein Pankek 750 gr
AMBIGUOUS_SKIPPED,15152,711,,protein+snack,,Animal Joy Glutensiz Protein Pankek 750 gr
AMBIGUOUS_SKIPPED,15221,711,,kreatin+protein,,Optimum Gold Standard Whey Protein 2273 gr + Micronized Creatine 317 gr Kombinasyonu
AMBIGUOUS_SKIPPED,15231,711,,amino+eaa,,Massquick EAA Esansiyel Amino Asit 300 gr
AMBIGUOUS_SKIPPED,15247,711,,amino+bcaa,,Nowup Nutrition BCAA 4:1:1 Muscle Effect Amino Asit 360 gr
AMBIGUOUS_SKIPPED,15254,711,,amino+eaa,,Nowup Nutrition EAA All 9 Essential Amino Asit 360 gr
AMBIGUOUS_SKIPPED,15833,711,,preworkout+tribulus,,Buster Preworkout + Tribu90 Tribulus 90 Tablet Paketi
AMBIGUOUS_SKIPPED,15835,711,,kreatin+protein,,Whey Protein Tozu 2400 gram - Kreatin Monohidrat 600 gram Paketi
AMBIGUOUS_SKIPPED,15836,711,,arjinin+gainer,,Mass Gainer 6000 gram - L-Arjinin 420 gram Paketi
ACCESSORY_SKIPPED,5395,711,,,,Dragon Fitness Eldiven W8013 - M
ACCESSORY_SKIPPED,5396,711,,,,Dragon Fitness Eldiven W8013 - L
ACCESSORY_SKIPPED,5397,711,,,,Dragon Fitness Eldiven W8013 - M
ACCESSORY_SKIPPED,5398,711,,,,Dragon Fitness Eldiven Body41 - L
ACCESSORY_SKIPPED,5399,711,,,,Dragon Fitness Eldiven Body41 - XL
ACCESSORY_SKIPPED,5400,711,,,,Dragon Fitness Eldiven W8065 - L
ACCESSORY_SKIPPED,5401,711,,,,Dragon Fitness Eldiven W8065 - L
ACCESSORY_SKIPPED,5402,711,,,,Dragon Fitness Eldiven W8065 - M
ACCESSORY_SKIPPED,5405,711,,,,Muscle Pump Şort - Gri - M
ACCESSORY_SKIPPED,5406,711,,,,Muscle Pump Şort - Gri - M
ACCESSORY_SKIPPED,5407,711,,,,Muscle Pump Şort - Gri - L
ACCESSORY_SKIPPED,5408,711,,,,Muscle Pump Şort - Gri - XL
ACCESSORY_SKIPPED,5419,711,,,,Dragon Eldiven Gripad ÇİFT
ACCESSORY_SKIPPED,5429,711,,,,Body Fit Shop Anahtarlık
ACCESSORY_SKIPPED,5434,711,,,,Full Power Gym Eşofman Çizgili - Siyah - S
ACCESSORY_SKIPPED,5435,711,,,,Full Power Gym Eşofman - Beyaz - M
ACCESSORY_SKIPPED,5436,711,,,,Full Power Gym Eşofman - Beyaz - S
ACCESSORY_SKIPPED,5437,711,,,,Full Power Gym Eşofman - Beyaz - XL
ACCESSORY_SKIPPED,5438,711,,,,Full Power Gym Eşofman - Kırmızı - S
ACCESSORY_SKIPPED,5439,711,,,,Full Power Gym Eşofman - Siyah - L
ACCESSORY_SKIPPED,5440,711,,,,Full Power Gym Eşofman - Siyah - M
ACCESSORY_SKIPPED,5441,711,,,,Full Power Gym Eşofman - Siyah - S
ACCESSORY_SKIPPED,5442,711,,,,Full Power Gym Eşofman - Siyah - XL
ACCESSORY_SKIPPED,5444,711,,,,Dragon Eldiven Body20 - M
ACCESSORY_SKIPPED,5447,711,,,,Dragon Eldiven Body20 - XL
ACCESSORY_SKIPPED,5448,711,,,,Dragon Eldiven Body20 - M
ACCESSORY_SKIPPED,5455,711,,,,Muscle Pump Havlu
ACCESSORY_SKIPPED,5461,711,,,,Body Fit Shop İpli Askılı Çanta
ACCESSORY_SKIPPED,5467,711,,,,Dragon Fitness Eldiveni W8063 - L
ACCESSORY_SKIPPED,5468,711,,,,Dragon Fitness Eldiveni W8063 - L
ACCESSORY_SKIPPED,5469,711,,,,Dragon Fitness Eldiveni W8063 - M
ACCESSORY_SKIPPED,5470,711,,,,Dragon Fitness Eldiveni W8063 - XL
ACCESSORY_SKIPPED,5471,711,,,,Dragon Fitness Eldiven Body41 - L
ACCESSORY_SKIPPED,5472,711,,,,Dragon Fitness Eldiven Body41 - M
ACCESSORY_SKIPPED,5479,711,,,,Protein Ocean Shaker
ACCESSORY_SKIPPED,5488,711,,,,H Sport Bileklik ÇİFT (BASKI VE RENK FARKLILIK GÖSTERİR)
ACCESSORY_SKIPPED,5489,711,,,,H Sport Sarmal Kalın Bileklik ÇİFT (BASKI VE RENK FARKLILIK GÖSTERİR)
ACCESSORY_SKIPPED,5490,711,,,,H Sport Bileklikli Strap ÇİFT (BASKI VE RENK FARKLILIK GÖSTERİR)
ACCESSORY_SKIPPED,5492,711,,,,Protein Ocean Hazneli Siyah Shaker
ACCESSORY_SKIPPED,5494,711,,,,H Sport Fitness Eldiven - Pembe - S
ACCESSORY_SKIPPED,5495,711,,,,H Sport Fitness Bilekli Eldiven - Siyah - XL
ACCESSORY_SKIPPED,5496,711,,,,H Sport Fitness Bilekli Eldiven - Siyah - XL
ACCESSORY_SKIPPED,5497,711,,,,H Sport Fitness Bilekli Eldiven - Siyah - L
ACCESSORY_SKIPPED,5498,711,,,,H Sport Fitness Eldiven - Siyah - S
ACCESSORY_SKIPPED,5499,711,,,,H Sport Fitness Eldiven - Siyah - XL
ACCESSORY_SKIPPED,5500,711,,,,H Sport Eldiven Lüks Gripad Siyah
ACCESSORY_SKIPPED,5502,711,,,,Muscle Pump Şort - Gri - S
ACCESSORY_SKIPPED,5583,711,,,,H Sport Pro Kemer S-M
ACCESSORY_SKIPPED,5584,711,,,,Dragon Fitness Eldiven W8064 - M
ACCESSORY_SKIPPED,5586,711,,,,Yağ Yakım Paketi (L-Carnitine + CLA + Anahtarlık)
ACCESSORY_SKIPPED,5598,711,,,,Muscle Pump Spor Çanta - Mavi
ACCESSORY_SKIPPED,5599,711,,,,Muscle Pump Spor Çanta - Gri
ACCESSORY_SKIPPED,5600,711,,,,Muscle Pump Spor Çanta - Mavi
ACCESSORY_SKIPPED,5601,711,,,,Muscle Pump Spor Çanta - Neon Yeşil
ACCESSORY_SKIPPED,5602,711,,,,Muscle Pump Spor Çanta - Siyah
ACCESSORY_SKIPPED,5603,711,,,,Muscle Pump Spor Çanta - Turuncu
ACCESSORY_SKIPPED,5612,711,,,,Dragon Fitness Eldiven W8013 - XL
ACCESSORY_SKIPPED,5618,711,,,,Dragon Fitness Eldiven W8065 - XL
ACCESSORY_SKIPPED,5619,711,,,,Dragon Fitness Eldiven W8065 - S
ACCESSORY_SKIPPED,5622,711,,,,H Sport Fitness Bilekli Eldiven - Siyah - S
ACCESSORY_SKIPPED,5623,711,,,,H Sport Fitness Bilekli Eldiven - Siyah - XL
ACCESSORY_SKIPPED,5624,711,,,,H Sport Atlet - Gri - L
ACCESSORY_SKIPPED,5625,711,,,,H Sport Atlet - Beyaz - XL
ACCESSORY_SKIPPED,5626,711,,,,H Sport Atlet - Siyah - S
ACCESSORY_SKIPPED,5627,711,,,,H Sport Atlet - Siyah - M
ACCESSORY_SKIPPED,5628,711,,,,H Sport Atlet - Siyah - L
ACCESSORY_SKIPPED,5629,711,,,,H Sport Atlet - Siyah - XL
ACCESSORY_SKIPPED,5630,711,,,,H Sport Atlet - Beyaz - S
ACCESSORY_SKIPPED,5631,711,,,,H Sport Oversize Tişört - Yeşil - XL
ACCESSORY_SKIPPED,5632,711,,,,H Sport Oversize Tişört - Siyah - M
ACCESSORY_SKIPPED,5633,711,,,,H Sport Oversize Tişört - Siyah - L
ACCESSORY_SKIPPED,5634,711,,,,H Sport Oversize Tişört - Beyaz - M
ACCESSORY_SKIPPED,5635,711,,,,H Sport Oversize Tişört - Beyaz - L
ACCESSORY_SKIPPED,5645,711,,,,Full Power Gym Eşofman - Gri - M
ACCESSORY_SKIPPED,5646,711,,,,Full Power Gym Eşofman - Gri - L
ACCESSORY_SKIPPED,5647,711,,,,Full Power Gym Eşofman - Gri - XL
ACCESSORY_SKIPPED,5677,711,,,,Optimum Gold Standard Zone Shaker
ACCESSORY_SKIPPED,5704,711,,,,Muscle Pump Pro Kemer S-M
ACCESSORY_SKIPPED,5705,711,,,,Muscle Pump Pro Kemer L-XL
ACCESSORY_SKIPPED,5706,711,,,,Full Power Gym Eşofman Çizgili - Siyah - M
ACCESSORY_SKIPPED,5707,711,,,,Full Power Gym Eşofman Çizgili - Siyah - XL
ACCESSORY_SKIPPED,5708,711,,,,Full Power Gym Eşofman Çizgili - Siyah - L
ACCESSORY_SKIPPED,5709,711,,,,Full Power Gym Eşofman - Sarı - M
ACCESSORY_SKIPPED,5710,711,,,,Full Power Gym Eşofman - Mavi - XL
ACCESSORY_SKIPPED,5711,711,,,,Full Power Gym Eşofman - Mavi - S
ACCESSORY_SKIPPED,5712,711,,,,Full Power Gym Eşofman - Mavi - M
ACCESSORY_SKIPPED,5713,711,,,,Full Power Gym Eşofman - Kırmızı - XL
ACCESSORY_SKIPPED,5714,711,,,,Full Power Gym Eşofman - Kırmızı - L
ACCESSORY_SKIPPED,5715,711,,,,Full Power Gym Eşofman - Beyaz - L
ACCESSORY_SKIPPED,5716,711,,,,Animal Baskılı Şort - Siyah - M
ACCESSORY_SKIPPED,5717,711,,,,Baskısız Düz Şort - Kamuflaj - L
ACCESSORY_SKIPPED,5718,711,,,,Baskısız Düz Şort - Kamuflaj - M
ACCESSORY_SKIPPED,5724,711,,,,Full Power Gym Eşofman - Gri - S
ACCESSORY_SKIPPED,5725,711,,,,H Sport Fitness Eldiven - Pembe - S
ACCESSORY_SKIPPED,5726,711,,,,H Sport Atlet - Kırçıllı Gri - M
ACCESSORY_SKIPPED,5727,711,,,,H Sport Atlet - Kırçıllı Gri - L
ACCESSORY_SKIPPED,5728,711,,,,H Sport Atlet - Gri - L
ACCESSORY_SKIPPED,5729,711,,,,H Sport Oversize Tişört - Light Haki - M
ACCESSORY_SKIPPED,5730,711,,,,H Sport Oversize Tişört - Light Haki - L
ACCESSORY_SKIPPED,5731,711,,,,H Sport Oversize Tişört - Yeşil - M
ACCESSORY_SKIPPED,5732,711,,,,H Sport Oversize Tişört - Yeşil - L
ACCESSORY_SKIPPED,5739,711,,,,Protein Ocean Pıllbox Hap Kutusu
ACCESSORY_SKIPPED,5741,711,,,,H Sport Oversize Tişört - Light Haki - XL
ACCESSORY_SKIPPED,5742,711,,,,H Sport Oversize Tişört - Mavi - XL
ACCESSORY_SKIPPED,5743,711,,,,H Sport Oversize Tişört - Yeşil - XL
ACCESSORY_SKIPPED,5744,711,,,,Protein Ocean Stronger Havlu
ACCESSORY_SKIPPED,5745,711,,,,Muscle Pump Mavi İpli Çanta
ACCESSORY_SKIPPED,5746,711,,,,Muscle Pump Pre Venom İpli Çanta
ACCESSORY_SKIPPED,5747,711,,,,Muscle Pump I'm Venom İpli Çanta
ACCESSORY_SKIPPED,5748,711,,,,Muscle Pump Pre Venom Yeşil İpli Çanta
ACCESSORY_SKIPPED,5749,711,,,,SYGENIX Gorilla İpli Çanta
ACCESSORY_SKIPPED,5764,711,,,,Sygenix Çift Hazneli Shaker
ACCESSORY_SKIPPED,5768,711,,,,H Sport Atlet - Mavi - L
ACCESSORY_SKIPPED,5769,711,,,,H Sport Atlet - Mavi - M
ACCESSORY_SKIPPED,5776,711,,,,Full Power Gym Eşofman Çizgili - Siyah - S
ACCESSORY_SKIPPED,5777,711,,,,H Sport Oversize Tişört - Gri - XL
ACCESSORY_SKIPPED,5778,711,,,,H Sport Oversize Tişört - Siyah -XL
ACCESSORY_SKIPPED,5786,711,,,,Full Power Gym Eşofman - Turuncu - S
ACCESSORY_SKIPPED,5787,711,,,,Full Power Gym Eşofman - Turuncu - M
ACCESSORY_SKIPPED,5788,711,,,,Full Power Gym Eşofman - Yeşil - S
ACCESSORY_SKIPPED,5789,711,,,,Full Power Gym Eşofman - Yeşil - M
ACCESSORY_SKIPPED,5790,711,,,,Full Power Gym Eşofman - Yeşil - L
ACCESSORY_SKIPPED,5791,711,,,,Full Power Gym Eşofman - Yeşil - XL
ACCESSORY_SKIPPED,5792,711,,,,Full Power Gym Eşofman - Turuncu - L
ACCESSORY_SKIPPED,5793,711,,,,Full Power Gym Eşofman - Turuncu - XL
ACCESSORY_SKIPPED,5797,711,,,,H Sport Pro Kemer S-M
ACCESSORY_SKIPPED,5798,711,,,,H Sport Pro Kemer L-XL
ACCESSORY_SKIPPED,5801,711,,,,Body Fit Shop Toz Saklama Hunisi
ACCESSORY_SKIPPED,5806,711,,,,Dragon 1787 Lady Siyah-Pembe Eldiven - M
ACCESSORY_SKIPPED,5807,711,,,,Dragon 1787 Lady Siyah-Pembe Eldiven - S
ACCESSORY_SKIPPED,5808,711,,,,Dragon 1787 Lady Siyah-Pembe Eldiven - M
ACCESSORY_SKIPPED,5809,711,,,,H Sport Oversize Tişört - Turuncu - XL
ACCESSORY_SKIPPED,5836,711,,,,H Sport Atlet - Mavi -S
ACCESSORY_SKIPPED,5837,711,,,,H Sport Atlet - Gri - S
ACCESSORY_SKIPPED,5838,711,,,,H Sport Oversize Tişört - Beyaz
ACCESSORY_SKIPPED,5839,711,,,,H Sport Fitness Eldiven - Siyah - M
ACCESSORY_SKIPPED,5840,711,,,,Dragon Fitness Eldiven W8064 - M
ACCESSORY_SKIPPED,5841,711,,,,Dragon Fitness Eldiven W8064 - XL
ACCESSORY_SKIPPED,5842,711,,,,Dragon Fitness Eldiven W8064 - L
ACCESSORY_SKIPPED,5845,711,,,,Dragon 1787 Lady Siyah-Pembe Eldiven - L
ACCESSORY_SKIPPED,5854,711,,,,Muscle Pump Venom Yeşil Shaker 500 Cc
ACCESSORY_SKIPPED,5855,711,,,,Muscle Pump Venom Bej Shaker 500 Cc
ACCESSORY_SKIPPED,5892,711,,,,Sygenix Sarı Shaker 500 Cc
ACCESSORY_SKIPPED,5903,711,,,,Muscle Pump Spor Çanta - Pembe
ACCESSORY_SKIPPED,5904,711,,,,Muscle Pump Spor Çanta - Kırmızı
ACCESSORY_SKIPPED,5935,711,,,,Sygenix Toz Saklama Hunisi
ACCESSORY_SKIPPED,5989,711,,,,Dragon Fitness Eldiven W8070 - M
ACCESSORY_SKIPPED,5990,711,,,,Dragon Fitness Eldiven W8070 - XL
ACCESSORY_SKIPPED,5991,711,,,,Dragon Fitness Eldiven W8070 - M
ACCESSORY_SKIPPED,5993,711,,,,Full Power Gym Eşofman - Sarı - L
ACCESSORY_SKIPPED,5994,711,,,,Full Power Gym Eşofman - Sarı - XL
ACCESSORY_SKIPPED,5996,711,,,,H Sport Sarmal İnce Bileklik ÇİFT (BASKI VE RENK FARKLILIK GÖSTERİR)
ACCESSORY_SKIPPED,6056,711,,,,Muscle Pump Siyah Shaker 600 Cc
ACCESSORY_SKIPPED,6057,711,,,,Muscle Pump Yeşil Venom Shaker 600 Cc
ACCESSORY_SKIPPED,6060,711,,,,Royals Küçük Yemek Taşıma Çantası
ACCESSORY_SKIPPED,6075,711,,,,MUSCLE PUMP BASKILI T-SHİRT
ACCESSORY_SKIPPED,6158,711,,,,Full Power Gym Eşofman - Mavi - L
ACCESSORY_SKIPPED,6179,711,,,,Delta Body Eldiveni Siyah Gri FGE-915 - S
ACCESSORY_SKIPPED,6181,711,,,,Delta Body Eldiveni Siyah Gri FGE-915 - S
ACCESSORY_SKIPPED,6182,711,,,,Muscle Pump Baskılı Klimalı Tişört - Beyaz - XXL
ACCESSORY_SKIPPED,6183,711,,,,Muscle Pump Baskılı Klimalı Tişört - Beyaz - XL
ACCESSORY_SKIPPED,6184,711,,,,Muscle Pump Baskılı Klimalı Tişört - Beyaz - L
ACCESSORY_SKIPPED,6185,711,,,,Muscle Pump Baskılı Klimalı Tişört - Beyaz - M
ACCESSORY_SKIPPED,6186,711,,,,Muscle Pump Baskılı Klimalı Tişört - Beyaz - XXL
ACCESSORY_SKIPPED,9024,711,,,,Grenade Shaker 600 ml. Yeşil
ACCESSORY_SKIPPED,9027,711,,,,Hardline 3D Maskot Anahtarlık
ACCESSORY_SKIPPED,9028,711,,,,Hardline Amerikan Beyzbol Şapka
ACCESSORY_SKIPPED,9031,711,,,,Hardline Antrenman Havlusu Siyah 100x50 cm
ACCESSORY_SKIPPED,9036,711,,,,Hardline Askılı Sporcu Çantası
ACCESSORY_SKIPPED,9060,711,,,,Hardline Güç Elinde Shaker 700 ml.
ACCESSORY_SKIPPED,9061,711,,,,Hardline Hazneli Shaker Kırmızı 600 ml.
ACCESSORY_SKIPPED,9062,711,,,,Hardline Hazneli Shaker Pembe 600 ml.
ACCESSORY_SKIPPED,9065,711,,,,Hardline İnce Bileklik
ACCESSORY_SKIPPED,9075,711,,,,Hardline Nutrition Toz Saklama Hunisi
ACCESSORY_SKIPPED,9113,711,,,,Jnx Sport Skull Shaker Askeri Yeşil 700 ml.
ACCESSORY_SKIPPED,9124,711,,,,Jofit Padded Straps Siyah - Beyaz
ACCESSORY_SKIPPED,9125,711,,,,Jofit Padded Straps Siyah - Kırmızı
ACCESSORY_SKIPPED,9126,711,,,,Jofit Padded Straps Siyah - Mavi
ACCESSORY_SKIPPED,9127,711,,,,Jofit Padded Straps Siyah - Neon Yeşil
ACCESSORY_SKIPPED,9128,711,,,,Jofit Premium Sports Şapka Haki-Beyaz
ACCESSORY_SKIPPED,9129,711,,,,Jofit Premium Sports Şapka Kırmızı-Beyaz
ACCESSORY_SKIPPED,9130,711,,,,Jofit Premium Sports Şapka Siyah-Beyaz
ACCESSORY_SKIPPED,9131,711,,,,Jofit Premium Sports Şapka Siyah-Turuncu
ACCESSORY_SKIPPED,9132,711,,,,Jofit Premium Sports Şapka Turuncu-Beyaz
ACCESSORY_SKIPPED,9133,711,,,,Jofit Pro Lifting Straps Siyah - Beyaz
ACCESSORY_SKIPPED,9134,711,,,,Jofit Pro Lifting Straps Siyah - Kırmızı
ACCESSORY_SKIPPED,9135,711,,,,Jofit Pro Lifting Straps Siyah - Mavi
ACCESSORY_SKIPPED,9136,711,,,,Jofit Pro Lifting Straps Siyah - Neon Yeşil
ACCESSORY_SKIPPED,9137,711,,,,Jofit Sporcu Antrenman Havlu 30x85 cm. Bej & Kırmızı
ACCESSORY_SKIPPED,9138,711,,,,Jofit Sporcu Antrenman Havlu 30x85 cm. Beyaz & Mavi
ACCESSORY_SKIPPED,9139,711,,,,Jofit Sporcu Antrenman Havlu 30x85 cm. Kahve & Yeşil
ACCESSORY_SKIPPED,9141,711,,,,Jofit Sporcu Antrenman Havlu 30x85 cm.Gri & Turuncu
ACCESSORY_SKIPPED,9142,711,,,,Jofit Sporcu Antrenman Havlu 38x105 cm. Siyah & Turuncu
ACCESSORY_SKIPPED,9143,711,,,,Jofit Straps Siyah - Beyaz
ACCESSORY_SKIPPED,9144,711,,,,Jofit Straps Siyah - Kırmızı
ACCESSORY_SKIPPED,9145,711,,,,Jofit Straps Siyah - Mavi
ACCESSORY_SKIPPED,9146,711,,,,Jofit Straps Siyah - Neon Yeşil
ACCESSORY_SKIPPED,9167,711,,,,Mr. Fit 3D Shaker Aslan 600 ml.
ACCESSORY_SKIPPED,9168,711,,,,Mr. Fit 3D Shaker Bulldog 600 ml.
ACCESSORY_SKIPPED,9169,711,,,,Mr. Fit 3D Shaker Goril 600 ml.
ACCESSORY_SKIPPED,9258,711,,,,Prime Nutrition Beyaz Shaker 500 ml.
ACCESSORY_SKIPPED,9270,711,,,,Prime Nutrition Kırmızı Optimus Anahtarlık Set
ACCESSORY_SKIPPED,9282,711,,,,Prime Nutrition Mavi Optimus Anahtarlık Set
ACCESSORY_SKIPPED,9285,711,,,,Prime Nutrition Plaka Anahtarlık
ACCESSORY_SKIPPED,9286,711,,,,Prime Nutrition Premium Anahtarlık Set
ACCESSORY_SKIPPED,9287,711,,,,Prime Nutrition Premium Team Havlu 30x100 cm.
ACCESSORY_SKIPPED,9289,711,,,,Prime Nutrition Şeffaf Shaker 500 ml.
ACCESSORY_SKIPPED,9290,711,,,,Prime Nutrition Shaker 700 ml.
ACCESSORY_SKIPPED,9291,711,,,,Prime Nutrition Shaker 700 ml. Sarı
ACCESSORY_SKIPPED,9292,711,,,,Prime Nutrition Shaker 700 ml. Turuncu
ACCESSORY_SKIPPED,9293,711,,,,Prime Nutrition Shaker 700 ml. Yeşil
ACCESSORY_SKIPPED,9307,711,,,,Proteinmax Mavi Be Strong Silikon Bileklik
ACCESSORY_SKIPPED,9308,711,,,,Proteinmax Pembe Be Strong Silikon Bileklik
ACCESSORY_SKIPPED,9309,711,,,,Proteinmax Toz Saklama Hunisi
ACCESSORY_SKIPPED,9310,711,,,,Proteinmax Turuncu Be Strong Silikon Bileklik
ACCESSORY_SKIPPED,9327,711,,,,Supplink Smart Shaker 600 ml.
ACCESSORY_SKIPPED,9354,711,,,,Zoomad Labs Moons Truck Anahtarlık
ACCESSORY_SKIPPED,9356,711,,,,Zoomad Labs Shaker Siyah 700 ml.
ACCESSORY_SKIPPED,9357,711,,,,Zoomad Labs Shaker Turuncu 700 ml.
ACCESSORY_SKIPPED,9358,711,,,,Zoomad Labs Siyah Toz Saklama Hunisi
ACCESSORY_SKIPPED,9366,711,,,,Bigjoy Super Shaker 500 ml.
ACCESSORY_SKIPPED,9520,711,,,,Derma Banyo Cotton Yüz Temizleme Eldiveni B3515
ACCESSORY_SKIPPED,9527,711,,,,Derma Banyo Parmaklı Banyo Eldiveni B3584
ACCESSORY_SKIPPED,9675,711,,,,Komili Soft Islak Bebek Havlusu  70 Adet
ACCESSORY_SKIPPED,9914,711,,,,Provitanya Toz Saklama Hunisi Şeffaf Turuncu
ACCESSORY_SKIPPED,9928,711,,,,Relentless Lifting Straps
ACCESSORY_SKIPPED,10054,711,,,,TNT Shaker  700 ml
ACCESSORY_SKIPPED,10192,711,,,,Dragon W1787 Bayan Ağırlık Fitness  Eldiveni S Beden
ACCESSORY_SKIPPED,10212,711,,,,Dragon W8064 Ağırlık Fitness Eldiveni Bilek Destekli M Beden
ACCESSORY_SKIPPED,10224,711,,,,Dragon Body20 Ağırlık Fitness Eldiveni XL Beden
ACCESSORY_SKIPPED,10372,711,,,,Dragon W8065 Ağırlık Fitness Eldiveni L Beden
ACCESSORY_SKIPPED,10391,711,,,,Provitanya Shaker (Karıştırıcı)  700 ml
ACCESSORY_SKIPPED,10397,711,,,,Provitanya Pill Box-Tablet Kutusu
ACCESSORY_SKIPPED,10488,711,,,,Hardline Antrenman Havlusu
ACCESSORY_SKIPPED,10489,711,,,,Hardline Askılı Çanta
ACCESSORY_SKIPPED,10494,711,,,,Hardline Bileklik
ACCESSORY_SKIPPED,10495,711,,,,Hardline Maskotlu Anahtarlık
ACCESSORY_SKIPPED,10496,711,,,,Hardline Shaker
ACCESSORY_SKIPPED,10497,711,,,,Hardline Şapka
ACCESSORY_SKIPPED,10498,711,,,,Hardline Logolu Puff Bandana
ACCESSORY_SKIPPED,10499,711,,,,Hardline Pill Box
ACCESSORY_SKIPPED,10546,711,,,,Bigjoy Shaker  500 ml
ACCESSORY_SKIPPED,10755,711,,,,Dragon Halter&Ağırlık Kemeri 4 inç 41037 S Beden
ACCESSORY_SKIPPED,10826,711,,,,Dragon Halter&Ağırlık Kemeri 6 inç 41038 XL Beden
ACCESSORY_SKIPPED,10838,711,,,,Grenade Shaker 600 ml Siyah
ACCESSORY_SKIPPED,10942,711,,,,Dragon Cotton Lifting Straps 63933
ACCESSORY_SKIPPED,10974,711,,,,Dragon Body10 Fitness Eldiveni XL Beden
ACCESSORY_SKIPPED,10977,711,,,,Grenade Shaker 600 ml Bej
ACCESSORY_SKIPPED,10978,711,,,,Grenade Shaker 600 ml Yeşil
ACCESSORY_SKIPPED,10979,711,,,,Grenade Shaker 600 ml Gri
ACCESSORY_SKIPPED,10982,711,,,,Provitanya Smart Shaker  500 ml
ACCESSORY_SKIPPED,10985,711,,,,Provitanya Shaker  500 ml
ACCESSORY_SKIPPED,11010,711,,,,Protein Ocean Stronger Shaker  500 ml
ACCESSORY_SKIPPED,11012,711,,,,Protein Ocean Pocket Shaker  500 ml
ACCESSORY_SKIPPED,11074,711,,,,Hardline Serdar Aktolga Atlet XL Beden
ACCESSORY_SKIPPED,11078,711,,,,Hardline Spor Çantası Kırmızı (Silindir)
ACCESSORY_SKIPPED,14126,711,,,,Eprotein Shaker Protein Karıştırıcı 700 ML
ACCESSORY_SKIPPED,14127,711,,,,Eprotein Shaker Protein Karıştırıcı 500 ML
ACCESSORY_SKIPPED,14186,711,,,,Multipower Fitness Antrenman Havlusu Mavi
ACCESSORY_SKIPPED,14187,711,,,,Olimp Shaker 700 Ml
ACCESSORY_SKIPPED,14218,711,,,,Full Power Gym Kapüşonlu Kolsuz Tişört
ACCESSORY_SKIPPED,14219,711,,,,Sis Professional Shaker 500 ML
ACCESSORY_SKIPPED,14220,711,,,,Multipower Lacivert Shaker 700 ML
ACCESSORY_SKIPPED,14221,711,,,,Eprotein Slim Fit Series Fitness Shaker 400 ML Mor
ACCESSORY_SKIPPED,14241,711,,,,Full Power Gym Sweatshirt Kapüşonlu
ACCESSORY_SKIPPED,14248,711,,,,Eprotein Essential Series Shaker 700 ML Kırmızı
ACCESSORY_SKIPPED,14249,711,,,,Eprotein Essential Series Shaker 700 ML Lacivert
ACCESSORY_SKIPPED,14250,711,,,,Eprotein Essential Series Shaker 700 ML Siyah
ACCESSORY_SKIPPED,14251,711,,,,Eprotein Performance Series Shaker 500 ml
ACCESSORY_SKIPPED,14252,711,,,,Eprotein Pro Hardcore Series Shaker Siyah
ACCESSORY_SKIPPED,14259,711,,,,Nutrever Shaker Pro Series 500 Ml
ACCESSORY_SKIPPED,14276,711,,,,Full Power Gym Alt Spor Eşofman Sarı
ACCESSORY_SKIPPED,14277,711,,,,Full Power Gym Alt Eşofman Kırmızı
ACCESSORY_SKIPPED,14280,711,,,,Full Power Gym Alt Eşofman Siyah Kareli
ACCESSORY_SKIPPED,14281,711,,,,Full Power Gym Alt Eşofman Bordo Geniş Çizgili
ACCESSORY_SKIPPED,14282,711,,,,Full Power Gym Alt Eşofman Koyu Lacivert Geniş Çizgili
ACCESSORY_SKIPPED,14283,711,,,,Full Power Gym Alt Eşofman Siyah Geniş Çizgili
ACCESSORY_SKIPPED,14284,711,,,,Full Power Gym Alt Eşofman Kamuflaj
ACCESSORY_SKIPPED,14285,711,,,,Full Power Gym Alt Eşofman Koyu Gri Geniş Çizgili
ACCESSORY_SKIPPED,14286,711,,,,Full Power Gym Ragtop Tişört Ekoseli Düz Siyah
ACCESSORY_SKIPPED,14287,711,,,,Full Power Gym Ragtop Tişört Kırmızı Beyaz
ACCESSORY_SKIPPED,14288,711,,,,Full Power Gym Ragtop tişört Tribal Yeşil Mavi
ACCESSORY_SKIPPED,14289,711,,,,Full Power Gym Ragtop Tişört Ekoseli Siyah Beyaz Çizgili
ACCESSORY_SKIPPED,14290,711,,,,Full Power Gym Ragtop Tişört Ekoseli Beyaz Siyah Çizgili
ACCESSORY_SKIPPED,14291,711,,,,Full Power Gym Ragtop Tişört Siyah Beyaz
ACCESSORY_SKIPPED,14292,711,,,,Full Power Gym Ragtop Tişört Sarı Siyah Çizgili
ACCESSORY_SKIPPED,14293,711,,,,Full Power Gym Ragtop Tişört Kırmızı Siyah Çizgili
ACCESSORY_SKIPPED,14296,711,,,,Full Power Gym Ragtop Tişört Lacivert Siyah Çizgili
ACCESSORY_SKIPPED,14297,711,,,,Full Power Gym Ragtop Tişört Kamuflaj Kahverengi
ACCESSORY_SKIPPED,14298,711,,,,Full Power Gym Ragtop Tişört Kamuflaj Hardal
ACCESSORY_SKIPPED,14299,711,,,,Full Power Gym Ragtop Tişört Kamuflaj Gri
ACCESSORY_SKIPPED,14314,711,,,,Full Power Gym Fileli Atlet Açık Sarı
ACCESSORY_SKIPPED,14315,711,,,,Full Power Gym Fileli Atlet Turuncu
ACCESSORY_SKIPPED,14316,711,,,,Full Power Gym Fileli Atlet Lacivert
ACCESSORY_SKIPPED,14317,711,,,,Full Power Gym Fileli Atlet Siyah
ACCESSORY_SKIPPED,14318,711,,,,Full Power Gym Ragtop tişört Kamuflaj Yeşil Kollar Fileli
ACCESSORY_SKIPPED,14336,711,,,,Hardline Köpekli 3D Maskot Anahtarlık
ACCESSORY_SKIPPED,14387,711,,,,Grenade You Got This Bileklik
ACCESSORY_SKIPPED,14433,711,,,,Full Power Gym Alt Eşofman Kamuflaj Gri
ACCESSORY_SKIPPED,14445,711,,,,Dex Supports Wrist Wraps Bileklik
ACCESSORY_SKIPPED,14517,711,,,,Full Power Gym Alt Eşofman Kamuflaj Kırmızı
ACCESSORY_SKIPPED,14522,711,,,,Full Power Gym Ragtop Tişört Kamuflaj Kırmızı
ACCESSORY_SKIPPED,14536,711,,,,Trec Nutrition Boogieman Shaker 700 Ml
ACCESSORY_SKIPPED,14548,711,,,,Full Power Gym Combat Atlet Sarı
ACCESSORY_SKIPPED,14549,711,,,,Full Power Gym Combat Atlet Siyah
ACCESSORY_SKIPPED,14583,711,,,,Full Power Gym Unisex Kısa Spor Şort Siyah
ACCESSORY_SKIPPED,14584,711,,,,Full Power Gym Unisex Kısa Spor Şort Gri
ACCESSORY_SKIPPED,14585,711,,,,Full Power Gym Unisex Kısa Spor Şort Füme
ACCESSORY_SKIPPED,14586,711,,,,Full Power Gym Unisex Kısa Spor Şort Mavi
ACCESSORY_SKIPPED,14591,711,,,,Trec Team Shaker 700 ML
ACCESSORY_SKIPPED,14592,711,,,,Nutrever Shaker Slim Fit Series 500 ML
ACCESSORY_SKIPPED,14626,711,,,,Joinfit Ankle Strap El ve Ayak Bilek Kemeri 2 adet
ACCESSORY_SKIPPED,14656,711,,,,JOINFIT Cimnastik Halkası ve Kemeri
ACCESSORY_SKIPPED,14973,711,,,,Bulk Nutrition Shaker 700 ml
ACCESSORY_SKIPPED,15076,711,,,,Hardline Hazneli Shaker 600 ml
ACCESSORY_SKIPPED,15159,711,,,,Beast Mode Oversize T-Shirt  Basic Model 66 Numara Baskılı
ACCESSORY_SKIPPED,15160,711,,,,Beast Mode Oversize T-Shirt  Basic Model 90 Numara Baskılı
ACCESSORY_SKIPPED,15161,711,,,,Beast Mode T-Shirt Reglan Kol Oversize Koyu Gri Kuru Kafa Baskılı
ACCESSORY_SKIPPED,15162,711,,,,Beast Mode T-Shirt Reglan Kol Oversize Kuru Kafa Baskılı
ACCESSORY_SKIPPED,15165,711,,,,Beast Mode Erkek Sporcu Atlet Kolsuz Siyah
ACCESSORY_SKIPPED,15179,711,,,,Bulk Nutrition Shaker 600 ml
ACCESSORY_SKIPPED,15182,711,,,,Leon Hakiki Deri Body Ağırlık ve Fitness Eldiveni
ACCESSORY_SKIPPED,15183,711,,,,Ayarlanabilir Ağırlık Kemeri Cırtlı
PLACEHOLDER_SKIPPED,5431,711,,,instock=0,Body Fit Shop Bileklik
PLACEHOLDER_SKIPPED,5456,711,,,instock=0,Muscle Pump Demir Stand
PLACEHOLDER_SKIPPED,5610,711,,,instock=0,Protein Ocean RED DETOX+
PLACEHOLDER_SKIPPED,5611,711,,,instock=0,Protein Ocean GREEN DETOX+
PLACEHOLDER_SKIPPED,5636,711,,,instock=0,H Sport Elcik
PLACEHOLDER_SKIPPED,5702,711,,,instock=0,Muscle Pump Strap
PLACEHOLDER_SKIPPED,5703,711,,,instock=0,Muscle Pump Bileklikli Strap
PLACEHOLDER_SKIPPED,5805,711,,,instock=0,Muscle Pump Masaüstü Stand
PLACEHOLDER_SKIPPED,5859,711,,,instock=0,Optimum Nutrition Havlu
PLACEHOLDER_SKIPPED,5907,711,,,instock=0,Pro Performans Paketi
PLACEHOLDER_SKIPPED,5911,711,,,instock=0,Fitness Aksesuar Kombinasyonu
PLACEHOLDER_SKIPPED,5997,711,,,instock=0,Olimp Shaker
PLACEHOLDER_SKIPPED,6157,711,,,instock=0,MİNİ TANIŞMA PAKETİ
PLACEHOLDER_SKIPPED,9001,711,,,instock=0,Effive Nutrition Pillbox
PLACEHOLDER_SKIPPED,10709,711,,,instock=0,Trec Boogieman Shaker Sarı
PLACEHOLDER_SKIPPED,10712,711,,,instock=0,Trec Team Shaker
PLACEHOLDER_SKIPPED,10739,711,,,instock=0,Hardline Prex + Creatine Paketi
PLACEHOLDER_SKIPPED,10750,711,,,instock=0,Dragon Fitness Elcik
PLACEHOLDER_SKIPPED,10766,711,,,instock=0,Dragon Pilates Bandı Hafif
PLACEHOLDER_SKIPPED,10932,711,,,instock=0,Dragon Pilates Bandı Orta
PLACEHOLDER_SKIPPED,10950,711,,,instock=0,Dragon Pilates Bandı Sert
PLACEHOLDER_SKIPPED,10987,711,,,instock=0,Provitanya Protein Tozu Kabı
PLACEHOLDER_SKIPPED,10988,711,,,instock=0,Provitanya Antrenman Havlusu
PLACEHOLDER_SKIPPED,11014,711,,,instock=0,Protein Ocean Stronger Havlu
PLACEHOLDER_SKIPPED,11015,711,,,instock=0,Protein Ocean Havlu
PLACEHOLDER_SKIPPED,11065,711,,,instock=0,Sanmarco Smart Shaker
PLACEHOLDER_SKIPPED,11072,711,,,instock=0,Hardline Maskotlu Puff Bandana
PLACEHOLDER_SKIPPED,11073,711,,,instock=0,Hardline Logolu Anahtarlık
PLACEHOLDER_SKIPPED,11075,711,,,instock=0,Hardline Atlet S Beden
PLACEHOLDER_SKIPPED,11079,711,,,instock=0,Protein Tozu
PLACEHOLDER_SKIPPED,11080,711,,,instock=0,İzole Protein Tozu
PLACEHOLDER_SKIPPED,11081,711,,,instock=0,Kazein Protein
PLACEHOLDER_SKIPPED,11082,711,,,instock=0,Soya Proteini
PLACEHOLDER_SKIPPED,11083,711,,,instock=0,Kompleks Protein
PLACEHOLDER_SKIPPED,11084,711,,,instock=0,Et Protein
PLACEHOLDER_SKIPPED,11085,711,,,instock=0,Yumurta Protein
PLACEHOLDER_SKIPPED,11086,711,,,instock=0,Gainer
PLACEHOLDER_SKIPPED,11087,711,,,instock=0,Amino Asit
PLACEHOLDER_SKIPPED,11088,711,,,instock=0,Glutamin
PLACEHOLDER_SKIPPED,11089,711,,,instock=0,EAA (Esansiyel Amino Asit)
PLACEHOLDER_SKIPPED,11090,711,,,instock=0,Kompleks Amino Asitler
PLACEHOLDER_SKIPPED,11091,711,,,instock=0,Arjinin
PLACEHOLDER_SKIPPED,11092,711,,,instock=0,AOL
PLACEHOLDER_SKIPPED,11093,711,,,instock=0,KREATİN
PLACEHOLDER_SKIPPED,11094,711,,,instock=0,Performans ve Güç
PLACEHOLDER_SKIPPED,11095,711,,,instock=0,Güç ve Performans
PLACEHOLDER_SKIPPED,11096,711,,,instock=0,Enerji ve Dayanıklılık
PLACEHOLDER_SKIPPED,11097,711,,,instock=0,Karbonhidrat ve Jel
PLACEHOLDER_SKIPPED,11098,711,,,instock=0,Kompleks Tribulus
PLACEHOLDER_SKIPPED,11099,711,,,instock=0,Form ve Diyet
PLACEHOLDER_SKIPPED,11100,711,,,instock=0,Karbonhidrat Engelleyici
PLACEHOLDER_SKIPPED,11101,711,,,instock=0,Termojenik Ürünler
PLACEHOLDER_SKIPPED,11102,711,,,instock=0,CLA
PLACEHOLDER_SKIPPED,11103,711,,,instock=0,Vitaminler
PLACEHOLDER_SKIPPED,11104,711,,,instock=0,Vitaminler
PLACEHOLDER_SKIPPED,11105,711,,,instock=0,Multivitaminler
PLACEHOLDER_SKIPPED,11106,711,,,instock=0,B Vitamini
PLACEHOLDER_SKIPPED,11107,711,,,instock=0,C Vitamini
PLACEHOLDER_SKIPPED,11108,711,,,instock=0,D Vitamini
PLACEHOLDER_SKIPPED,11109,711,,,instock=0,E Vitamini
PLACEHOLDER_SKIPPED,11110,711,,,instock=0,K Vitamini
PLACEHOLDER_SKIPPED,11111,711,,,instock=0,Mineraller
PLACEHOLDER_SKIPPED,11112,711,,,instock=0,Çinko
PLACEHOLDER_SKIPPED,11113,711,,,instock=0,Demir
PLACEHOLDER_SKIPPED,11114,711,,,instock=0,Kalsiyum
PLACEHOLDER_SKIPPED,11115,711,,,instock=0,Krom
PLACEHOLDER_SKIPPED,11116,711,,,instock=0,Selenyum
PLACEHOLDER_SKIPPED,11118,711,,,instock=0,Glukozamin ve Eklem
PLACEHOLDER_SKIPPED,11119,711,,,instock=0,Kolajen (Collagen)
PLACEHOLDER_SKIPPED,11120,711,,,instock=0,Antioksidan
PLACEHOLDER_SKIPPED,11121,711,,,instock=0,Astaksantin
PLACEHOLDER_SKIPPED,11122,711,,,instock=0,Glutatyon
PLACEHOLDER_SKIPPED,11124,711,,,instock=0,Kuersetin (Quercetin)
PLACEHOLDER_SKIPPED,11125,711,,,instock=0,Resveratrol
PLACEHOLDER_SKIPPED,11126,711,,,instock=0,Probiyotikler
PLACEHOLDER_SKIPPED,11127,711,,,instock=0,Bitkisel Ürünler
PLACEHOLDER_SKIPPED,11128,711,,,instock=0,Deve Dikeni (Milk Thistle)
PLACEHOLDER_SKIPPED,11129,711,,,instock=0,Ananas Ekstresi (Bromelain)
PLACEHOLDER_SKIPPED,11130,711,,,instock=0,Ginseng
PLACEHOLDER_SKIPPED,11131,711,,,instock=0,Passiflora
PLACEHOLDER_SKIPPED,11132,711,,,instock=0,Diğer Bitkisel Ürünler
PLACEHOLDER_SKIPPED,11133,711,,,instock=0,Diğer Takviyeler
PLACEHOLDER_SKIPPED,11135,711,,,instock=0,Pastil
PLACEHOLDER_SKIPPED,11137,711,,,instock=0,Kişisel Bakım
PLACEHOLDER_SKIPPED,11138,711,,,instock=0,CİLT BAKIM
PLACEHOLDER_SKIPPED,11139,711,,,instock=0,Yüz Bakımı
PLACEHOLDER_SKIPPED,11140,711,,,instock=0,El ve Vücut Bakımı
PLACEHOLDER_SKIPPED,11141,711,,,instock=0,Vücut Losyonları
PLACEHOLDER_SKIPPED,11142,711,,,instock=0,Cilt Bakım Serumları
PLACEHOLDER_SKIPPED,11144,711,,,instock=0,Kolonyalar
PLACEHOLDER_SKIPPED,11145,711,,,instock=0,Tıbbi Kremler
PLACEHOLDER_SKIPPED,11146,711,,,instock=0,AĞIZ VE DİŞ BAKIM
PLACEHOLDER_SKIPPED,11148,711,,,instock=0,Diş Fırçaları
PLACEHOLDER_SKIPPED,11150,711,,,instock=0,Diş İpleri
PLACEHOLDER_SKIPPED,11151,711,,,instock=0,BANYO ÜRÜNLERİ
PLACEHOLDER_SKIPPED,11152,711,,,instock=0,Duş Jelleri
PLACEHOLDER_SKIPPED,11153,711,,,instock=0,Banyo Sabunları
PLACEHOLDER_SKIPPED,11154,711,,,instock=0,Kağıt ve Islak Mendiller
PLACEHOLDER_SKIPPED,11155,711,,,instock=0,Pamuk
PLACEHOLDER_SKIPPED,11156,711,,,instock=0,SAÇ BAKIMI
PLACEHOLDER_SKIPPED,11160,711,,,instock=0,Tarak ve Saç Fırçaları
PLACEHOLDER_SKIPPED,11161,711,,,instock=0,KADIN BAKIM ÜRÜNLERİ
PLACEHOLDER_SKIPPED,11162,711,,,instock=0,Hijyen Ürünleri
PLACEHOLDER_SKIPPED,11164,711,,,instock=0,ERKEK BAKIM ÜRÜNLERİ
PLACEHOLDER_SKIPPED,11165,711,,,instock=0,Tıraş Bıçakları ve Yedekleri
PLACEHOLDER_SKIPPED,11168,711,,,instock=0,"EPİLASYON, AĞDA, TRAŞ"
PLACEHOLDER_SKIPPED,11169,711,,,instock=0,İLK YARDIM VE MEDİKAL
PLACEHOLDER_SKIPPED,11170,711,,,instock=0,Kinesio Bant
PLACEHOLDER_SKIPPED,11171,711,,,instock=0,Yara Bantları ve Bandajlar
PLACEHOLDER_SKIPPED,11172,711,,,instock=0,Kulak ve Burun Tıkacı
PLACEHOLDER_SKIPPED,11173,711,,,instock=0,CİNSEL SAĞLIK
PLACEHOLDER_SKIPPED,11174,711,,,instock=0,EL ve AYAK BAKIMI
PLACEHOLDER_SKIPPED,11175,711,,,instock=0,Tırnak Bakım
PLACEHOLDER_SKIPPED,11176,711,,,instock=0,Sağlıklı Yaşam & Beslenme
PLACEHOLDER_SKIPPED,11177,711,,,instock=0,Proteinli Atıştırmalıklar
PLACEHOLDER_SKIPPED,11178,711,,,instock=0,Protein Bar
PLACEHOLDER_SKIPPED,11179,711,,,instock=0,"Yulaf, Müsli & Granola"
PLACEHOLDER_SKIPPED,11180,711,,,instock=0,Pirinç Kreması
PLACEHOLDER_SKIPPED,11181,711,,,instock=0,Fıstık Ezmesi & Ezme Çeşitleri
PLACEHOLDER_SKIPPED,11182,711,,,instock=0,Glutensiz Gıdalar
PLACEHOLDER_SKIPPED,11183,711,,,instock=0,Sağlıklı Soslar & Tatlandırıcılar
PLACEHOLDER_SKIPPED,11184,711,,,instock=0,Doğal Macunlar
PLACEHOLDER_SKIPPED,11185,711,,,instock=0,Meyve Özleri & Şuruplar
PLACEHOLDER_SKIPPED,11186,711,,,instock=0,Doğal & Fermente Sirkeler
PLACEHOLDER_SKIPPED,11187,711,,,instock=0,Baharatlar
PLACEHOLDER_SKIPPED,11188,711,,,instock=0,Fonksiyonel İçecekler
PLACEHOLDER_SKIPPED,11189,711,,,instock=0,Aksesuarlar
PLACEHOLDER_SKIPPED,11190,711,,,instock=0,Shaker (Karıştırıcı)
PLACEHOLDER_SKIPPED,11191,711,,,instock=0,Powder / Phill Box
PLACEHOLDER_SKIPPED,11192,711,,,instock=0,Fitness Eldivenleri
PLACEHOLDER_SKIPPED,11193,711,,,instock=0,Spor Çanta
PLACEHOLDER_SKIPPED,11194,711,,,instock=0,Ağırlık Kemeri
PLACEHOLDER_SKIPPED,11195,711,,,instock=0,Antrenman Havlusu
PLACEHOLDER_SKIPPED,11196,711,,,instock=0,Fitness & Spor Giyim
PLACEHOLDER_SKIPPED,11197,711,,,instock=0,Erkek Fitness & Spor Giyim
PLACEHOLDER_SKIPPED,11198,711,,,instock=0,Erkek Fitness & Spor Giyim
PLACEHOLDER_SKIPPED,11199,711,,,instock=0,Erkek Fitness & Spor Giyim
PLACEHOLDER_SKIPPED,11200,711,,,instock=0,Erkek Fitness & Spor Giyim
PLACEHOLDER_SKIPPED,11201,711,,,instock=0,Diğer Aksesuarlar
PLACEHOLDER_SKIPPED,11210,711,,,instock=0,Magnezyum Çeşitleri ve Faydaları
PLACEHOLDER_SKIPPED,11212,711,,,instock=0,Magnezyum Ne İşe Yarar?
PLACEHOLDER_SKIPPED,11224,711,,,instock=0,Kreatin Nedir?
PLACEHOLDER_SKIPPED,11227,711,,,instock=0,Protein Tozu Zararlı Mı?
PLACEHOLDER_SKIPPED,11228,711,,,instock=0,Kreatin Gerekli mi?
PLACEHOLDER_SKIPPED,11231,711,,,instock=0,Kreatin Nasıl Kullanılır
PLACEHOLDER_SKIPPED,11232,711,,,instock=0,Kreatin Ne Zaman Kullanılır?
PLACEHOLDER_SKIPPED,14160,711,,,instock=0,Sci-Mx Shaker
PLACEHOLDER_SKIPPED,14188,711,,,instock=0,Grenade Bileklik Arm Yourself
PLACEHOLDER_SKIPPED,14206,711,,,instock=0,Hardline Nutrition Pilates
PLACEHOLDER_SKIPPED,14224,711,,,instock=0,Sci-Mx Sportswear T-Shirt
PLACEHOLDER_SKIPPED,14403,711,,,instock=0,Avec Crossfit Halatı
PLACEHOLDER_SKIPPED,15077,711,,,instock=0,Hardline Amerikan Beyzbol Şapka
PLACEHOLDER_SKIPPED,15148,711,,,instock=0,Animal Joy Protein Omlet
PLACEHOLDER_SKIPPED,15166,711,,,instock=0,Ağırlık Kemeri
PLACEHOLDER_SKIPPED,15177,711,,,instock=0,Trec Nutrition Shaker
PLACEHOLDER_SKIPPED,15481,711,,,instock=0,"Animal, PAK"
PLACEHOLDER_SKIPPED,15482,711,,,instock=0,ANIMAL UNIVERSAL GAIN FAST
PLACEHOLDER_SKIPPED,15483,711,,,instock=0,"Animal, Flex"
PLACEHOLDER_SKIPPED,15484,711,,,instock=0,Animal Cuts
PLACEHOLDER_SKIPPED,15485,711,,,instock=0,Universal Tribulus Pro
PLACEHOLDER_SKIPPED,15496,711,,,instock=0,L-Glutamin
PLACEHOLDER_SKIPPED,15500,711,,,instock=0,Amino Collagen Liquid
