product_id,store_id,slug,name,desc_len,visible
885,41,xtr-fitness-t-bar-rowing-sabitleyici-aparat,"XTR Fitness T-Bar Rowing Sabitleyici Aparat",43,1
895,41,boodun-profesyonel-luminous-bisiklet-eldiveni,"Boodun Profesyonel Luminous Bisiklet Eldiveni",45,1
904,41,joinfit-pro-anti-burst-yoga-ve-pilates-topu-75-cm-koyu-gri,"JOINFIT PRO Anti-Burst Yoga ve Pilates Topu 75 Cm Koyu Gri",58,1
905,41,joinfit-pro-muscle-relaxation-foam-roller,"JOINFIT PRO Muscle Relaxation Foam Roller",41,1
1769,50,everlast-1910-12oz-classic-training-gloves-beyaz-boks-eldiveni,"Everlast 1910 12oz Classic Training Gloves Beyaz Boks Eldiveni",0,0
1770,50,everlast-elite-lacivert-el-sargisi,"Everlast Elite Lacivert El Sargısı",0,0
1772,50,everlast-1910-classic-training-gloves-kirmizi-boks-eldiveni,"Everlast 1910 Classic Training Gloves Kırmızı Boks Eldiveni",0,0
1773,50,everlast-ayarlanabilir-siyah-el-yayi,"Everlast Ayarlanabilir Siyah El Yayı",0,1
1789,50,everlast-boxing-heritage-oversize-acik-yaka-hardal-erkek-tisort,"Everlast Boxing Heritage Oversize Açık Yaka Hardal Erkek Tişört",0,1
1797,50,everlast-boxing-heritage-oversize-hardal-erkek-kolsuz-sweatshirt,"Everlast Boxing Heritage Oversize Hardal Erkek Kolsuz Sweatshirt",0,1
1799,50,everlast-boxing-heritage-regular-hardal-erkek-sort,"Everlast Boxing Heritage Regular Hardal Erkek Şort",0,1
1830,50,everlast-evergel-mouth-guard-mavi-beyaz-dislik,"Everlast Evergel Mouth Guard Mavi/Beyaz Dişlik",46,0
1831,50,everlast-evergel-mouth-guard-yesil-beyaz-dislik,"Everlast Evergel Mouth Guard Yeşil/Beyaz Dişlik",47,0
1832,50,everlast-prospect-2-kirmizi-gold-boks-seti,"Everlast Prospect 2 Kırmızı/Gold Boks Seti",0,0
1833,50,everlast-elite-nevater-100-lb-boks-torbasi,"Everlast Elite Nevater 100 LB Boks Torbası",0,0
1834,50,everlast-1910-headgear-l-xl-kahverengi-boks-kaski,"Everlast 1910 Headgear L/XL Kahverengi Boks Kaskı",0,0
1835,50,1910-mitts-kahverengi-lapa,"1910 Mitts Kahverengi Lapa",0,0
1836,50,everlast-powerlock-2-training-gloves-hook-loop-14-oz-siyah-boks-eldiveni,"Everlast Powerlock 2 Training Gloves Hook&Loop 14 Oz Siyah Boks Eldiveni",0,0
1837,50,everlast-elite-2-pro-hook-look-siyah-boks-eldiveni,"Everlast Elite 2 Pro Hook&Look Siyah Boks Eldiveni",0,0
1838,50,1910-sparring-laced-14oz-kirmizi-boks-eldiveni,"1910 Sparring Laced 14oz Kırmızı Boks Eldiveni",46,0
1839,50,everlast-1910-16oz-classic-training-gloves-beyaz-boks-eldiveni,"Everlast 1910 16oz Classic Training Gloves Beyaz Boks Eldiveni",62,1
1840,50,everlast-1910-classic-16oz-training-gloves-siyah-boks-eldiveni,"Everlast 1910 Classic 16oz Training Gloves Siyah Boks Eldiveni",0,1
1841,50,everlast-1910-classic-14oz-training-gloves-siyah-boks-eldiveni,"Everlast 1910 Classic 14oz Training Gloves Siyah Boks Eldiveni",0,1
1843,50,everlast-kardiyo-elite-siyah-gold-boks-eldiveni,"Everlast Kardiyo Elite Siyah/Gold L/XL Boks Eldiveni",0,0
1844,50,everlast-core-slip-on-siyah-boks-eldiveni,"Everlast Core Slip On Siyah Boks Eldiveni",0,0
1845,50,everlast-prostyle-2-14oz-siyah-boks-eldiveni,"Everlast Prostyle 2 14oz Siyah Boks Eldiveni",0,0
1847,50,everlast-comp-logo-regular-siyah-erkek-tisort,"Everlast Comp Logo Regular Kesik Yaka Siyah Erkek Tişört",0,0
1848,50,everlast-comp-logo-regular-gri-erkek-tisort,"Everlast Comp Logo Regular Kesik Yaka Gri Erkek Tişört",0,0
1849,50,everlast-comp-logo-regular-su-yesili-erkek-tisort,"Everlast Comp Logo Regular Kesik Yaka Su Yeşili Erkek Tişört",0,0
1850,50,everlast-comp-logo-regular-antrasit-erkek-tisort,"Everlast Comp Logo Regular Kesik Yaka Antrasit Erkek Tişört",0,0
1851,50,everlast-comp-logo-regular-kahverengi-erkek-tisort,"Everlast Comp Logo Regular Kesik Yaka Kahverengi Erkek Tişört",0,0
1852,50,everlast-comp-logo-regular-kesik-yaka-indigo-mavi-erkek-tisort,"Everlast Comp Logo Regular Kesik Yaka İndigo Mavi Erkek Tişört",0,0
1853,50,everlast-comp-logo-regular-cay-yesili-erkek-tisort,"Everlast Comp Logo Regular Kesik Yaka Çay Yeşili Erkek Tişört",0,0
1854,50,everlast-powerlock-2r-training-siyah-gold-boks-eldiveni,"Everlast Powerlock 2R Training Siyah/Gold Boks Eldiveni",0,1
1855,50,everlast-1910-classic-16oz-training-gloves-kahverengi-boks-eldiveni,"Everlast 1910 Classic 16oz Training Gloves Kahverengi Boks Eldiveni",0,1
1856,50,everlast-kardiyo-elite-siyah-gold-s-m-boks-eldiveni,"Everlast Kardiyo Elite Siyah/Gold S/M Boks Eldiveni",0,0
1857,50,everlast-1910-14oz-classic-training-gloves-beyaz-boks-eldiveni,"Everlast 1910 14oz Classic Training Gloves Beyaz Boks Eldiveni",0,1
1872,50,everlast-spark-training-14-oz-training-gloves-siyah-boks-eldiveni,"Everlast Spark Training 14 oz Training Gloves Siyah Boks Eldiveni",0,0
1875,50,everlast-double-mouth-guard-dislik,"Everlast Double Mouth Guard Dişlik",0,0
1876,50,everlast-everhield-single-mouth-guard-dislik-siyah-kirmizi,"Everlast Everhield Single Mouth Guard Dişlik Siyah/Kırmızı",0,0
1877,50,everlast-everhield-double-mouth-guard-dislik-gri,"Everlast Everhield Double Mouth Guard Dişlik Gri",0,0
1878,50,everlast-everhield-double-mouth-guard-dislik-siyah-kirmizi,"Everlast Everhield Double Mouth Guard Dişlik Siyah/Kırmızı",0,0
1879,50,everlast-powerlock-r-focus-lapa-siyah-gri,"Everlast Powerlock R Focus Lapa Siyah/Gri",0,0
1880,50,everlast-evergel-fastwrap-siyah-bandaj,"Everlast Evergel Fastwrap Siyah Bandaj",0,1
1881,50,everlast-elite-beyaz-el-sargisi,"Everlast Elite Beyaz El Sargısı",0,0
1882,50,everlast-elite-kirmizi-el-sargisi,"Everlast Elite Kırmızı El Sargısı",0,1
1883,50,everlast-spark-printed-siyah-el-sargisi,"Everlast Spark Printed Siyah El Sargısı",0,1
1884,50,everlast-spark-printed-rose-gold-el-sargisi,"Everlast Spark Printed Rose Gold El Sargısı",0,0
1885,50,everlast-core-el-sargisi-3lu-set,"Everlast Core El Sargısı 3'lü Set",0,1
1886,50,everlast-prostyle-2-10-oz-kirmizi-boks-eldiveni,"Everlast Prostyle 2 10 Oz Kırmızı Boks Eldiveni",0,0
1887,50,everlast-prostyle-2-10-oz-pembe-boks-eldiveni,"Everlast Prostyle 2 10 Oz Pembe Boks Eldiveni",0,0
1888,50,everlast-titan-hybrid-l-xl-siyah-boks-eldiveni,"Everlast Titan Hybrid L/XL Siyah Boks Eldiveni",0,0
1889,50,everlast-powerlock-2r-training-14-oz-gri-boks-eldiveni,"Everlast Powerlock 2R Training 14 Oz Gri Boks Eldiveni",0,1
1890,50,everlast-1910-kahverengi-boks-torbasi,"Everlast 1910 Kahverengi Boks Torbası",0,0
1897,50,everlast-1910-training-wmn-beyaz-kadin-atlet,"Everlast 1910 Training WMN Beyaz Kadın Atlet",0,1
1963,50,everlast-glove-kirmizi-anahtarlik,"Everlast Glove Kırmızı Anahtarlık",99,1
1964,50,everlast-glove-siyah-anahtarlik,"Everlast Glove Siyah Anahtarlık",99,1
1966,50,elite-2-boxing-bordeaux-14oz-boks-eldiveni,"Elite 2 Boxing Bordeaux 14oz Boks Eldiveni",42,0
1968,50,everlast-elite-2-14oz-siyah-gold-boks-eldiveni,"Everlast Elite 2 14oz Siyah/Gold Boks Eldiveni",46,0
1969,50,everlast-elite-2-12oz-siyah-gold-boks-eldiveni,"Everlast Elite 2 12oz Siyah/Gold Boks Eldiveni",46,0
1970,50,everlast-glove-kahverengi-anahtarlik,"Everlast Glove Kahverengi Anahtarlık",99,1
1971,50,everlast-glove-beyaz-anahtarlik,"Everlast Glove Beyaz Anahtarlık",99,1
1972,50,everlast-prostyle-2-16oz-siyah-boks-eldiveni,"Everlast Prostyle 2 16oz Siyah Boks Eldiveni",0,0
1973,50,everlast-powerlock-2r-16oz-training-gloves-beyaz-boks-eldiveni,"Everlast Powerlock 2R 16oz Training Gloves Beyaz Boks Eldiveni",0,1
1974,50,everlast-prostyle-2-12oz-siyah-boks-eldiveni,"Everlast Prostyle 2 12oz Siyah Boks Eldiveni",0,0
1975,50,everlast-powerlock-2r-16oz-training-gloves-boks-eldiveni,"Everlast Powerlock 2R 16oz Training Gloves Siyah Boks Eldiveni",0,1
1976,50,everlast-powerlock-2r-10oz-training-gloves-boks-eldiveni,"Everlast Powerlock 2R 10oz Training Gloves Boks Eldiveni",0,1
1981,50,everlast-elite-siyah-bandaj,"Everlast Elite Siyah Bandaj",0,0
2012,50,everlast-1910-headhunter-bag-siyah-beyaz-boks-torbasi,"Everlast 1910 Headhunter Bag Siyah/Beyaz Boks Torbası",0,0
2014,50,everlast-powerblack-hiz-topu,"Everlast Powerblack Hız Topu",0,0
2015,50,everlast-core-paddle,"Everlast Core Paddle",0,1
2016,50,everlast-1910-focus-mitts-siyah-lapa,"Everlast 1910 Focus Mitts Siyah Lapa",0,1
2017,50,everlast-prostyle-2-14oz-kirmizi-boks-eldiveni,"Everlast Prostyle 2 14oz Kırmızı Boks Eldiveni",0,0
2018,50,everlast-core-kirmizi-bandaj,"Everlast Core Kırmızı Bandaj",0,1
2019,50,everlast-1910-classic-12oz-training-gloves-kahverengi-boks-eldiveni,"Everlast 1910 Classic 12oz Training Gloves Kahverengi Boks Eldiveni",0,0
2020,50,everlast-core-mavi-bandaj,"Everlast Core Mavi Bandaj",0,1
2021,50,everlast-prostyle-2-8oz-pembe-boks-eldiveni,"Everlast Prostyle 2 8oz Pembe Boks Eldiveni",0,0
2022,50,everlast-core-pembe-bandaj,"Everlast Core Pembe Bandaj",0,0
2023,50,everlast-core-polycanvas-siyah-60lb-boks-torbasi,"Everlast Core Polycanvas Siyah 60LB Boks Torbası",0,0
2025,50,everlast-elite-nevatear-siyah-boks-torbasi,"Everlast Elite Nevatear Siyah Boks Torbası",0,0
2026,50,everlast-evergel-hand-wraps-siyah-pembe-el-sargisi,"Everlast Evergel Hand Wraps Siyah/Pembe El Sargısı",0,1
2027,50,everlast-core-2-training-gloves-siyah-boks-eldiveni,"Everlast Core 2 Training Gloves Siyah Boks Eldiveni",0,0
2028,50,everlast-elite-2-siyah-gold-boks-eldiveni,"Everlast Elite 2 Siyah/Gold Boks Eldiveni",0,1
2029,50,everlast-powerlock-2r-14oz-training-gloves-boks-eldiveni,"Everlast Powerlock 2R 14oz Training Gloves Siyah Boks Eldiveni",0,1
2030,50,everlast-powerlock-2r-12oz-training-gloves-siyah-boks-eldiveni,"Everlast Powerlock 2R 12oz Training Gloves Siyah Boks Eldiveni",0,1
2031,50,everlast-core-siyah-bandaj,"Everlast Core Siyah Bandaj",0,0
2032,50,everlast-core-headgear-boks-kaski,"Everlast Core Headgear Boks Kaskı",0,0
2033,50,everlast-atlama-ipi-335-cm,"Everlast Atlama İpi 335 cm",0,1
2034,50,everlast-core-punch-mitts-siyah-lapa,"Everlast Core Punch Mitts Siyah Lapa",0,1
2035,50,everlast-powerlock-2r-14oz-training-gloves-beyaz-boks-eldiveni,"Everlast Powerlock 2R 14oz Training Gloves Beyaz Boks Eldiveni",0,1
2036,50,everlast-powerlock-2r-12oz-training-gloves-beyaz-boks-eldiveni,"Everlast Powerlock 2R 12oz Training Gloves Beyaz Boks Eldiveni",0,1
2037,50,everlast-powerlock-2r-10oz-training-gloves-beyaz-boks-eldiveni,"Everlast Powerlock 2R 10oz Training Gloves Beyaz Boks Eldiveni",0,1
2038,50,everlast-core-2-beyaz-boks-eldiveni,"Everlast Core 2 Beyaz Boks Eldiveni",0,0
2039,50,everlast-core-beyaz-bandaj,"Everlast Core Beyaz Bandaj",0,1
2430,45,el-boyamali-pers-hacli-temali-satranc-takimi-polyester-tasli-ahsap-kapakli-kutu,"El Boyamalı Pers – Haçlı Temalı Satranç Takımı – Polyester Taşlı Ahşap Kapaklı Kutu",0,1
2469,45,saklamali-satranc-roma-oymali-sc38s,"Saklamalı Satranç Roma Oymalı SC38S",0,1
3283,51,muscle-pump-demir-stand,"Muscle Pump Demir Stand",23,0
3292,51,muscle-pump-wpc-instant-whey-kurabiye-30-gr,"Muscle Pump Wpc Instant Whey Kurabiye 30 Gr",43,1
3295,51,muscle-pump-wpc-instant-whey-cikolata-68-sase,"Muscle Pump Wpc Instant Whey Çikolata 68 Saşe",32,1
3301,51,muscle-pump-no-fat-thermo-l-carnitine-karpuz-100-ml-shot,"Muscle Pump No Fat Thermo L-Carnitine Karpuz 100 mL Shot",18,1
3302,51,muscle-pump-no-fat-thermo-l-carnitine-ananas-100-ml-x-20-shot,"Muscle Pump No Fat Thermo L-Carnitine Ananas 100 mL x 20 Shot",18,1
3303,51,muscle-pump-no-fat-thermo-l-carnitine-karpuz-100-ml-x-20-shot,"Muscle Pump No Fat Thermo L-Carnitine Karpuz 100 mL x 20 Shot",35,0
3304,51,muscle-pump-no-fat-thermo-l-carnitine-karpuz-1000-ml,"Muscle Pump No Fat Thermo L-Carnitine Karpuz 1000 mL",26,1
3305,51,muscle-pump-no-fat-thermo-l-carnitine-ananas-1000-ml,"Muscle Pump No Fat Thermo L-Carnitine Ananas 1000 mL",26,1
3307,51,muscle-pump-2-1-1-true-powder-bcaa-frenk-uzumu-400-gr,"Muscle Pump 2:1:1 True Powder Bcaa Frenk Üzümü 400 Gr",41,1
3308,51,muscle-pump-2-1-1-true-powder-bcaa-portakal-400-gr,"Muscle Pump 2:1:1 True Powder Bcaa Portakal 400 Gr",38,1
3309,51,muscle-pump-2-1-1-true-powder-bcaa-seftali-400-gr,"Muscle Pump 2:1:1 True Powder Bcaa Şeftali 400 Gr",37,1
3310,51,muscle-pump-2-1-1-true-powder-bcaa-seftali-120-gr,"Muscle Pump 2:1:1 True Powder Bcaa Şeftali 120 Gr",37,1
3311,51,muscle-pump-2-1-1-true-powder-bcaa-frenk-uzumu-120-gr,"Muscle Pump 2:1:1 True Powder Bcaa Frenk Üzümü 120 Gr",41,1
3312,51,muscle-pump-2-1-1-true-powder-bcaa-portakal-120-gr,"Muscle Pump 2:1:1 True Powder Bcaa Portakal 120 Gr",38,1
3313,51,muscle-pump-2-1-1-true-powder-bcaa-portakal-5-gr,"Muscle Pump 2:1:1 True Powder Bcaa Portakal 5 Gr",36,1
3314,51,muscle-pump-2-1-1-true-powder-bcaa-frenk-uzumu-5-gr,"Muscle Pump 2:1:1 True Powder Bcaa Frenk Üzümü 5 Gr",39,1
3315,51,muscle-pump-2-1-1-true-powder-bcaa-seftali-5-gr,"Muscle Pump 2:1:1 True Powder Bcaa Şeftali 5 Gr",35,1
3316,51,muscle-pump-2-1-1-true-powder-bcaa-portakal-20-sase,"Muscle Pump 2:1:1 True Powder Bcaa Portakal 20 Saşe",39,1
3317,51,muscle-pump-2-1-1-true-powder-bcaa-frenk-uzumu-20-sase,"Muscle Pump 2:1:1 True Powder Bcaa Frenk Üzümü 20 Saşe",42,1
3318,51,muscle-pump-2-1-1-true-powder-bcaa-seftali-20-sase,"Muscle Pump 2:1:1 True Powder Bcaa Şeftali 20 Saşe",38,1
3319,51,muscle-pump-2-1-1-true-powder-bcaa-mix-21-sase,"Muscle Pump 2:1:1 True Powder Bcaa Mix 21 Saşe",34,1
3320,51,muscle-pump-glutamine-prime-powder-karpuz-420-gr,"Muscle Pump Glutamine Prime Powder Karpuz 420 Gr",36,1
3321,51,muscle-pump-glutamine-prime-powder-aromasiz-120-gr,"Muscle Pump Glutamine Prime Powder Aromasız 120 Gr",38,1
3322,51,muscle-pump-glutamine-prime-powder-aromasiz-300-gr,"Muscle Pump Glutamine Prime Powder Aromasız 300 Gr",38,1
3323,51,muscle-pump-glutamine-prime-powder-karpuz-7-gr,"Muscle Pump Glutamine Prime Powder Karpuz 7 Gr",34,1
3324,51,muscle-pump-glutamine-prime-karpuz-20-sase,"Muscle Pump Glutamine Prime Karpuz 20 Saşe",30,1
3330,51,muscle-pump-pre-venom-powder-ananas-17-gr,"Muscle Pump Pre-Venom Powder Ananas 17 Gr",29,0
3332,51,muscle-pump-pre-venom-powder-ananas-510-gr,"Muscle Pump Pre-Venom Powder Ananas 510 Gr",30,1
3333,51,muscle-pump-pre-venom-powder-ananas-20-sase,"Muscle Pump Pre-Venom Powder Ananas 20 Saşe",31,0
3334,51,muscle-pump-creatine-plus-powder-karpuz-20-sase,"Muscle Pump Creatine Plus Powder Karpuz 20 Saşe",35,1
3335,51,muscle-pump-creatine-plus-powder-karpuz-420-gr,"Muscle Pump Creatine Plus Powder Karpuz 420 Gr",34,1
3337,51,muscle-pump-creatine-plus-powder-aromasiz-120-gr,"Muscle Pump Creatine Plus Powder Aromasız 120 Gr",36,1
3338,51,muscle-pump-creatine-plus-powder-aromasiz-300-gr,"Muscle Pump Creatine Plus Powder Aromasız 300 Gr",36,1
3340,51,muscle-pump-spor-canta-gri,"Muscle Pump Spor Çanta - Gri",16,0
3344,51,tanisma-paketi-1,"Tanışma Paketi 1",31,1
3347,51,muscle-pump-strap,"Muscle Pump Strap",17,0
3348,51,muscle-pump-bileklikli-strap,"Muscle Pump Bileklikli Strap",16,0
3349,51,muscle-pump-pro-kemer-s-m,"Muscle Pump Pro Kemer S-M",13,0
3350,51,muscle-pump-pro-kemer-l-xl,"Muscle Pump Pro Kemer L-XL",10,0
3358,51,muscle-pump-l-argi-ni-ne-90-kapsul,"Muscle Pump L-ARGİNİNE 90 Kapsül",20,0
3359,51,muscle-pump-zma-argi-ni-ne-90-kapsul,"Muscle Pump ZMA+ARGİNİNE 90 Kapsül",22,1
3360,51,muscle-pump-masaustu-stand,"Muscle Pump Masaüstü Stand",14,0
3361,51,muscle-pump-masaustu-sase-dolu-stand,"Muscle Pump Masaüstü Saşe Dolu Stand",24,0
3362,51,muscle-pump-masaustu-mega-paketli-stand,"Muscle Pump Masaüstü Mega Paketli Stand",27,0
3378,51,sygenix-cift-hazneli-shaker,"Sygenix Çift Hazneli Shaker",19,1
3379,51,sygenix-whey-protein-kurabiye-990-gr,"Sygenix Whey Protein Kurabiye 990 gr",28,1
3381,51,sygenix-carnix-thermo-l-carnitine-elma-1000-ml,"Sygenix CarniX Thermo L-Carnitine Elma 1000 ml",38,1
3383,51,sygenix-bcaa-portakal-limon-300-gr,"Sygenix Bcaa Portakal-Limon 300 gr",26,1
3384,51,sygenix-whey-protein-cikolata-990-gr,"Sygenix Whey Protein Çikolata 990 gr",28,1
3387,51,sygenix-whey-protein-cilek-990-gr,"Sygenix Whey Protein Çilek 990 gr",25,1
3388,51,sygenix-bcaa-ananas-300-gr,"Sygenix Bcaa Ananas 300 gr",18,1
3392,51,sygenix-sari-shaker-500-cc,"Sygenix Sarı Shaker 500 Cc",26,1
3393,51,magnet-kapak-acacagi-sygenix,"Magnet Kapak Açacağı Sygenix",28,1
3394,51,magnet-kapak-acacagi-muscle-pump,"Magnet Kapak Açacağı Muscle Pump",32,0
3395,51,sygenix-aminox-eaa-karpuz-300-gr,"Sygenix AminoX EAA+ Karpuz 300 Gr",28,1
3404,51,hacim-paketi,"Hacim Paketi",11,0
3406,51,muscle-pump-wpc-instant-whey-cilek-30-gr,"Muscle Pump Wpc Instant Whey Çilek 30 Gr",40,1
3470,53,mum-fitili-no20,"mum fitili no:20",95,0
3471,53,mum-fitili-no16,"mum fitili no:16",94,0
3472,53,mum-fitili-no14,"mum fitili no:14",94,0
3473,53,parafin-08-1-yagli,"parafin %0,8-1 yağlı",0,0
3474,53,parafin-3-5-yagli,"parafin %3-5 yağlı",47,0
3668,55,superstacy-flexa-spor-canta,"Flexa Spor Çanta",16,1
3669,55,superstacy-performans-unisex-siyah-spor-sapka,"Performans Unisex Siyah Spor Şapka",34,1
3670,55,superstacy-performans-unisex-beyaz-spor-sapka,"Performans Unisex Beyaz Spor Şapka",34,1
3711,55,superstacy-lara-sokak-stili-haki-etek,"Lara Sokak Stili Haki Etek",25,1
3712,55,superstacy-lara-sokak-stili-siyah-etek,"Lara Sokak Stili Siyah Etek",25,1
3713,55,lara-sokak-stili-indigo-etek,"Lara Sokak Stili İndigo Etek",25,1
3714,55,superstacy-lara-sokak-stili-fume-etek,"Lara Sokak Stili Füme Etek",25,1
3715,55,superstacy-lara-sokak-stili-gri-etek,"Lara Sokak Stili Gri Etek",25,1
3716,55,superstacy-lara-sokak-stili-gri-melanj-etek,"Lara Sokak Stili Gri Melanj Etek",25,1
3717,55,superstacy-lara-sokak-stili-krem-etek,"Lara Sokak Stili Krem Etek",25,1
3718,55,superstacy-performans-siyah-sac-bandi,"Performans Siyah Saç Bandı",26,1
3719,55,superstacy-performans-beyaz-sac-bandi,"Performans Beyaz Saç Bandı",26,1
3720,55,superstacy-performans-kiremit-sac-bandi,"Performans Kiremit Saç Bandı",26,1
3742,55,superstacy-lina-saf-konfor-siyah-gomlek,"Lina Saf Konfor Siyah Gömlek",24,1
3743,55,superstacy-lina-saf-konfor-beyaz-gomlek,"Lina Saf Konfor Beyaz Gömlek",24,1
3903,55,superstacy-pamuklu-soket-spor-corap-siyah,"Pamuklu Soket Spor Çorap Siyah",29,1
3918,55,superstacy-pamuklu-soket-spor-corap-nar-cicegi,"Pamuklu Soket Spor Çorap Nar Çiçeği",21,1
3999,55,superstacy-kadin-kahverengi-sweatshirt,"Kadın Kahverengi Sweatshırt",40,1
4000,55,superstacy-kadin-somon-sweatshirt,"Kadın Somon Sweatshırt",40,1
4246,61,l-karnitin-yesil-cay,"L-Karnitin Yeşil Çay Krom",21,1
4247,61,dulavrat-otu-ekstresi,"Dulavrat Otu Ekstresi",21,1
4248,61,spirulina,Spirulina,21,1
4249,61,turna-yemisi,"Turna Yemişi",21,1
4250,61,lutein-astaxanthin,"Lutein Astaxanthin",21,1
4251,61,kolin-milk-thistle-enginar-taraxacum,"Kolin Milk Thistle Enginar Taraxacum",21,1
4252,61,ginkgo-biloba,"Ginkgo Biloba",21,1
4253,65,1001---1002-baharat-ogutucu-bicagi,"1001 - 1002 Baharat Öğütücü Bıçağı",51,1
4254,65,1001---1002-baharat-ogutucu-seffaf-kapagi,"1001 - 1002 Baharat Öğütücü Şeffaf Kapağı",62,1
4255,65,1003-1004-baharat-ogutucu-alt-surucusu,"1003-1004 Baharat Öğütücü Alt Sürücüsü",44,1
4256,65,1003-1004-baharat-ogutucu-bicagi,"1003-1004 Baharat Öğütücü Bıçağı",48,1
4257,65,1003-1004-baharat-ogutucu-haznesi,"1003-1004 Baharat Öğütücü Haznesi",55,1
4258,65,1003-1004-baharat-ogutucu-ust-surucusu,"1003-1004 Baharat Öğütücü Üst Sürücüsü",60,1
4259,65,1003-1004-baharat-ogutucu-seffaf-kapagi,"1003-1004 Baharat Öğütücü Şeffaf Kapağı",62,1
4260,65,180-mm-eriste-makinesi-motoru,"180 mm Erişte makinesi motoru",42,1
4265,65,bozyel-elektronik-krom-kefeli-dijital-terazi-40-kg,"BOZYEL Elektronik Krom Kefeli Dijital Terazi 40 Kg",38,0
4301,65,musullu-1300w---1500w-et-kiyma-makinesi-3-numara-kalin-suzgec-panasonic-national,"Musullu 1300W / 1500W Et Kıyma Makinesi 3 Numara Kalın Süzgeç Panasonic National",59,0
4302,65,musullu-1300w---1500w-et-kiyma-makinesi-3-numara-kesme-bicagi-panasonic-national,"Musullu 1300W / 1500W Et Kıyma Makinesi 3 Numara Kesme Bıçağı Panasonic National",58,1
4303,65,musullu-1300w---1500w-et-kiyma-makinesi-3-numara-orta-suzgec-panasonic-national,"Musullu 1300W / 1500W Et Kıyma Makinesi 3 Numara Orta Süzgeç Panasonic National",79,1
4304,65,musullu-1300w---1500w-et-kiyma-makinesi-3-numara-ince-suzgec-panasonic-national,"Musullu 1300W / 1500W Et Kıyma Makinesi 3 Numara İnce Süzgeç Panasonic National",58,1
4305,65,musullu-1300w---1500w-et-kiyma-makinesi-doner-saft-panasonic-national,"Musullu 1300W / 1500W Et Kıyma Makinesi Döner Şaft Panasonic National",60,1
4306,65,musullu-1300w---1500w-et-kiyma-makinesi-gida-itici-panasonic-national,"Musullu 1300W / 1500W Et Kıyma Makinesi Gıda İtici Panasonic National",57,1
4307,65,musullu-1300w---1500w-et-kiyma-makinesi-oruk-aparati-panasonic-national,"Musullu 1300W / 1500W Et Kıyma Makinesi Oruk Aparatı Panasonic National",52,1
4308,65,musullu-1300w---1500w-et-kiyma-makinesi-sucuk-sosis-aparati-takimi-panasonic-national,"Musullu 1300W / 1500W Et Kıyma Makinesi Sucuk Sosis Aparatı Takımı Panasonic National",73,1
4309,65,musullu-1300w---1500w-et-kiyma-makinesi-on-kapak-panasonic-national,"Musullu 1300W / 1500W Et Kıyma Makinesi Ön Kapak Panasonic National",55,1
4314,65,musullu-1600w-mt-g1600m-super-turbo-et-kiyma-makinesi,"Musullu 1600w MT-G1600M Süper Turbo Et Kıyma Makinesi, Rende Başlıkları",0,1
4315,65,musullu-1600w-1300w-et-kiyma-makinesi-rende-aparati,"Musullu 1600w/1300w uyumlu Et Kıyma Makinesi Rende Aparatı",71,1
4317,65,musullu-1800w-et-kiyma-makinesi-5-numara-kalin-suzgec-panasonic-national,"Musullu 1800W Et Kıyma Makinesi 5 Numara Kalın Süzgeç Panasonic National",44,1
4318,65,musullu-1800w-et-kiyma-makinesi-5-numara-orta-suzgec-panasonic-national,"Musullu 1800W Et Kıyma Makinesi 5 numara Orta Süzgeç Panasonic National",51,1
4319,65,musullu-1800w-et-kiyma-makinesi-5-numara-ince-suzgec-panasonic-national,"Musullu 1800W Et Kıyma Makinesi 5 numara İnce Süzgeç Panasonic National",46,1
4321,65,musullu-1800w-et-kiyma-makinesi-doner-safti-panasonic-national,"Musullu 1800W Et Kıyma Makinesi Döner Şaftı Panasonic National",62,1
4322,65,musullu-1800w-et-kiyma-makinesi-kafa-aparati-panasonic-national,"Musullu 1800W Et Kıyma Makinesi Kafa Aparatı Panasonic National",60,1
4323,65,musullu-1800w-et-kiyma-makinesi-on-kapagi-panasonic-national,"Musullu 1800W Et Kıyma Makinesi Ön Kapağı Panasonic National",49,1
4325,65,musullu-1800w-sucuk-sosis-aparati-et-kiyma-makinesi-panasonic-national,"Musullu 1800W Sucuk Sosis Aparatı Et Kıyma Makinesi Panasonic National",51,1
4328,65,musullu-1800w-2400w-2700w-3500w-uyumlu-et-kiyma-makinesi-rende-aparati,"Musullu 1800w/2400w/2700w/3500w Uyumlu Et Kıyma Makinesi Rende Aparatı",83,1
4329,65,musullu-2400w-et-kiyma-makinesi,"Musullu 2400w Et Kıyma Makinesi",0,0
4331,65,musullu-2700w-et-kiyma-makinesi-7-numara-kalin-suzgec,"Musullu 2700W Et Kıyma Makinesi 7 Numara Kalın Süzgeç",42,1
4332,65,musullu-2700w-et-kiyma-makinesi-7-numara-ince-suzgec,"Musullu 2700W Et Kıyma Makinesi 7 Numara İnce Süzgeç",59,1
4334,65,musullu-2700w-et-kiyma-makinesi-doner-safti,"Musullu 2700W Et Kıyma Makinesi Döner Şaftı",36,1
4335,65,musullu-2700w-et-kiyma-makinesi-gida-haznesi,"Musullu 2700W Et Kıyma Makinesi Gıda Haznesi",44,1
4336,65,musullu-2700w-et-kiyma-makinesi-yedek-kafa-parcasi,"Musullu 2700W Et Kıyma Makinesi Yedek Kafa Parçası",45,1
4337,65,musullu-2700w-et-kiyma-makinesi-on-kapagi,"Musullu 2700W Et Kıyma Makinesi Ön Kapağı",39,1
4345,65,musullu-sogan-bicagi,"Musullu Bıçak Soğan Bıçağı",0,0
4346,65,musullu-cift-renkli-kasap-bicagi-no-2,"Musullu Bıçak Çift Renkli Kasap Bıçağı No:2",0,1
4347,65,musullu-cift-renkli-kasap-bicagi-no-3,"Musullu Bıçak Çift Renkli Kasap Bıçağı No:3",0,1
4348,65,musullu-cift-renkli-kasap-bicagi,"Musullu Bıçak Çift Renkli Kasap Bıçağı no:1",0,1
4349,65,musullu-cift-renkli-kasap-siyirma-bicagi,"Musullu Bıçak Çift Renkli Kasap Sıyırma Bıçağı",0,1
4350,65,musullu-cift-renkli-kasap-yuzme-bicagi,"Musullu Bıçak Çift Renkli Kasap Yüzme Bıçağı",0,1
4356,65,musullu-et-dovecegi,"Musullu Et Döveceği",0,1
4357,65,musullu-et-kiyma-makinesi-7-numara-orta-suzgec-2700w,"Musullu Et Kıyma Makinesi  7 Numara Orta Süzgeç 2700W",54,1
4358,65,musullu-et-kiyma-makinesi-gida-haznesi-1800w-panasonic-national,"Musullu Et Kıyma Makinesi Gıda Haznesi 1800W Panasonic National",63,1
4362,65,musullu-gida-itici-1800w-et-kiyma-makinesi-panasonic-national,"Musullu Gıda İtici 1800W Et Kıyma Makinesi Panasonic National",57,1
4363,65,musullu-gida-itici-2700w-et-kiyma-makinesi,"Musullu Gıda İtici 2700W Et Kıyma Makinesi",48,1
4380,65,musullu-kahve-ve-baharat-ogutucu-200w-msl-1003,"Musullu MSL-1003 Kahve Ve Baharat Öğütücü 200W",0,1
4404,65,musullu-oruk-aparati-1800w-et-kiyma-makinesi-panasonic-national,"Musullu Oruk Aparatı 1800W Et Kıyma Makinesi Panasonic National",49,1
4417,65,musullu-cift-renkli-satir,"Musullu Çift Renkli Satır",0,0
4431,65,mt-ck1300m-hazne,"Musullu mt-ck1300m hazne",0,1
4433,65,musullu-12-parca-silikon-spatula-servis-seti,"MUSULLU 12 PARÇA SİLİKON SPATULA SERVİS SETİ",0,1
4721,70,chattanooga-intelect-combo-kablo-stim-kablosu,"Chattanooga İntelect Combo Kablo Stim Kablosu",51,1
4722,70,chattanooga-intelect-elektrot-kablosu-combo-uyumlu,"Chattanooga Intelect Elektrot Kablosu Combo -Uyumlu",57,1
4725,70,chattanooga-us-baslik-kablosu,"Chattanooga US Başlık Kablosu-Ultrason Kablosu",63,1
4755,70,lifotronic-airpro-600-lenf-odem-kol-mansonu,"Lifotronic AirPro 600 Lenf Ödem Kol Manşonu",39,0
4756,70,lifotronic-airpro-600-bacak-mansonu-lenf-odem-kompresyon,"Lifotronic AirPro 600 Bacak Manşonu Lenf Ödem Kompresyon",49,0
4771,70,chattanooga-cefar-tens-kablo-2-adet,"Chattanooga Cefar Tens Kablo 2 adet",52,1
4830,62,kospet-tank-m2-smart-watch-kirmizi,"Kospet Tank M2 Smart Watch - Kırmızı - KVK Teknik Servis Garantili",0,0
4880,62,apple-ipad-4-mini-batarya-pil,"Rova iPad 4 Mini Batarya Pil",0,0
5094,62,huawei-nova-2-s-batarya-pil,"Rova Huawei Nova 2 S Batarya Pil 3340 mAh",0,0
5128,62,huawei-nova-batarya-pil-2920-mah,"Rova Huawei Nova Batarya Pil 2920 mAh",0,0
5201,62,xiaomi-redmi-9a-batarya-pil,"Rova Xiaomi Redmi 9A Batarya Pil 5000 mAh",0,0
5222,62,xiaomi-redmi-note-6-batarya-pil,"Rova Xiaomi Redmi Note 6 Batarya Pil 4000 mAh",0,0
5364,66,prd-olimp-whey-protein-complex-cilek-700-gr-248,"Olimp Whey Protein Complex Çilek 700 Gr",0,1
5405,66,prd-muscle-pump-sort-2922,"Muscle Pump Şort - Gri - M",77,0
5406,66,prd-muscle-pump-sort-gri-m-2922-3104,"Muscle Pump Şort - Gri - M",77,0
5407,66,prd-muscle-pump-sort-gri-l-2922-3105,"Muscle Pump Şort - Gri - L",77,0
5408,66,prd-muscle-pump-sort-gri-xl-2922-3106,"Muscle Pump Şort - Gri - XL",77,0
5426,66,prd-olimp-whey-protein-complex-700-gr-st00096,"Olimp Whey Protein Complex Çikolata 700 Gr",0,1
5429,66,prd-body-fit-shop-anahtarlik-st00307,"Body Fit Shop Anahtarlık",39,1
5431,66,prd-body-fit-shop-bileklik-st00319,"Body Fit Shop Bileklik",0,0
5443,66,prd-olimp-whey-protein-complex-double-cikolata-700-gr-st00096-2252,"Olimp Whey Protein Complex Çikolata 700 Gr",0,0
5456,66,prd-muscle-pump-stant-3272,"Muscle Pump Demir Stand",17,0
5461,66,prd-body-fit-shop-ipli-askili-canta-3244,"Body Fit Shop İpli Askılı Çanta",99,0
5467,66,prd-dragon-fitness-eldiveni-w8063-3537,"Dragon Fitness Eldiveni W8063 - L",0,1
5468,66,prd-dragon-fitness-eldiveni-w8063-l-3537-3538,"Dragon Fitness Eldiveni W8063 - L",0,1
5469,66,prd-dragon-fitness-eldiveni-w8063-m-3537-3539,"Dragon Fitness Eldiveni W8063 - M",0,1
5470,66,prd-dragon-fitness-eldiveni-w8063-xl-3537-3541,"Dragon Fitness Eldiveni W8063 - XL",0,0
5497,66,prd-h-sport-fitness-bilekli-eldiven-bordo-m-st00070-3679-st00070-3679,"H Sport Fitness Bilekli Eldiven - Siyah - L",43,0
5502,66,prd-muscle-pump-sort-gri-s-2922-gri-s-2922-gri-s,"Muscle Pump Şort - Gri - S",77,0
5583,66,prd-h-sport-pro-kemer-hs-002,"H Sport Pro Kemer S-M",21,0
5625,66,prd-h-sport-atlet-beyaz-xl-st0011400-4138-st0011400-4138,"H Sport Atlet - Beyaz - XL",26,0
5744,66,prd-protein-ocean-havlu-st00043,"Protein Ocean Stronger Havlu",66,1
5764,66,prd-sygenix-cift-hazneli-shaker-st00136,"Sygenix Çift Hazneli Shaker",91,1
5786,66,prd-full-power-gym-esofman-full-power-turuncu-s-st00348-turuncu-s,"Full Power Gym Eşofman - Turuncu - S",36,1
5787,66,prd-full-power-gym-esofman-full-power-turuncu-m-st00348-turuncu-m,"Full Power Gym Eşofman - Turuncu - M",36,0
5788,66,prd-full-power-gym-esofman-full-power-yesil-s-st00348-yesil-s,"Full Power Gym Eşofman - Yeşil - S",34,1
5789,66,prd-full-power-gym-esofman-full-power-yesil-m-st00348-yesil-m,"Full Power Gym Eşofman - Yeşil - M",34,0
5790,66,prd-full-power-gym-esofman-full-power-yesil-l-st00348-yesil-l,"Full Power Gym Eşofman - Yeşil - L",34,0
5791,66,prd-full-power-gym-esofman-full-power-yesil-xl-st00348-yesil-xl,"Full Power Gym Eşofman - Yeşil - XL",35,0
5792,66,prd-full-power-gym-esofman-full-power-turuncu-l-st00348-turuncu-l,"Full Power Gym Eşofman - Turuncu - L",36,0
5793,66,prd-full-power-gym-esofman-full-power-turuncu-xl-st00348-turuncu-xl,"Full Power Gym Eşofman - Turuncu - XL",37,0
5797,66,prd-h-sport-pro-kemer-h-sports-m-m-hs-002-4534-hs-002-4534,"H Sport Pro Kemer S-M",21,0
5798,66,prd-h-sport-pro-kemer-h-sports-m-l-hs-002-4535-hs-002-4535,"H Sport Pro Kemer L-XL",22,0
5805,66,prd-muscle-pump-masaustu-stand-mp-0021502,"Muscle Pump Masaüstü Stand",61,0
5806,66,prd-dragon-1787-lady-siyah-pembe-eldiven-m-drg-001-4591,"Dragon 1787 Lady Siyah-Pembe Eldiven - M",0,0
5807,66,prd-dragon-1787-lady-siyah-pembe-eldiven-s-drg-001-4592,"Dragon 1787 Lady Siyah-Pembe Eldiven - S",0,1
5808,66,prd-dragon-1787-lady-siyah-pembe-eldiven-drg-001,"Dragon 1787 Lady Siyah-Pembe Eldiven - M",0,1
5811,66,prd-h-sport-ankle-straps-2-adet-hsp-008,"H-Sport Ankle Strap 1 Adet (BASKI VE RENK FARKLILIK GÖSTERİR)",0,0
5836,66,prd-h-sport-atlet-mavi-st0011400-4651,"H Sport Atlet - Mavi -S",26,0
5837,66,prd-h-sport-atlet-kircilli-gri-st0011400-4650,"H Sport Atlet - Gri - S",26,0
5845,66,prd-dragon-1787-lady-siyah-pembe-eldiven-l-drg-001-4681,"Dragon 1787 Lady Siyah-Pembe Eldiven - L",0,1
5893,66,prd-magnet-kapak-acacagi-magnet-001,"Magnet Kapak Açacağı Body Fit Shop",34,1
5894,66,prd-magnet-kapak-acacagi-body-fit-shop-magnet-001-01,"Magnet Kapak Açacağı Body Fit Shop",34,1
5895,66,prd-magnet-kapak-acacagi-muscle-pump-magnet-001-03,"Magnet Kapak Açacağı Muscle Pump",32,0
5896,66,prd-magnet-kapak-acacagi-sygenix-magnet-001-02,"Magnet Kapak Açacağı Sygenix",28,1
5936,66,prd-h-sport-sarmali-dirseklik-hs-0101002,"GO SPOR Sarmalı Dirseklik ÇİFT (BASKI VE RENK FARKLILIK GÖSTERİR)",0,0
5961,66,prd-flava-beta-alanine-300-gr-flv-013,"Protein Ocean Beta Alanine 300 Gr",0,0
5982,66,prd-protein-ocean-cream-of-rice-cappuccino-1-kg-po-13-4930,"Protein Ocean Cream Of Rice Cappuccino 1 Kg",0,0
5989,66,prd-dragon-fitness-eldiven-w8070-m-2818-m-m,"Dragon Fitness Eldiven W8070 - M",0,0
5990,66,prd-dragon-fitness-eldiven-w8070-xl-2818-xl-xl,"Dragon Fitness Eldiven W8070 - XL",0,0
5991,66,prd-dragon-fitness-eldiven-w8070-2818,"Dragon Fitness Eldiven W8070 - M",0,0
5992,66,prd-multipower-l-carnitine-1800-mg-1-adet-st00170,"Multipower L-Carnitine 1800 Mg Şeftali 1 Adet",0,0
5995,66,prd-protein-ocean-dusuk-kalorili-aci-sos-260-gr-po-102,"Protein Ocean Düşük Kalorili Acı Sos 260 Gr",0,0
5996,66,prd-h-sport-sarmal-ince-bileklik-hs-01-01-001,"H Sport Sarmal İnce Bileklik ÇİFT (BASKI VE RENK FARKLILIK GÖSTERİR)",0,0
5997,66,prd-olimp-shaker-169,"Olimp Shaker",0,0
5998,66,prd-multipower-l-carnitine-1800-mg-seftali-1-adet-88,"Multipower L-Carnitine 1800 Mg Şeftali 1 Adet",0,0
6031,66,prd-protein-ocean-sprey-sizma-zeytinyagi-150-ml-po-0002,"Protein Ocean Sprey Sızma Zeytinyağı 150 mL",0,1
6039,66,prd-basix-creatine-monohydrate-power-300-gr-basix-aromasiz-std-bx-1-5013,"Basix Creatine Monohydrate Power Aromasız 300 Gr",0,0
6048,66,prd-protein-ocean-cream-of-rice-blueberry-muffin-50-gr-po-00000000011,"Protein Ocean Cream Of Rice 50 Gr",0,0
6049,66,prd-protein-ocean-cream-of-rice-blueberry-muffin-50-gr-protein-ocean-limon-cheesecake-std-po-00000000011-5035,"Protein Ocean Cream Of Rice Limon Cheesecake 50 Gr",0,0
6051,66,prd-protein-ocean-glutamine-karisik-meyveli-300-gr-po-003333,"Protein Ocean Glutamine Karışık Meyveli 300 Gr",0,0
6053,66,prd-flava-magnezyum-complex-40-tablet-flv-01000,"Flava Magnezyum Complex 40 Tablet",0,1
6056,66,prd-muscle-pump-siyah-shaker-600-cc-st00172000,"Muscle Pump Siyah Shaker 600 Cc",0,1
6057,66,prd-muscle-pump-yesil-venom-shaker-600-cc-st0017100,"Muscle Pump Yeşil Venom Shaker 600 Cc",0,1
6059,66,prd-optimum-nutrition-opti-women-multivitamin-120-kapsul-urun00000000000818,"Optimum Nutrition OPTI-WOMEN Multivitamin 120 Kapsül",0,0
6060,66,prd-royals-kucuk-yemek-tasima-cantasi-rys-000-01,"Royals Küçük Yemek Taşıma Çantası",0,0
6061,66,prd-dr-pan-sriracha-sos-260-gr-dr-0002,"Dr. Pan Sriracha Sos 260 Gr",0,0
6071,66,prd-protein-ocean-eaa-120-gr-po-049,"Protein Ocean EAA+ Karışık Meyve 120 Gr",0,1
6074,66,prd-dr-pan-sweet-flavor-cikolata-cikolatali-tatlandirici-150-gr-8681413871481,"Dr Pan Sweet Flavor Çikolata ( Çikolatalı Tatlandırıcı) 150 gr",0,0
6075,66,prd-muscle-pump-baskili-t-shirt-urun0000000007578,"MUSCLE PUMP BASKILI T-SHİRT",0,1
6077,66,prd-nutrever-pure-creatine-monohydrat-powder-500-gr-4260399645312,"Nutrever Pure Creatine Monohydrat Powder 500 Gr",0,1
6084,66,prd-protein-ocean-creatine-chews-dark-berry-rush-60-tablet-po-020,"Protein Ocean CREATINE Chews Dark Berry Rush 60 Tablet",0,0
6086,66,prd-flava-vitamin-k2-45-kapsul-flv-031,"Flava Vitamin K2 45 Kapsül",0,1
6093,66,prd-protein-ocean-batman-pre-workout-420-gr-po-057,"Protein Ocean Batman Pre Workout 420 Gr",0,0
6094,66,prd-protein-ocean-eaa-karisik-meyve-300-gr-po-056-01,"Protein Ocean EAA+ Karışık Meyve 300 Gr",0,1
6095,66,prd-protein-ocean-eaa-yesil-elma-300-gr-po-056-02,"Protein Ocean EAA+ Yeşil Elma 300 Gr",0,1
6096,66,prd-protein-ocean-eaa-300-gr-po-056,"Protein Ocean EAA+ Karışık Meyve 300 Gr",0,1
6097,66,prd-protein-ocean-good-night-tropical-bite-150-gr-po-055,"Protein Ocean Good Night Tropical Bite 150 Gr",0,0
6098,66,prd-protein-ocean-eaa-yesil-elma-120-gr-po-049-02,"Protein Ocean EAA+ Yeşil Elma 120 Gr",0,1
6099,66,prd-protein-ocean-eaa-karisik-meyve-120-gr-po-049-01,"Protein Ocean EAA+ Karışık Meyve 120 Gr",0,1
6101,66,prd-seed-n-grains-ince-ogutulmus-yulaf-ezmesi-400-gr-sg-01,"Seed n Grains İnce Öğütülmüş Yulaf Ezmesi 400 Gr",0,1
6102,66,prd-united-yer-fistigi-ezmesi-600-gr-fit-01,"United Yer Fıstığı Ezmesi 600 Gr",0,0
6103,66,prd-seed-n-grains-basmati-pirinc-1000-gr-st00177,"Seed n Grains Basmati Pirinç 1000 Gr",0,1
6104,66,prd-omuz-aparati-super-shoulder-bracket-hs-010,"Omuz Aparatı Super Shoulder Bracket ÇİFT",0,0
6108,66,prd-protein-ocean-protein-bar-cikolata-ve-findik-1-adet-po-111111,"Protein Ocean Protein Bar Çikolata ve Fındık 1 Adet",0,1
6109,66,prd-multipower-protein-delight-dark-cikolata-bar-1-adet-mp-524770,"Multipower Delight Dark Çikolata Mochalı Protein Bar 1 Adet",0,1
6110,66,prd-multipower-protein-delight-dark-cikolata-bar-18-adet-mp-524769,"Multipower Delight Dark Çikolata Mochalı Protein Bar 18 Adet",0,1
6111,66,prd-multipower-whey-protein-isolate-cikolata-900-gr-st00181,"Multipower Whey Protein Isolate Çikolata 900 Gr",0,0
6135,66,prd-flava-biotin-60-kapsul-flv-32,"Flava Biotin 60 Kapsül",0,1
6138,66,prd-gozde-plastik-sports-sayacli-atlama-ipi-ip-01,"Gözde Plastik Sports Sayaçlı Atlama İpi (RENK FARKLILIK GÖSTERİR)",0,0
6150,66,prd-applied-nutrition-lifestyle-sports-water-bootle-1000-ml-shaker1,"Applied Nutrition Lifestyle Sports Water Bootle 1000 mL",0,1
6151,66,prd-danvita-peynirli-kraker-130-gr-danvita-1,"Danvita Peynirli Kraker 130 Gr",0,0
6152,66,prd-danvita-peynirli-soganli-kraker-130-gr-danvita-2,"Danvita Peynirli Frenk Soğanlı Kraker 130 Gr",0,1
6157,66,prd-mini-tanisma-paketi-mini-1,"MİNİ TANIŞMA PAKETİ",0,0
6164,66,prd-protein-ocean-cream-of-rice-cikolata-tester-50-gr-test1,"Protein Ocean Cream Of Rice Çikolata Tester 50 Gr",0,0
6165,66,prd-protein-ocean-pre-workout-dragon-blood-tester-14-gr-st002021,"Protein Ocean Pre-Workout Dragon Blood Tester 14 Gr",0,0
6166,66,prd-protein-ocean-cream-of-rice-blueberry-muffin-tester-50-gr-st00200,"Protein Ocean Cream Of Rice Blueberry Muffin Tester 50 Gr",0,0
6172,66,prd-nutraxin-iron-max-30-tablet-nut-029,"Nutraxin Iron Max 30 Tablet",0,1
6179,66,prd-delta-body-eldiveni-siyah-gri-fge-915-delta-001,"Delta Body Eldiveni Siyah Gri FGE-915 - S",0,0
6180,66,prd-delta-direncli-ayarlanabilir-el-yayi-5-60-kg-delta-002,"Delta Dirençli Ayarlanabilir El Yayı 5-60 Kg",0,0
6181,66,prd-delta-body-eldiveni-siyah-gri-fge-915-s-delta-001-4,"Delta Body Eldiveni Siyah Gri FGE-915 - S",0,0
6182,66,prd-muscle-pump-baskili-beyaz-tisort-beyaz-xxl-mus-114,"Muscle Pump Baskılı Klimalı Tişört - Beyaz - XXL",0,1
6183,66,prd-muscle-pump-baskili-beyaz-tisort-beyaz-xl-mus-113,"Muscle Pump Baskılı Klimalı Tişört - Beyaz - XL",0,1
6184,66,prd-muscle-pump-baskili-beyaz-tisort-beyaz-l-mus-112,"Muscle Pump Baskılı Klimalı Tişört - Beyaz - L",0,1
6185,66,prd-muscle-pump-baskili-beyaz-tisort-beyaz-m-mus-111,"Muscle Pump Baskılı Klimalı Tişört - Beyaz - M",0,1
6186,66,prd-muscle-pump-baskili-beyaz-tisort-mus-110,"Muscle Pump Baskılı Klimalı Tişört - Beyaz - XXL",0,1
6188,66,prd-protein-ocean-creatine-mono-pineapple-mango-120-gr-st00207,"Protein Ocean Creatine Mono. Ananas Mango 120 Gr",0,0
6191,66,prd-danvita-zeytinlisarimsakli-kraker-130-gr-danvita1,"Danvita Zeytinli&Sarımsaklı Kraker 130 Gr",0,1
6197,59,bilek-sarma-bari,"Bilek Sarma Barı",24,0
6204,59,renkli-oyun-tuneli,"Renkli Oyun Tüneli",18,1
6205,59,takla-minderi,"Takla Minderi",13,1
6206,59,denge-koordinasyon-minder-seti,"Denge & Koordinasyon Minder Seti",32,1
6207,59,mini-hareket-parkuru,"Mini Hareket Parkuru",29,1
6208,59,basketbol-cemberi-helix-eco,"Basketbol Çemberi Helix Eco",55,0
6209,59,duz-bench-sehpasi-profesyonel-antrenman-sehpasi,"Düz Bench Sehpası | Profesyonel Antrenman Sehpası",15,1
6210,59,flat-bench-sehpasi-duz-bench,"Flat Bench Sehpası Düz Bench",16,1
6211,59,siyah-bench-sehpasi-ayarlanabilir,"Siyah Bench Sehpası Ayarlanabilir",29,1
6212,59,kirmizi-bench-sehpasi,"Kırmızı Bench Sehpası Ayarlanabilir",31,1
6213,59,avessa-portatif-basketbol-potasi-108-210-mt-cpbp-20,"AVESSA PORTATİF BASKETBOL POTASI 1,08-2,10 MT CPBP-20",25,1
6215,59,crossfit-kizak-halisi-1-x-10-mt-hyrox-uyumlu-kizak-kosu-halisi,"CrossFit Kızak Halısı 1 x 10 mt | HYROX Uyumlu Kızak & Koşu Halısı",88,1
6216,59,prof-soft-plyo-box-set,"Prof Soft Plyo Box Set",22,0
6217,59,soft-plyo-50x60x75,"Soft Plyo 50×60×75",15,1
6238,59,pro-halter-platformu,"Pro Halter Platformu",8,1
6239,59,halter-atis-minderi-drop-pad,"Halter Atış Minderi (Drop Pad)",15,1
6242,59,agirlik-yelegi-20-kg-kamuflaj-profesyonel-antrenman-yelegi,"Ağırlık Yeleği 20 KG Kamuflaj – Profesyonel Antrenman Yeleği",17,1
6245,59,denge-tahtasi-profesyonel,"Denge Tahtası Profesyonel",17,1
6248,59,ayak-agirligi-5-kg-2x-25-kg,"El ve Ayak Ağırlığı 5 Kg 2x 2,5 Kg",11,1
6249,59,portatif-squat-stand-genisligi-ayarlanabilir-power-stand,"Portatif Squat Stand – Genişliği Ayarlanabilir Power Stand",21,1
6250,59,power-kafes-rack-80x80x3-mm-elit-seri-guc-ve-performans-sistemi,"Power Kafes Rack 80×80×3 mm – Elit Seri Güç ve Performans Sistemi",21,1
6251,59,pro-power-rack-80x80x3-mm-elit-seri-squat-power-cage,"Pro Power Rack 80x80x3 mm – Elit Seri Squat & Power Cage",21,1
6252,59,saglik-topu-avessa-1-2-3-4-kg,"Sağlık Topu Zıplayan 1-2-3-4 Kg",74,0
6256,59,bulldog-pad-istasyona-monte-kalca-destek-pedi,"Bulldog Pad – İstasyona Monte Kalça Destek Pedi",13,1
6257,59,lever-power-arms-eklentisi-istasyona-monte,"Lever Power Arms Eklentisi – İstasyona Monte",13,1
6258,59,dips-aleti-istasyona-monte,"Dips Aleti – İstasyona Monte",13,1
6259,59,land-mine-istasyona-monte-profesyonel-barbell-pivot-aparati,"Land Mine (İstasyona Monte) – Profesyonel Barbell Pivot Aparatı",13,1
6260,59,wall-ball-hedefi-saglik-topu-atis-hedefi,"WALL-BALL HEDEFİ | Sağlık Topu Atış Hedefi",8,1
6266,59,pilastik-kettlebell-8-kg,"Pilastik Kettlebell 8 Kg",21,1
6269,59,j-cups-profesyonel-halter-bar-tutucu-aparat,"J-CUPS | Profesyonel Halter Bar Tutucu Aparat",18,1
6271,59,isvec-duvari-cok-fonksiyonlu-duvar-tipi-antrenman-istasyonu,"İsveç Duvarı – Çok Fonksiyonlu Duvar Tipi Antrenman İstasyonu",21,1
6272,59,guc-istasyonu-duvara-monte-4-istasyon-10-direk,"Güç İstasyonu Duvara Monte 4 İstasyon 10 Direk",18,1
6275,59,basketbol-filesi-agi-nodes-cn262bs-10mm,"Basketbol Filesi Ağı Nodes CN262BS 10mm",8,1
6278,59,profesyonel-silikon-dislik-avessa-d-100,"Profesyonel Silikon Dişlik Avessa D-100",0,1
6279,59,kaucuk-kettlebell-20-kg,"Kauçuk Kettlebell 20 Kg",21,1
6280,59,powerkol-bilek-rotasyon-makinesi,"Powerkol Bilek Rotasyon Makinesi",47,1
6281,59,cimnastik-halkasi-ahsap,"Cimnastik Halkası Ahşap",13,1
6282,59,triceps-halati-cift-yon-renkli,"Triceps Halatı Çift Yön Renkli",38,1
6283,59,pilastik-kettlebell-12-kg,"Pilastik Kettlebell 12 Kg",21,1
6284,59,guc-istasyonu-duvara-monte-4-istasyon-8-direk,"Güç İstasyonu Duvara Monte – 4 İstasyon 8 Direk",13,1
6285,59,guc-istasyonu-duvara-monte-3-istasyon-6-direk,"Güç İstasyonu Duvara Monte – 3 İstasyon 6 Direk",18,1
6286,59,guc-istasyonu-duvara-monte-2-istasyon-4-direk,"Güç İstasyonu Duvara Monte – 2 İstasyon 4 Direk",13,1
6287,59,guc-istasyonu-duvara-monte-1-istasyon-2-direk,"Güç İstasyonu Duvara Monte – 1 İstasyon 2 Direk",18,1
6288,59,guc-istasyonu-orta-tip-10-istasyon-20-direk,"Güç İstasyonu Orta Tip – 10 İstasyon 20 Direk",21,1
6289,59,guc-istasyonu-orta-tip-8-istasyon-16-direk,"Güç İstasyonu Orta Tip – 8 İstasyon 16 Direk",21,1
6290,59,guc-istasyonu-orta-tip-6-istasyon-12-direk,"Güç İstasyonu Orta Tip – 6 İstasyon 12 Direk",20,1
6291,59,guc-istasyonu-orta-tip-4-istasyon-8-direk,"Güç İstasyonu Orta Tip – 4 İstasyon 8 Direk",18,1
6292,59,guc-istasyonu-orta-tip-2-istasyon-4-direk,"Güç İstasyonu Orta Tip – 2 İstasyon 4 Direk",13,1
6293,59,duvara-monte-wall-ball-top-pilates-mati-depolama-askisi-kucuk,"Duvara Monte Wall Ball – Top & Pilates Matı Depolama Askısı Küçük",21,1
6294,59,duvara-monte-wall-ball-top-pilates-mati-depolama-askisi,"Duvara Monte Wall Ball – Top & Pilates Matı Depolama Askısı",21,1
6296,59,slam-ball-medicine-ball-standi-tekli-dikey-model,"Slam Ball & Medicine Ball Standı | Tekli Dikey Model",13,1
6297,59,profesyonel-ikili-dikey-wall-ball-medicine-ball-standi,"Profesyonel İkili Dikey Wall Ball / Medicine Ball Standı",13,1
6298,59,ikili-dikey-slam-ball-medicine-ball-standi,"İkili Dikey Slam Ball & Medicine Ball Standı",13,1
6299,59,dambil-rack-20li-profesyonel-dambil-rafi,"Dambıl Rack 20’li | Profesyonel Dambıl Rafı",13,1
6300,59,dambil-rack-24lu-3-katli-profesyonel-dambil-standi,"Dambıl Rack 24’lü | 3 Katlı Profesyonel Dambıl Standı",13,1
6301,59,dambil-rack-10lu-profesyonel-dambil-depolama-standi,"Dambıl Rack 10’lu – Profesyonel Dambıl Depolama Standı",21,1
6302,59,ultra-raf-sistemi-3-profesyonel-cok-amacli-depolama-rafi,"Ultra Raf Sistemi 3 – Profesyonel Çok Amaçlı Depolama Rafı",8,1
6303,59,ultra-raf-sistemi-2-profesyonel-cok-amacli-depolama-rafi,"Ultra Raf Sistemi 2 – Profesyonel Çok Amaçlı Depolama Rafı",8,1
6304,59,ultra-raf-sistemi-1-profesyonel-cok-amacli-depolama-rafi,"Ultra Raf Sistemi 1 – Profesyonel Çok Amaçlı Depolama Rafı",21,1
6305,59,kettlebell-rafi-profesyonel-2-katli-depolama-unitesi,"Kettlebell Rafı – Profesyonel 2 Katlı Depolama Ünitesi",21,1
6306,59,egzersiz-tekeri-renkli-kutu-2,"Egzersiz Karın Aleti",29,1
6309,59,mikasa-bv550c-fivb-onayli-sentetik-deri-beach-resmi-voleybol-topu,"Plaj Voleybol Topu Mikasa BV550C FIVB Onaylı",65,1
6315,59,voleybol-topu-mikasa-v300w-fivb-onayli-mikasa-no-5,"Voleybol Topu Mikasa V300W FIVB Onaylı No-5",54,1
6316,59,yapistirma-lastikli-smac-egitim-voleybol-topu-mikasa-v300w-at-tr-no-5,"Yapıştırma Lastikli Smaç Eğitim Voleybol Topu Mikasa V300W AT-TR No-5",45,1
6318,59,voleybol-topu-mikasa-v360w-sl-no-5,"Voleybol Topu Mikasa V360W-SL No-5",66,1
6319,59,voleybol-topu-mikasa-v360w-l-no-5,"Voleybol Topu Mikasa V360W-L No-5",66,1
6356,59,ucabor-pu-micro-fiber-korfball-topu-sari-lacivert,"Ucabor PU Mıcro Fiber Korfball Topu Sarı - Lacivert",62,1
6357,59,mikasa-k5-ikf-sentetik-korfball-topu-sari-lacivert,"Mikasa K5-IKF Sentetik Korfball Topu Sarı/Lacivert",67,1
6358,59,egitici-oyuncak-mmx-blocks-kutulu,"Eğitici Oyuncak MMX Blocks Kutulu",17,1
6359,59,vinyl-pvc-dambil-4-kg,"Vinyl PVC Dambıl 4 Kg",16,1
6360,59,vinyl-pvc-dambil-25-kg,"Vinyl PVC Dambıl 2,5 Kg",16,1
6362,59,proline-depolama-unitesi-3-katli,"ProLine Depolama Ünitesi – 3 Katlı",21,1
6363,59,pro-plaka-arabasi,"Pro Plaka Arabası",21,1
6364,59,profesyonel-dikey-dambil-rafi,"Profesyonel Dikey Dambıl Rafı",21,1
6365,59,duvara-monte-ahssap-dambil-stand,"Duvara Monte Ahşşap Dambıl Stand",21,1
6366,59,tekerlekli-mat-askisi,"Tekerlekli Mat Askısı",21,1
6367,59,crossfit-aksesuar-askisi,"CrossFit Aksesuar Askısı",21,1
6368,59,duvara-monte-ahsap-bar-standi-3lu,"Duvara Monte Ahşap Bar Standı (3’lü)",21,1
6369,59,duvara-monte-ahsap-bar-standi-6li,"Duvara Monte Ahşap Bar Standı (6’lı)",21,1
6370,59,atlama-ipi-avessa-7-mt,"Atlama İpi Avessa 7 mt",48,1
6371,59,3lu-duvara-monte-bar-askisi,"3’lü Duvara Monte Bar Askısı",21,1
6372,59,olimpik-plaka-ve-bar-standi,"Olimpik Plaka ve Bar Standı",21,1
6375,59,tekerlekli-olimpik-plaka-ve-bar-standi,"Tekerlekli Olimpik Plaka ve Bar Standı",18,1
6382,59,hip-thrust-bench-pro,"Hip Thrust Bench Pro",21,1
6383,59,deadlift-bar-jack,"DEADLIFT Bar Jack",21,1
6384,59,split-pro-stand,"Split Pro Stand",21,1
6385,59,glute-ham-roller,"Glute Ham Roller",63,1
6386,59,front-sissy-squat,"Front Sıssy SQUAT",21,1
6387,59,peg-board-tirmanma-tahtasi,"Peg Board (Tırmanma Tahtası)",21,1
6388,59,crossfit-kizak-guc-kondisyon-ve-patlayici-kuvvet-antrenman-ekipmani,"CrossFit Kızak – Güç, Kondisyon ve Patlayıcı Kuvvet Antrenman Ekipmanı",21,1
6389,59,large-paralette-fonksiyonel-antrenman-bari,"Large Paralette – Fonksiyonel Antrenman Barı",18,1
6390,59,eko-crossfit-kizak-small-sled,"Eko CrossFit Kızak (Small Sled)",21,1
6425,59,tenis-mac-topu-kbs-ittf-onayli-3lu-kutu,"Masa Tenisi Maç Topu KBS ITTF Onaylı 3'lü Kutu",33,1
6426,59,tenis-antrenman-topu-100lu-1-yildiz,"Masa Tenisi Antrenman Topu 100'lü 1 Yıldız",18,1
6427,59,masa-tenisi-file-demir-set-kbs-ittf-onayli,"Masa Tenisi File Demir Set KBS ITTF Onaylı",0,1
6429,59,cok-fonksiyonlu-buyuk-canakli-set,"Çok Fonksiyonlu Büyük Çanaklı Set",33,1
6430,59,antrenman-huni-23-cm-4lu,"Antrenman Huni 23 cm 4'lü",35,1
6431,59,fonksiyonel-antrenman-huni-38-cm-4lu,"Fonksiyonel Antrenman Huni 38 cm 4'lü",24,1
6434,59,slalom-seti-standart,"Slalom Seti Standart",43,1
6442,59,stiga-bat-pro-wrb-blue-edition-3-star-masa-tenisi-raketi-hiz-spin-kontrol-dengesi,"Stiga Bat Pro WRB Blue Edition – 3 Star Masa Tenisi Raketi | Hız – Spin – Kontrol Dengesi",90,1
6443,59,stiga-bat-react-2-star-masa-tenisi-raketi-baslangic,"Stiga Bat React – 2 Star Masa Tenisi Raketi | Başlangıç",37,1
6444,59,stiga-bat-artist-2-star-masa-tenisi-raketi-baslangic,"Stiga Bat Artist – 2 Star Masa Tenisi Raketi | Başlangıç",40,1
6445,59,stiga-bat-clash-hobby-masa-tenis-raketi-baslangic,"Stiga Bat Clash – Hobby Masa Tenis Raketi | Başlangıç",27,1
6446,59,stiga-profesyonel-masa-tenisi-filesi,"Stiga Profesyonel Masa Tenisi Filesi",62,1
6448,59,stiga-musabaka-seviyesi-masa-tenisi-filesi,"Stiga Müsabaka Seviyesi Masa Tenisi Filesi",62,1
6456,59,spalding-basketbol-topu-2021-tf1000-leg-euro-size7,"Basketbol Topu Spalding 2021 TF1000 LEG/EURO No-7",66,1
6468,59,avessa-portatif-basketbol-potasi-140-2-mt-cpbp-10,"AVESSA PORTATİF BASKETBOL POTASI 1,40-2 MT CPBP-10",25,1
6469,59,avessa-portatif-basketbol-potasi-1-305-mt-cpbp-30,"AVESSA PORTATİF BASKETBOL POTASI 1 - 3,05 MT CPBP-30",25,1
6470,59,avessa-portatif-basketbol-potasi-15-mt-305-mt-cpbp-40,"AVESSA PORTATİF BASKETBOL POTASI 1,5 MT-3,05 MT CPBP-40",25,0
6472,59,avessa-duvara-monte-ayarli-basketbol-panya-ve-cember-230-305-mt-sbp-10,"AVESSA DUVARA MONTE AYARLI BASKETBOL PANYA VE ÇEMBER 2,30-3,05 MT SBP-10",45,1
6474,59,avessa-vlb-1000-voleybol-topu,"Voleybol Topu Avessa VLB-1000",69,0
6476,59,avessa-vtb-500-yapistirma-voleybol-topu,"Voleybol Topu Avessa VTB-500 Yapıştırma",73,0
6503,59,voleybol-dizligi-avessa-vd-50-xs-beden,"Voleybol Dizliği Avessa VD-50 XS BEDEN",33,1
6504,59,voleybol-dizligi-avessa-vd-50-l-beden,"Voleybol Dizliği Avessa VD-50 L BEDEN",33,1
6505,59,voleybol-dizligi-avessa-vd-50-s-beden,"Voleybol Dizliği Avessa VD-50 S BEDEN",33,1
6506,59,voleybol-dizligi-avessa-vd-50-m-beden,"Voleybol Dizliği Avessa VD-50 M BEDEN",33,1
6507,59,voleybol-dizligi-avessa-vd-50-xl-beden,"Voleybol Dizliği Avessa VD-50 XL BEDEN",33,1
6516,59,kapi-koridor-barfiksi-tam-boy-sungerli-60-100-cm,"Kapı-Koridor Barfiksi Tam Boy Süngerli 60-100 cm",23,1
6518,59,mekik-cekme-aleti-yere-vakumlu,"Mekik Çekme Aleti Yere Vakumlu",48,1
6519,59,bacak-acma-egzersiz-aleti,"Bacak Açma Egzersiz Aleti",44,1
6520,59,kapi-koridor-barfiksi-tam-boy-sungerli-80-130-cm,"Kapı-Koridor Barfiksi Tam Boy Süngerli 80-130 cm",23,1
6522,59,kondisyon-bisikleti-kr-602-spin-bike-dikey,"Kondisyon Bisikleti KR-602 Spin Bike Dikey",55,1
6523,59,kondisyon-bisikleti-kr-707-spin-bike-dikey,"Kondisyon Bisikleti KR-707 Spin Bike Dikey",49,1
6524,59,ev-tipi-pilastik-dambil-1-10-kg,"Ev Tipi Pilastik Dambıl 1-10 Kg",73,0
6525,59,dambil-standi-metal-relife,"Dambıl Standı Metal RELIFE",28,1
6526,59,dambil-standi-metal-16li,"Dambıl Standı Metal 16'lı",40,1
6527,59,slide-disk-egzersiz-ve-pilates-diski-kirmizi,"Slide Disk Egzersiz ve Pilates Diski Kırmızı",46,1
6528,59,egzersiz-tekeri-renkli-kutu,"Egzersiz Tekeri Renkli Kutu",29,1
6534,59,ayak-agirligi-1-kg-2x-05-kg,"El ve Ayak Ağırlığı 1 Kg 2x 0,5 Kg",11,1
6535,59,ayak-agirligi-2-kg-2x-1-kg,"El ve Ayak Ağırlığı 2 Kg 2x 1 Kg",11,1
6536,59,ayak-agirligi-3-kg-2x-15-kg,"El ve Ayak Ağırlığı 3 Kg 2x 1,5 Kg",11,1
6537,59,ayak-agirligi-4-kg-2x-2-kg,"El ve Ayak Ağırlığı 4 Kg 2x 2 Kg",11,1
6538,59,ayak-agirligi-6-kg-2x-3-kg,"El ve Ayak Ağırlığı 6 Kg 2x 3 Kg",11,1
6539,59,ayak-agirligi-8-kg-2x-4-kg,"El ve Ayak Ağırlığı 8 Kg 2x 4 Kg",11,1
6540,59,ayak-agirligi-10-kg-2x-5-kg,"El ve Ayak Ağırlığı 10 Kg 2x 5 Kg",11,1
6541,59,vinyl-pvc-dambil-1-kg,"Vinyl PVC Dambıl 1 Kg",16,1
6542,59,vinyl-pvc-dambil-15-kg,"Vinyl PVC Dambıl 1,5 Kg",16,1
6543,59,vinyl-pvc-dambil-2-kg,"Vinyl PVC Dambıl 2 Kg",16,1
6544,59,vinyl-pvc-dambil-3-kg,"Vinyl PVC Dambıl 3 Kg",16,1
6545,59,vinyl-pvc-dambil-5-kg,"Vinyl PVC Dambıl 5 Kg",16,1
6546,59,vinyl-pvc-dambil-6-kg,"Vinyl PVC Dambıl 6 Kg",16,1
6547,59,vinyl-pvc-dambil-7-kg,"Vinyl PVC Dambıl 7 Kg",16,1
6548,59,vinyl-pvc-dambil-75-kg,"Vinyl PVC Dambıl 7,5 Kg",16,1
6549,59,vinyl-pvc-dambil-8-kg,"Vinyl PVC Dambıl 8 Kg",16,1
6550,59,vinyl-pvc-dambil-9-kg,"Vinyl PVC Dambıl 9 Kg",16,1
6551,59,vinyl-pvc-dambil-10-kg,"Vinyl PVC Dambıl 10 Kg",16,1
6553,59,pilastik-kettlebell-4-kg,"Pilastik Kettlebell 4 Kg",21,1
6554,59,pilastik-kettlebell-6-kg,"Pilastik Kettlebell 6 Kg",21,1
6555,59,kaucuk-kettlebell-3-kg,"Kauçuk Kettlebell 3 Kg",21,1
6556,59,kaucuk-kettlebell-4-kg,"Kauçuk Kettlebell 4 Kg",21,1
6557,59,kaucuk-kettlebell-5-kg,"Kauçuk Kettlebell 5 Kg",21,1
6558,59,kaucuk-kettlebell-6-kg,"Kauçuk Kettlebell 6 Kg",21,1
6559,59,kaucuk-kettlebell-7-kg,"Kauçuk Kettlebell 7 Kg",21,1
6560,59,kaucuk-kettlebell-8-kg,"Kauçuk Kettlebell 8 Kg",21,1
6561,59,kaucuk-kettlebell-9-kg,"Kauçuk Kettlebell 9 Kg",21,1
6562,59,kaucuk-kettlebell-9-kg-kopya,"Kauçuk Kettlebell 10 Kg",21,1
6563,59,dokum-kettlebell-2-kg-caydanlik-model,"Döküm Kettlebell 2 Kg - Çaydanlık Model",21,1
6564,59,dokum-kettlebell-3-kg-caydanlik-model,"Döküm Kettlebell 3 Kg - Çaydanlık Model",21,1
6565,59,dokum-kettlebell-4-kg-caydanlik-model,"Döküm Kettlebell 4 Kg - Çaydanlık Model",21,1
6566,59,dokum-kettlebell-5-kg-caydanlik-model,"Döküm Kettlebell 5 Kg - Çaydanlık Model",21,1
6567,59,dokum-kettlebell-6-kg-caydanlik-model,"Döküm Kettlebell 6 Kg - Çaydanlık Model",21,1
6569,59,sulu-agirlik-calisma-cantasi-2-25-kg,"Sulu Ağırlık Çalışma Çantası 2-25 Kg",50,1
6570,59,sulu-agirlik-calisma-cantasi-2-15-kg,"Sulu Ağırlık Çalışma Çantası 2-15 Kg",50,1
6571,59,kisa-krom-bar-30-cm,"Kısa Krom Bar 30 cm",21,1
6572,59,agirlik-bari-152-cm,"Ağırlık Barı 152 cm",12,1
6573,59,agirlik-bari-168-cm,"Ağırlık Barı 168 cm",12,1
6574,59,agirlik-bari-183-cm,"Ağırlık Barı 183 cm",12,1
6575,59,agirlik-bari-213-cm,"Ağırlık Barı 213 cm",12,1
6578,59,olimpik-bar-183-cm,"Olimpik Bar 183 cm",26,1
6579,59,olimpik-bar-152-cm,"Olimpik Bar 152 cm",25,1
6580,59,olimpik-bar-218-cm,"Olimpik Bar 218 cm",26,1
6581,59,profesyonel-hex-olimpik-bar-150-cm,"Profesyonel Hex Olimpik Bar 150 cm",36,1
6582,59,push-down-aparati-ve-cable-cross-bar,"Push Down Aparatı ve Cable Cross Bar",59,1
6583,59,aerobic-step-tahtasi-mekik-sehpasi,"AEROBİC STEP TAHTASI - MEKİK SEHPASI",36,1
6584,59,tekli-calisma-istasyonu,"Tekli Çalışma İstasyonu",23,1
6585,59,duvara-monte-cok-fonksiyonlu-barfiks-aleti,"DUVARA MONTE ÇOK FONKSİYONLU BARFİKS ALETİ",42,1
6586,59,deri-atlama-ipi-ahsap-sapli,"DERİ ATLAMA İPİ AHŞAP SAPLI",27,1
6587,59,sunger-sapli-atlama-ipi,"SÜNGER SAPLI ATLAMA İPİ",23,1
6588,59,dambil-calisma-aleti-bilek-sargili-cift,"DAMBIL ÇALIŞMA ALETİ BİLEK SARGILI ÇİFT",39,1
6589,59,sporcu-calisma-aleti,"SPORCU ÇALIŞMA ALETİ",20,1
6590,59,yeni-nesil-cekis-aparati-cift,"YENİ NESİL ÇEKİŞ APARATI ÇİFT",29,1
6591,59,delikli-nbr-mat-15-cm-koyu-mavi,"DELİKLİ NBR MAT 1,5 CM KOYU MAVİ",32,1
6593,59,olimpik-bar-klipsi,"Olimpik Bar Klipsi",14,1
6594,59,sikistirmali-plastik-olimpik-bar-klipsi,"Sıkıştırmalı Plastik Olimpik Bar Klipsi",14,1
6595,59,push-down-aparati-ve-cable-cross-bari,"Push Down Aparatı ve Cable Cross Barı",59,1
6596,59,rowing-bari,"Rowing Barı",29,1
6597,59,handle-cift-el-cekis-bari,"Handle Çift El Çekiş Barı",29,1
6598,59,multi-exercise-bar-mide-kas-cekis-aparati,"Multi Exercise Bar Mide Kas Çekiş Aparatı",41,1
6602,59,cikis-takozu-profesyonel,"Çıkış Takozu Profesyonel",18,1
6603,59,kaucuk-canak-20-cm-4-farkli-renk,"Kauçuk Çanak 20 cm 4 Farklı Renk",50,0
6604,59,normal-canak-22-cm,"Normal Çanak 22 cm",43,1
6605,59,orta-boy-canak-20-cm,"Orta Boy Çanak 20 cm",50,1
6606,59,ucgen-dizayn-canak-20-cm,"Üçgen Dizayn Çanak 16 cm",50,1
6607,59,dikdortgen-dizayn-canak-18-cm,"Dikdörtgen Dizayn Çanak 18 cm",50,1
6608,59,kaucuk-daire-canak-seti-10,"Kauçuk Daire Çanak Seti 10'lu",17,1
6609,59,kaucuk-kare-canak-seti-10lu,"Kauçuk Kare Çanak Seti 10'lu",17,1
6610,59,antrenman-huni-18-cm-4lu-set-kirmizi,"Antrenman Huni 18 cm 4'lü Set Kırmızı",16,1
6611,59,antrenman-huni-18-cm-4lu-set-mavi,"Antrenman Huni 18 cm 4'lü Set Mavi",16,1
6612,59,antrenman-huni-18-cm-4lu-set-turuncu,"Antrenman Huni 18 cm 4'lü Set Turuncu",16,1
6613,59,antrenman-huni-18-cm-4lu-set-sari,"Antrenman Huni 18 cm 4'lü Set Sarı",16,0
6614,59,antrenman-huni-23-cm-4lu-set-pembe,"Antrenman Huni 23 cm 4'lü Set Pembe",16,1
6615,59,antrenman-huni-23-cm-4lu-set-kirmizi,"Antrenman Huni 23 cm 4'lü Set Kırmızı",16,1
6616,59,antrenman-huni-23-cm-4lu-set-sari,"Antrenman Huni 23 cm 4'lü Set Sarı",16,1
6617,59,antrenman-huni-18-cm-4lu-set-pembe,"Antrenman Huni 18 cm 4'lü Set Pembe",16,1
6618,59,antrenman-huni-23-cm-4lu-set-yesil,"Antrenman Huni 23 cm 4'lü Set Yeşil",16,1
6619,59,antrenman-huni-23-cm-4lu-set-turuncu,"Antrenman Huni 23 cm 4'lü Set Turuncu",16,1
6620,59,antrenman-huni-23-cm-4lu-set-mavi,"Antrenman Huni 23 cm 4'lü Set Mavi",16,1
6621,59,delikli-yeni-model-huni-23-cm,"Delikli Yeni Model Huni 23 cm",43,1
6622,59,delikli-yeni-model-huni-32-cm,"Delikli Yeni Model Huni 32 cm",43,1
6623,59,delikli-yeni-model-huni-38-cm,"Delikli Yeni Model Huni 38 cm",43,1
6624,59,delikli-yeni-model-huni-52-cm,"Delikli Yeni Model Huni 52 cm",43,0
6625,59,antrenman-engeli-15-cm,"Antrenman Engeli 15 cm",46,1
6626,59,antrenman-engeli-23-cm,"Antrenman Engeli 23 cm",46,1
6627,59,antrenman-engeli-30-cm,"Antrenman Engeli 30 cm",46,1
6628,59,antrenman-engeli-40-cm,"Antrenman Engeli 40 cm",46,1
6629,59,antrenman-engeli-50-cm,"Antrenman Engeli 50 cm",46,1
6671,59,240-volt-elektrikli-pompa,"240 Volt Elektrikli Pompa",48,1
6672,59,basketbol-top-cantasi,"Basketbol Top Çantası",25,1
6673,59,hentbol-top-cantasi,"Hentbol Top Çantası",25,1
6674,59,voleybol-top-cantasi,"Voleybol Top Çantası",25,1
6675,59,top-ignesi-kalin-uclu-celik,"Top İğnesi Kalın Uçlu Çelik",50,1
6677,59,top-malzeme-cantasi,"Top Malzeme Çantası",25,1
6678,59,top-malzeme-cantasi-tekerlekli,"Top Malzeme Çantası Tekerlekli",27,1
6682,59,basketbol-antrenman-makinasi,"Basketbol Antrenman Makinası",34,1
6683,59,seyyar-badminton-voleybol-file-seti,"Seyyar Badminton–Voleybol File Seti",38,1
6684,59,dart-koruma-cemberi,"Dart Koruma Çemberi",42,1
6690,59,mini-dijital-gostergeli-kondisyon-bisikleti-siyah-ayarlanabilir-pedal-direnci,"Mini Dijital Göstergeli Kondisyon Bisikleti Siyah - Ayarlanabilir Pedal Direnci",65,1
6691,59,atlama-ipi-avessa-kirmizi,"Atlama İpi Avessa Kırmızı",54,1
6692,59,vinyl-pvc-dambil-05-kg,"Vinyl PVC Dambıl 0,5 Kg",16,1
6695,59,antrenman-engeli-seti-5li-cantali,"Antrenman Engeli Seti 5'li Çantalı",66,1
6698,59,black-amator-lapa,"Black Amatör Lapa",15,1
6699,59,siyah-amator-lapa-kopya,"Siyah Amatör Lapa",15,1
6700,59,amator-lapa-sari-siyah-22-x-18-x-4-cm,"Amatör Lapa Sarı-Siyah 22 × 18 × 4 cm",15,1
6701,59,pro-lapa-sari-siyah,"PRO Lapa Sarı-Siyah",15,1
6702,59,aktivite-tirmanma-halati-40-mm-cap-18-mm-kavak-kontra-taban,"Aktivite Tırmanma Halatı (40 mm Çap – 18 mm Kavak Kontra Taban)",34,1
6703,59,air-hockey-masasi-elektrikli-buyuk-model,"Air Hockey Masası Elektrikli Büyük Model",63,1
6704,59,air-hockey-masasi-elektrikli-kucuk-model,"Air Hockey Masası Elektrikli Küçük Model",63,1
6705,59,ev-ve-ofis-tipi-langirt-masasi-140x110x85-cm-4mm-temperli-cam,"Ev ve Ofis Tipi Langırt Masası 140x110x85 cm 4mm Temperli Cam",25,1
6706,59,red-star-top-sepeti-4-farkli-renk-secenegi,"Ultra Güçlendirilmiş Voleybol Top Sepeti 4 Farklı Renk Seçeneği",15,0
6707,59,cimnastik-sopasi-150-120-110-cm,"Cimnastik Sopası 150-120-110 cm",61,0
6708,59,tekli-duvar-tipi-bale-bari,"Tekli Duvar Tipi Bale Barı",17,1
6709,59,cimnastik-parkur-ekipmani-piramit-sunger-blok-100x50x30-cm,"Cimnastik Parkur Ekipmanı – Piramit Sünger Blok (100x50x30 cm)",14,1
6710,59,cimnastik-parkur-ekipmani-piramit-sunger-blok-100x60x30-cm,"Cimnastik Parkur Ekipmanı – Piramit Sünger Blok (100x60x30 cm)",14,1
6711,59,cimnastik-parkur-ekipmani-piramit-sunger-blok-100x70x30-cm,"Cimnastik Parkur Ekipmanı – Piramit Sünger Blok (100x70x30 cm)",14,1
6712,59,cimnastik-parkur-ekipmani-dogal-ahsap-parkur-kutusu-150x60x70-cm,"Cimnastik Parkur Ekipmanı – Doğal Ahşap Parkur Kutusu (150x60x70 cm)",14,1
6713,59,cimnastik-parkur-ekipmani-kulvar-raylari,"Cimnastik Parkur Ekipmanı – Kulvar Rayları",14,1
6714,59,cimnastik-parkur-ekipmani-parkur-yuksek-bar-seti,"Cimnastik Parkur Ekipmanı – Parkur Yüksek Bar Seti",21,1
6715,59,cimnastik-parkur-ekipmani-parkur-sirasi-250x30x40-cm,"Cimnastik Parkur Ekipmanı – Parkur Sırası (250x30x40 cm)",14,1
6716,59,cimnastik-parkur-ekipmani-duz-parkur-minderi-200x100x10-cm,"Cimnastik Parkur Ekipmanı – Düz Parkur Minderi (200x100x10 cm)",14,1
6717,59,cimnastik-parkur-ekipmani-parkur-yer-bari-seti-200x150-cm,"Cimnastik Parkur Ekipmanı – Parkur Yer Barı Seti (200x150 cm)",14,1
6718,59,cimnastik-parkur-ekipmani-kulvar-ici-parkur-rulosu-140-x-36-m,"Cimnastik Parkur Ekipmanı – Kulvar İçi Parkur Rulosu (140 x 36 m)",14,1
6719,59,cimnastik-parkur-ekipmani-parkur-ahsap-aletleri-kutu-engel-seti-150x50x50-cm,"Cimnastik Parkur Ekipmanı – Parkur Ahşap Aletleri Kutu Engel Seti (150x50x50 cm)",14,1
6720,59,cimnastik-parkur-ekipmani-egilimli-duvar-tirmanis-modulu-220-cm-dogal-ahsap-2,"Cimnastik Parkur Ekipmanı – Eğilimli Duvar Tırmanış Modülü (220 cm | Doğal Ahşap)",14,1
6721,59,cimnastik-parkur-ekipmani-egilimli-duvar-tirmanis-modulu-220-cm-dogal-ahsap,"Cimnastik Parkur Ekipmanı – Eğilimli Duvar Tırmanış Modülü (170 cm | Doğal Ahşap)",14,1
6722,59,cimnastik-parkur-ekipmani-ayarlanabilir-tik-tak-engel-dogal-ahsap,"Cimnastik Parkur Ekipmanı – Ayarlanabilir Tik Tak Engel (Doğal Ahşap)",15,1
6723,59,cimnastik-parkur-ekipmani-dogal-ahsap-bari-piramit-engel-150x60x50-cm,"Cimnastik Parkur Ekipmanı – Doğal Ahşap Bari Piramit Engel (150x60x50 cm)",14,1
6724,59,cimnastik-parkur-ekipmani-dogal-ahsap-parkur-kutusu-150x60x60-cm,"Cimnastik Parkur Ekipmanı – Doğal Ahşap Parkur Kutusu (150x60x60 cm)",14,1
6725,59,cimnastik-parkur-ekipmani-parkur-step-minderi-40x40x10-cm,"Cimnastik Parkur Ekipmanı – Parkur Step Minderi (40x40x10 cm)",14,1
6726,59,cimnastik-parkur-ekipmani-cok-katmanli-sunger-blok-seti-150x60x50-cm-2-adet,"Cimnastik Parkur Ekipmanı – Çok Katmanlı Sünger Blok Seti (150x60x50 cm | 2 Adet)",14,1
6727,59,cimnastik-parkur-ekipmani-baslangic-piramit-sunger-blok-100x35x30-cm,"Cimnastik Parkur Ekipmanı – Başlangıç Piramit Sünger Blok (100x35x30 cm)",14,1
6728,59,cimnastik-parkur-ekipmani-tirmanma-sunger-blok-180x120x90-cm,"Cimnastik Parkur Ekipmanı – Tırmanma Sünger Blok (180x120x90 cm)",14,1
6729,59,cimnastik-parkur-ekipmani-sunger-tik-tak-blok-60x60x30-cm,"Cimnastik Parkur Ekipmanı – Sünger Tık Tak Blok (60x60x30 cm)",14,1
6730,59,cimnastik-parkur-ekipmani-cirtli-sunger-blok-150x30x20-cm,"Cimnastik Parkur Ekipmanı – Cırtlı Sünger Blok (150x30x20 cm)",14,1
6731,59,cimnastik-silindir-minder,"Cimnastik Silindir Minder",84,0
6735,59,hakem-koltugu-korumasi,"Hakem Koltuğu Koruması",18,1
6736,59,tvf-model-teleskopik-voleybol-hakem-koltugu,"TVF Model Teleskopik Voleybol Hakem Koltuğu",18,1
6737,59,saha-cizgisi-seti-4-farkli-tum-renkler,"Saha Çizgisi Seti 5 Farklı Tüm Renkler",76,0
6740,59,voleybol-anten-seti-standart-cift,"Voleybol Anten Seti - Standart Çift",60,1
6741,59,voleybol-blok-tahtasi,"Voleybol Blok Tahtası",18,1
6742,59,pro-powersandbag-20-kg-siyah,"PRO POWERSANDBAG – 20 KG | Siyah",39,1
6743,59,pro-powersandbag-15-kg-siyah,"PRO POWERSANDBAG – 15 KG | Siyah",39,1
6744,59,pro-powersandbag-10-kg-siyah,"PRO POWERSANDBAG – 10 KG | Siyah",39,1
6746,59,voleybol-filesi-agi-nodes-cn730v-amator-overlok,"Voleybol Filesi Ağı Nodes CN730V Amatör Overlok",12,1
6747,59,voleybol-filesi-agi-nodes-cn700v-cubuklu-9-5-metre,"Voleybol Filesi Ağı Nodes CN700V Çubuklu 9.5 Metre",86,1
6751,59,voleybol-mac-filesi-agi-nodes-cn7045-fiber-cubuklu,"Voleybol Maç Filesi Ağı Nodes CN7045 Fiber Çubuklu",65,0
6752,59,plaj-voleybol-filesi-agi-nodes-cn710v-turuncu,"Plaj Voleybol Filesi Ağı Nodes CN710V Turuncu",90,0
6753,59,plaj-voleybol-filesi-agi-nodes-cn712vs-sari-9-5-metre,"Plaj Voleybol Filesi Ağı Nodes CN712VS Sarı 9.5 Metre",90,1
6754,59,voleybol-anten-kilifi-nodes-cn772v-profesyonel,"Voleybol Anten Kılıfı Nodes CN772V Profesyonel",45,1
6755,59,voleybol-anten-seti-nodes-cn779v-fiber,"Voleybol Anten Seti Nodes CN779V Fiber",45,0
6758,59,kum-torbasi-trx-hamak-aski-aparati-bks-001,"KUM TORBASI TRX HAMAK ASKI APARATI BKS-001",88,1
6795,59,iwf-onayli-antrenman-plakasi-20-kg,"IWF Onaylı Antrenman Plakası 20 KG",17,0
6809,59,slalom-seti-renkli-dolu-takozlu,"Slalom Seti Renkli Dolu Takozlu",16,1
6810,59,slalom-seti-renkli-kaucuk-tabanli,"Slalom Seti Renkli Kauçuk Tabanlı",16,1
6811,59,civili-slalom-seti,"Çivili Slalom Seti",16,1
6812,59,egitici-oyuncak-tur-sayaci,"Eğitici Oyuncak Tur Sayacı",41,1
6813,59,egitici-oyuncak-seksek-oyun-brandasi,"Eğitici Oyuncak Seksek Oyun Brandası",22,1
6814,59,egitici-oyuncak-scoreboard,"Eğitici Oyuncak Scoreboard",49,1
6816,59,egitici-oyuncak-isaret-seti,"Eğitici Oyuncak İşaret Seti",11,1
6817,59,egitici-oyuncak-dev-domino,"Eğitici Oyuncak Dev Domino",40,1
6818,59,aktivite-oyunlar-askili-denge-oyunu,"Aktivite Oyunlar Askılı Denge Oyunu",14,1
6819,59,tekli-trambolin-200x200-cm,"Tekli Trambolin 200x200 cm",44,1
6820,59,aktivite-oyunlar-yaz-kizagi-cirtli-hareket-oyunu,"Aktivite Oyunlar Yaz Kızağı Cırtlı-Hareket Oyunu",14,0
6821,59,aktivite-oyunlar-sans-topu-oyunu-etkinlik-masasi,"Aktivite Oyunlar Şans Topu Oyunu Etkinlik Masası",14,1
6822,59,aktivite-oyunlar-bardak-arenasi,"Aktivite Oyunlar Bardak Arenası",0,1
6823,59,aktivite-oyunlar-dortx-oyun-masasi,"Aktivite Oyunlar DörtX Oyun Masası",14,1
6824,59,aktivite-oyunlar-powershot-hedef-oyunu,"Aktivite Oyunlar PowerShot Hedef Oyun",14,1
6825,59,aktivite-oyunlar-isabet-master,"Aktivite Oyunlar İsabet Master",17,1
6826,59,aktivite-oyunlar-top-jengasi,"Aktivite Oyunlar Top Jengasi",14,1
6827,59,aktivite-oyunlar-korh-hole-hedef-atis,"Aktivite Oyunlar Korh Hole Hedef Atış",17,0
6828,59,aktivite-oyunlar-tornet,"Aktivite Oyunlar Tornet",17,1
6829,59,aktivite-oyunlar-tank-yarisi,"Aktivite Oyunlar Tank Yarışı",17,1
6830,59,aktivite-oyunlar-metal-top-hedefi-yuvarlak,"Aktivite Oyunlar Metal Top Hedefi Yuvarlak",17,1
6831,59,limbo-geciti-yukseklik-ayarli-parkur-oyunu,"Limbo Geçiti – Yükseklik Ayarlı Parkur Oyunu",17,1
6832,59,aktivite-oyunlar-yaz-kizagi-ekip-oyunu,"Aktivite Oyunlar Yaz Kızağı – Ekip Oyunu",17,1
6834,59,aktivite-oyunlar-parcali-denge-aleti,"Aktivite Oyunlar Parçalı Denge Aleti",16,1
6835,59,aktivite-oyunlar-halat-cekme,"Aktivite Oyunlar Halat Çekme",19,1
6836,59,aktivite-oyunlar-yengec-yurume-tahtasi,"Aktivite Oyunlar Yengeç Yürüme Tahtası",16,1
6837,59,aktivite-oyunlar-base-mas-guresi-tahtasi,"Aktivite Oyunlar Base Mas Güreşi Tahtası",22,1
6840,59,aktivite-oyunlar-civili-tahta,"Aktivite Oyunlar Çivili Tahta",16,1
6841,59,oyun-aktivite-parasutu-5-mt,"Oyun Aktivite Paraşütü 5 mt",57,1
6842,59,oyun-aktivite-parasutu-35-mt,"Oyun Aktivite Paraşütü 3,5 mt",57,1
6843,59,pikler-ucgen-seti,"Pikler Üçgen Seti",17,1
6844,59,studioline-pro-profesyonel-sabit-tip-ciftli-bale-bar,"StudioLine Pro - Profesyonel Sabit Tip Çiftli Bale Bar",81,1
6845,59,premium-seri-sabit-ciftli-bale-bari-kirmizi,"Premium Seri Sabit Çiftli Bale Barı-Kırmızı",17,1
6846,59,premium-seri-sabit-ciftli-bale-bari,"Premium Seri Sabit Çiftli Bale Barı-Siyah",17,1
6847,59,paralel-pro-cift-kollu-ayarlanabilir-bale-bari,"Paralel Pro Çift Kollu Ayarlanabilir Bale Barı",17,1
6848,59,elite-pro-agirlikli-yukseklik-ayarli-bale-bari,"Elite Pro Ağırlıklı Yükseklik Ayarlı Bale Barı",31,1
6849,59,elite-pro-portatif-yukseklik-ayarli-bale-bari-mor,"Elite Pro Portatif Yükseklik Ayarlı Bale Barı Mor",17,1
6850,59,k-elite-pro-portatif-yukseklik-ayarli-bale-bari,"Elite Pro Portatif Yükseklik Ayarlı Bale Barı",17,1
6851,59,s-portatif-tasinabilir-yukseklik-ayarli-bale-bari-siyah,"S Portatif Taşınabilir Yükseklik Ayarlı Bale Barı – Siyah",17,1
6852,59,k-portatif-tasinabilir-yukseklik-ayarli-bale-bari-kirmizi,"K Portatif Taşınabilir Yükseklik Ayarlı Bale Barı – Kırmızı",46,1
6853,59,s-tasinabilir-cift-katli-bale-bari-siyah,"S Taşınabilir Çift Katlı Bale Barı – Siyah",40,1
6854,59,k-tasinabilir-cift-katli-bale-bari-kirmizi,"K Taşınabilir Çift Katlı Bale Barı – Kırmızı",17,1
6855,59,ciftli-duvar-tipi-bale-bari,"Çiftli Duvar Tipi Bale Barı",17,1
6856,59,besyo-sinav-tipi-barfiks,"Besyo Sınav Tipi Barfiks",68,1
6857,59,besyo-sicrama-sungeri-sinav-modeli,"Besyo Sıçrama Süngeri Sınav Modeli",16,1
6858,59,besyo-sicrama-tahtasi-sinav-modeli,"Besyo Sıçrama Tahtası Sınav Modeli",17,1
6859,59,besyo-sicrama-tahtasi-metal-ayakli,"Besyo Sıçrama Tahtası Metal Ayaklı",17,1
6860,59,bilek-ve-parmak-guclendirme-aparati,"Bilek ve Parmak Güçlendirme Aparatı",39,1
6861,59,pro-double-handle-grip,"Pro Double Handle Grip",63,1
6862,59,bilek-guclendirme-pulley-seti,"Bilek Güçlendirme Pulley Seti",59,1
6863,59,pro-arm-bilek-guresi-masasi,"Pro Arm Bilek Güreşi Masası",47,1
6864,59,profesyonel-dart-standi,"Profesyonel Dart Standı",87,0
6865,59,mobil-dart-standi,"Mobil Dart Standı",13,1
6866,59,besyo-sicrama-tahtasi,"Besyo Sıçrama Tahtası",15,1
6869,59,komando-merdiven-tirmanma,"Komando Merdiven Tırmanma",17,1
6870,59,tirmanma-duvari-kandiwaal,"Tırmanma Duvarı (Kandiwaal)",37,1
6871,59,duvara-monte-ahsap-multi-dips-seti,"Duvara Monte Ahşap Multi Dips Seti",66,1
6872,59,duvara-monte-ahsap-multi-dips-aparati,"Duvara Monte Ahşap Multi Dips Aparatı",51,1
6873,59,cimnastik-parmaklik-egimli-set,"Cimnastik Parmaklık Eğimli Set",28,1
6874,59,cimnastik-ahsap-balans-tahtasi-kare-model,"Cimnastik Ahşap Balans Tahtası ( Kare Model )",17,1
6875,59,cimnastik-ahsap-balans-tahtasi-yuvarlak-model,"Cimnastik Ahşap Balans Tahtası ( Yuvarlak Model )",17,1
6876,59,cimnastik-kovali-mantar,"Cimnastik Kovalı Mantar",29,1
6878,59,cimnastik-ahsap-tekli-atlama-kasasi-ceysport-2,"Cimnastik Ahşap Tekli Atlama Kasası CeySport",30,1
6880,59,taktil-diskler-6li-set,"Taktil Diskler 6’lı Set",22,1
6881,59,aktivite-oyun-halkalari-6li-set,"Aktivite Oyun Halkaları 6’lı Set",10,1
6883,59,yuva-oyun-minder-seti-suni-deri,"Yuva Oyun Minder Seti (Suni Deri)",45,1
6884,59,papatya-oturma-seti-5-parca,"Papatya Oturma Seti 5 Parça",61,1
6885,59,sunger-oturma-grubu-4-parca-cocuklar-icin,"Sünger Oturma Grubu 4 Parça (Çocuklar İçin)",19,1
6886,59,sensory-t-bar-swing-salincak,"Sensory T-Bar Swing Salıncak",16,1
6888,59,duyu-baski-silindiri,"Duyu Baskı Silindiri",22,1
6889,59,montessori-denge-koprusu-cift-yonlu-kullanim,"Montessori Denge Köprüsü (Çift Yönlü Kullanım)",15,1
6890,59,ergoterapi-denge-tahtasi,"Ergoterapi Denge Tahtası",9,1
6891,59,silindir-sensory-swing-salincak,"Silindir Sensory Swing Salıncak",17,1
6892,59,sensory-swing-yarim-silindir-tip,"Sensory Swing (Yarım Silindir Tip)",16,1
6893,59,renkli-duyu-tirmanma-rampasi,"Renkli Duyu Tırmanma Rampası",77,1
6894,59,ahsap-kup-seti-12li-5x5-cm,"Ahşap Küp Seti 12’li 5x5 cm",24,1
6895,59,duyu-denge-yolu,"Duyu Denge Yolu",15,1
6896,59,exer-tablasi-el-ve-bilek-calistirma-duyu-urunu,"Exer Tablası – El ve Bilek Çalıştırma Duyu Ürünü",61,1
6897,59,kurbaga-xox-duvar-oyunu-2,"Kurbağa XOX Duvar Oyunu",25,1
6898,59,kurbaga-xox-duvar-oyunu,"Maymun Sayılar Duvar Oyunu",25,1
6899,59,anahtar-eslestirme-vagonu-duvar-oyunu,"Anahtar Eşleştirme Vagonu Duvar Oyunu",25,1
6900,59,kopek-labirent-duvar-oyunu,"Köpek Labirent Duvar Oyunu",25,1
6901,59,geometrik-sekiller-vagonu-duvar-oyunu,"Geometrik Şekiller Vagonu Duvar Oyunu",25,1
6902,59,lokomotif-duvar-oyunu,"Lokomotif Duvar Oyunu",25,1
6903,59,kaplan-saat-duvar-oyunu,"Kaplan Saat Duvar Oyunu",25,1
6904,59,maymun-geometrik-sekiller-duvar-oyunu,"Maymun Geometrik Şekiller Duvar Oyunu",25,1
6905,59,tilki-abakus-duvar-oyunu,"Tilki Abaküs Duvar Oyunu",25,1
6906,59,panda-disli-carklar-duvar-oyunu,"Panda Dişli Çarklar Duvar Oyunu",25,1
6907,59,sallanan-balik,"Sallanan Balık",31,1
6908,59,sallanan-duldul-at,"Sallanan Düldül At",31,1
6909,59,dino-tahterevalli,"Dino Tahterevalli",31,1
6910,59,mammut-cocuk-oyun-sandalyesi,"Mammut Çocuk Oyun Sandalyesi",31,1
6911,59,mammut-cocuk-oyun-masasi,"Mammut Çocuk Oyun Masası",63,1
6912,59,cimnastik-minderi-air-track-400x200x10-cm,"Cimnastik Minderi Air Track 400x200x10 Cm",16,1
6913,59,cimnastik-minderi-air-track-600x200x10-cm,"Cimnastik Minderi Air Track 600x200x20 Cm",16,1
6914,59,cimnastik-minderi-air-track-800x200x10-cm,"Cimnastik Minderi Air Track 800x200x20 Cm",16,1
6915,59,cimnastik-minderi-air-track-1000x200x10-cm,"Cimnastik Minderi Air Track 1000x200x20 Cm",16,1
6916,59,cimnastik-ahsap-5-katli-pramit-atlama-kasasi-ceysport,"Cimnastik Ahşap 5 Katlı Pramit Atlama Kasası CeySport",28,1
6917,59,cimnastik-sunger-atlama-kasasi-4-katli-ceysport,"Cimnastik Sünger Atlama Kasası 4 Katlı CeySport",22,1
6919,59,cimnastik-sunger-atlama-kasasi-3-katli-ceysport,"Cimnastik Sünger Atlama Kasası 3 Katlı CeySport",21,1
6920,59,cimnastik-sekizgen-minder-ceysport,"Cimnastik Sekizgen Minder CeySport",15,1
6921,59,cimnastik-ahsap-3-katli-atlama-kasasi-ceysport,"Cimnastik Ahşap 3 Katlı Atlama Kasası CeySport",44,1
6922,59,cimnastik-mini-set-halka-bari,"Cimnastik Mini Set Halka Barı",34,1
6923,59,trambolinli-top-havuzu-oyun-alani-600x300,"Trambolinli Top Havuzu Oyun Alanı 600x300",17,1
6924,59,top-havuzu-kaydirakli-2x3-metre,"Top Havuzu Kaydıraklı 2x3 Metre",17,1
6925,59,top-havuzu-ve-trambolin-oyun-alani-maxi,"Top Havuzu ve Trambolin Oyun Alanı Maxi",17,1
6926,59,top-havuzu-ve-trambolin-oyun-alani-mega,"Top Havuzu ve Trambolin Oyun Alanı Mega",17,1
6927,59,top-havuzu-ve-trambolin-double,"Top Havuzu ve Trambolin Double",17,1
6928,59,top-havuzu-2x3-metre,"Top Havuzu 2x3 Metre",17,1
6929,59,top-havuzu-2x2-mt,"Top Havuzu 2x2 mt",17,1
6931,59,bahce-oyuncaklari-engel-ustu-gecis,"Bahçe Oyuncakları Engel Üstü Geçiş",16,0
6932,59,bahce-oyuncaklari-engel-alti-gecis,"Bahçe Oyuncakları Engel Altı Geçiş",15,0
6933,59,bahce-oyuncaklari-zig-zag-denge,"Bahçe Oyuncakları Zig-Zag Denge Parkuru",20,0
6934,59,cimnastik-antrenman-flik-flak-minderi-ceysport,"Cimnastik Antrenman Flik Flak Minderi CeySport",27,0
6935,59,cimnastik-parmaklik-profesyonel-set-ceysport,"Cimnastik Parmaklık Profesyonel Set CeySport",58,1
6936,59,cimnastik-metal-parmaklik-profesyonel-ceysport,"Cimnastik Metal Parmaklık Profesyonel CeySport",66,1
6937,59,cimnastik-eglence-ve-ogretme-merdiven-seti-ceysport,"Cimnastik Eğlence ve Öğretme Merdiven Seti CeySport",6,1
6938,59,cimnastik-denge-aleti-ceysport,"Cimnastik Denge Aleti CeySport",97,1
6939,59,cimnastik-daire-minder-ceysport,"Cimnastik Daire Minder CeySport",54,1
6943,59,bocce-metal-raffa-seti-helix-8li,"Bocce Metal Raffa Seti Helix 8'li",16,1
6944,59,bocce-metal-set-helix-8li,"Bocce Metal Set Helix 8'li",16,1
6945,59,aktivite-oyunlar-mini-ahsap-golf-standi,"Mini Ahşap Golf Standı",23,1
6947,59,ahsap-teneke-hedef,"Ahşap Teneke Hedef",85,1
6948,59,ahsap-top-atma-puanli-kirmizi,"Ahşap Top Atma Puanlı Kırmızı",16,1
6949,59,ahsap-top-atma-puanli-mavi,"Ahşap Top Atma Puanlı Mavi",16,1
6950,59,ahsap-sling-puck-sapan,"Ahşap Slıng Puck Sapan",35,1
6952,59,ahsap-four-in-a-row,"Ahşap Four In A Row",46,1
6953,59,ahsap-carki-felek,"Ahşap Çarkı Felek",37,1
6954,59,ahsap-sovalye-savasi,"Ahşap Şövalye Savaşı",26,1
6955,59,cimnastik-blok-minder-seti,"Cimnastik Blok Minder Seti",46,1
6956,59,cimnastik-oyun-seti-3lu,"Cimnastik Oyun Seti 3'lü",32,1
6957,59,cimnastik-ucgen-rampa-ve-merdiven-set,"Cimnastik Üçgen Rampa ve Merdiven Set",30,1
6958,59,cimnastik-parcali-blok-seti-10lu,"Cimnastik Parçalı Blok Seti 10'lu",32,0
6959,59,cimnastik-renkli-macera-seti-12,"Cimnastik Renkli Macera Seti 12",30,1
6960,59,cimnastik-macera-seti-11,"Cimnastik Macera Seti 11",32,1
6961,59,cimnastik-macera-seti-10,"Cimnastik Macera Seti 10",32,1
6962,59,cimnastik-macera-seti-9,"Cimnastik Macera Seti 9",35,1
6963,59,cimnastik-macera-seti-8,"Cimnastik Macera Seti 8",39,1
6964,59,cimnastik-macera-seti-7,"Cimnastik Macera Seti 7",39,1
6965,59,cimnastik-macera-seti-6,"Cimnastik Macera Seti 6",30,1
6966,59,cimnastik-macera-seti-5,"Cimnastik Macera Seti 5",27,1
6967,59,cimnastik-macera-seti-4,"Cimnastik Macera Seti 4",41,1
6968,59,cimnastik-macera-seti-3,"Cimnastik Macera Seti 3",42,1
6969,59,cimnastik-macera-seti-2,"Cimnastik Macera Seti 2",63,1
6970,59,cimnastik-macera-seti-1,"Cimnastik Macera Seti 1",39,1
6971,59,cimnastik-paralel-bar-360-profesyonel,"Cimnastik Paralel Bar 360° Profesyonel",38,1
6972,59,cimnastik-mini-set-paralel-bari,"Cimnastik Mini Set Paralel Barı",47,1
6973,59,cimnastik-duvara-monte-halka-aleti,"Cimnastik Duvara Monte Halka Aleti",49,1
6974,59,cimnastik-mini-set-barfiks-bari,"Cimnastik Mini Set Barfiks Barı",21,1
6975,59,cimnastik-barfiks-bari,"Cimnastik Barfiks Barı",32,1
6976,59,cimnastik-paralel-bar-metal,"Cimnastik Paralel Bar Metal",29,1
6977,59,cimnastik-paralel-bar-ahsap,"Cimnastik Paralel Bar Ahşap",27,1
6978,59,cimnastik-yer-bari,"Cimnastik Yer Barı",18,1
6979,59,cimnastik-amut-bari-uzun,"Cimnastik Amut Barı Uzun",24,0
6980,59,cimnastik-mini-paralel-bar,"Cimnastik Mini Paralel Bar",26,1
6981,59,cimnastik-gecis-kopru-minderi,"Cimnastik Geçiş Köprü Minderi",29,1
6982,59,cimnastik-katlanir-minder,"Cimnastik Katlanır Minder",17,1
6983,59,cimnastik-cember-minder-dikdortgen-model,"Cimnastik Çember Minder Dikdörtgen Model",34,1
6984,59,cimnastik-u-minder,"Cimnastik U Minder",18,1
6985,59,cimnastik-katlanabilir-bataklik-minderi-mapali,"Cimnastik Katlanabilir Bataklık Minderi Mapalı",42,1
6986,59,cimnastik-katlanabilir-bataklik-minderi,"Cimnastik Katlanabilir Bataklık Minderi",39,1
6987,59,cimnastik-bataklik-minderi-dolu-10lu,"Cimnastik Bataklık Minderi Dolu 10’lu",42,1
6988,59,cimnastik-bataklik-minderi-delikli-10lu,"Cimnastik Bataklık Minderi Delikli 10'lu",37,1
6989,59,cimnastik-tunel,"Cimnastik Tünel Minder 4'lü",27,1
6990,59,cimnastik-h-minder-ceysport,"Cimnastik H Minder CeySport",54,1
6991,59,cimnastik-egimli-dalga-minderi,"Cimnastik Eğimli Dalga Minderi",29,1
6992,59,cimnastik-gokkusagi-tunel-minderi,"Cimnastik Gökkuşağı Tünel Minderi",32,1
6993,59,cimnastik-geo-koltuk-minderi,"Cimnastik Geo Koltuk Minderi",27,1
6994,59,cimnastik-kare-tunel-minderi,"Cimnastik Kare Tünel Minderi",27,1
6995,59,cimnastik-geo-tunel-minderi,"Cimnastik Geo Tünel Minderi",26,1
6996,59,cimnastik-geo-tirtil-minderi,"Cimnastik Geo Tırtıl Minderi",27,1
6997,59,cimnastik-kutu-geo-minderi,"Cimnastik Kutu Geo Minderi",25,1
6998,59,cimnastik-c-kopru-minderi,"Cimnastik C Köprü Minderi",30,1
6999,59,cimnastik-d-minderi,"Cimnastik D Minderi",18,1
7000,59,cimnastik-aktivite-kup-minder,"Cimnastik Aktivite Küp Minder",17,0
7001,59,cimnastik-aktivite-engel-seti-4lu,"Cimnastik Aktivite Engel Seti 4'lü",40,1
7002,59,trambolin-kare-profesyonel-ayarlanabilir,"Trambolin Kare Profesyonel Ayarlanabilir",17,1
7003,59,trambolin-track-6-metre,"Trambolin Track 6 Metre",17,1
7004,59,trambolin-track-8-metre,"Trambolin Track 8 Metre",17,1
7005,59,trambolin-track-4-metre,"Trambolin Track 4 Metre",17,1
7006,59,tramplen-sunger-minderi,"Tramplen Sünger Minderi",17,1
7007,59,trambolin-5-yayli-sicrama-tahtasi,"Trambolin 5 Yaylı Sıçrama Tahtası",17,1
7008,59,helix-trambolin-kirmizi,"Trambolin Helix Kırmızı",16,1
7009,59,helix-trambolin-mavi,"Trambolin Helix Mavi",16,1
7010,59,trambolin-helix-fileli-korumali-mavi,"Trambolin Helix Fileli Korumalı Mavi",16,1
7011,59,trambolin-helix-fileli-korumali-turuncu,"Trambolin Helix Fileli Korumalı Turuncu",16,1
7012,59,trambolin-helix-fileli-korumali-kirmizi,"Trambolin Helix Fileli Korumalı Kırmızı",16,1
7013,59,cimnastik-tam-donut-minder-ceysport,"Cimnastik Tam Donut Minder CeySport",29,1
7014,59,cimnastik-yarim-donut-minder-ceysport,"Cimnastik Yarım Donut Minder CeySport",86,1
7015,59,cimnastik-simit-minder-ceysport,"Cimnastik Simit Minder CeySport",54,1
7016,59,cimnastik-t-minder-ceysport,"Cimnastik T Minder CeySport",54,1
7017,59,cimnastik-c-minder-ceysport,"Cimnastik C Minder CeySport",76,1
7018,59,cimnastik-cubuk-minder-ceysport,"Cimnastik Çubuk Minder CeySport",54,1
7019,59,cimnastik-kup-minder-ceysport,"Cimnastik Küp Minder CeySport",54,1
7020,59,cimnastik-dikdortgen-minder-ceysport,"Cimnastik Dikdörtgen Minder CeySport",54,1
7021,59,cimnastik-parmaklik-profesyonel-ceysport,"Cimnastik Parmaklık Profesyonel CeySport",66,1
7022,59,cimnastik-parmaklik-standart-ceysport,"Cimnastik Parmaklık Standart CeySport",66,1
7023,59,cimnastik-orumcek-merdiven-ceysport,"Cimnastik Örümcek Merdiven CeySport",65,1
7024,59,cimnastik-tirmanma-merdiveni-ceysport,"Cimnastik Tırmanma Merdiveni CeySport",65,1
7025,59,cimnastik-ip-tirmanma-merdiveni-2-ceysport,"Cimnastik İp Tırmanma Merdiveni -2 CeySport",65,1
7026,59,cimnastik-ip-merdiven-tirmanma-ceysport,"Cimnastik İp Tırmanma Merdiveni CeySport",76,1
7027,59,cimnastik-merdiven-minder-4-basamakli-ceysport,"Cimnastik Merdiven Minder 4 Basamaklı CeySport",93,1
7028,59,cimnastik-merdiven-minder-5-basamakli-ceysport,"Cimnastik Merdiven Minder 5 Basamaklı CeySport",17,1
7029,59,cimnastik-merdiven-minder-3-basamakli-ceysport,"Cimnastik Merdiven Minder 3 Basamaklı CeySport",44,0
7030,59,cimnastik-merdiven-minder-2-basamakli-ceysport,"Cimnastik Merdiven Minder 2 Basamaklı CeySport",36,0
7031,59,cimnastik-sirasi-ceysport,"Cimnastik Sırası CeySport",49,1
7032,59,cimnastik-profesyonel-denge-aleti-yukseklik-ayarli-5mt-ceysport,"Cimnastik Profesyonel Denge Aleti Yükseklik Ayarlı 5mt CeySport",84,1
7033,59,cimnastik-profesyonel-denge-aleti-yukseklik-ayarli-4mt-ceysport,"Cimnastik Profesyonel Denge Aleti Yükseklik Ayarlı 4mt CeySport",96,1
7034,59,cimnastik-yuksek-sunger-aleti-ceysport,"Cimnastik Yüksek Sünger Aleti CeySport",90,1
7035,59,cimnastik-sunger-denge-aleti-ceysport,"Cimnastik Sünger Denge Aleti CeySport",99,0
7037,59,cimnastik-bondeks-denge-aleti-3-mt,"Cimnastik Bondeks Denge Aleti 3 mt",98,1
7038,59,cimnastik-ahsap-5-katli-atlama-kasasi-ceysport,"Cimnastik Ahşap 5 Katlı Atlama Kasası CeySport",44,1
7039,59,cimnastik-sunger-atlama-masasi-ceysport,"Cimnastik Sünger Atlama Masası CeySport",40,1
7040,59,cimnastik-mini-kisa-ucgen-minder-90x70x245-cm,"Cimnastik Mini Kısa Üçgen Minder 90x70x24,5 cm",26,1
7041,59,cimnastik-ucgen-minder-100x100x40-cm-ceysport,"Cimnastik Üçgen Minder 100x100x40 cm CeySport",58,1
7042,59,cimnastik-ucgen-rampa-minder-100x60x50,"Cimnastik Üçgen Rampa Minder 100x60x50",25,1
7043,59,cimnastik-geri-takla-minder-150x70x30,"Cimnastik Geri Takla Minder 150x70x30",56,1
7044,59,cimnastik-takla-minder-186x100x30-40-cm,"Cimnastik Takla Minder 186x100x30-40 cm",46,0
7045,59,cimnastik-takla-minder-150x70x30-cm,"Cimnastik Takla Minder 150x70x30 cm",58,1
7046,59,cimnastik-dik-rampa-minder-90x60x60,"Cimnastik Dik Rampa Minder 90x60x60",17,1
7047,59,cimnastik-egimli-rampa-minder-125x60x60,"Cimnastik Eğimli Rampa Minder 125x60x60",58,1
7048,59,cimnastik-uzun-rampa-minder-120x70x50,"Cimnastik Uzun Rampa Minder 120x70x50",58,1
7049,59,cimnastik-katlanir-uzun-ucgen-minder-160x60x36,"Cimnastik Katlanır Uzun Üçgen Minder 160x60x36",58,1
7052,59,cimnastik-kumas-puf-minder-seti-100x200x50-cm-ceysport-2,"Cimnastik Kumaş Puf Minder Seti 100x200x50 cm CeySport",26,1
7054,59,cimnastik-kumas-puf-minder-100x200x10-20-30-cm-ceysport,"Cimnastik Kumaş Puf Minder 100x200x10-20-30 cm CeySport",62,0
7057,59,cimnastik-puf-minder-100x200x10-20-30-cm-ceysport,"Cimnastik Puf Minder 100x200x10-20-30 cm CeySport",64,0
7061,59,portatif-pickleball-file-seti-helix,"Portatif Pickleball File Seti Helix",30,1
7062,59,squash-raketi-helix-victory,"Squash Raketi Helix Victory",61,1
7063,59,squash-raketi-seti-helix-buddie,"Squash Raketi Seti Helix Buddie",16,1
7064,59,squash-topu-helix,"Squash Topu Helix",16,1
7065,59,ayak-tenisi-seti-portatif-helix-3-metre,"Ayak Tenisi Seti Portatif Helix 3 Metre",65,1
7070,59,profesyonel-tenis-diregi-ithal-krikolu-mapali,"Profesyonel Tenis Direği (İthal Krikolu – Mapalı)",34,1
7072,59,tenis-kortu-zemin-silindiri,"Tenis Kortu Zemin Silindiri",85,1
7073,59,tenis-otomatik-top-toplayici-helix,"Tenis Otomatik Top Toplayıcı Helix",94,0
7075,59,tenis-top-tasima-sepeti-helix-metal,"Tenis Top Taşıma Sepeti Helix Metal",17,1
7078,59,tenis-topu-helix-4-7-yas-itf-onayli-36li,"Tenis Topu Helix 4-7 Yaş ITF Onaylı 36'lı",11,1
7079,59,tenis-raketi-helix-invict-carbon-grip-3,"Tenis Raketi Helix Invict Carbon Grip",10,1
7080,59,tenis-raketi-helix-invict-carbon-grip-2,"Tenis Raketi Helix Invict Carbon Grip",10,1
7081,59,tenis-raketi-helix-invict-carbon-grip,"Tenis Raketi Helix Invict Carbon Grip",10,1
7082,59,tenis-raketi-helix-invict-carbon-4,"Tenis Raketi Helix Invict Carbon",10,1
7083,59,tenis-raketi-helix-invict-carbon-3,"Tenis Raketi Helix Invict Carbon",10,1
7084,59,tenis-raketi-helix-invict-carbon-2,"Tenis Raketi Helix Invict Carbon",10,1
7085,59,tenis-raketi-helix-invict-carbon,"Tenis Raketi Helix Invict Carbon",10,1
7087,59,basketbol-pota-cemberi-esnek-elit-model,"Basketbol Pota Çemberi Esnek Elit Model",36,1
7259,64,kam-ganpac-gan-sarj-paketinde-12-indirim-37589,"GaN Şarj Paketinde %12 İndirim",0,0
7268,64,general-mobile-gm24-p-nano-ekran-koruyucu-34051,"Nano Screen Protector For General Mobile GM24 PRO",0,0
7508,64,lib-ip11-cn-iphone-11-premium-telefon-cn-chip-bataryas-3-110-mah-33783,"iPhone 11 Premium Smartphone CN CHİP Battery 3.110 mAh",0,0
7522,64,lib-ip11pm-cn-iphone-11-pro-max-premium-telefon-ck-chip-bataryas-3-969-mah-33785,"iPhone 11 Pro Max Premium Smartphone CK CHİP Battery 3.969 mAh",0,0
7529,64,lib-ip11p-cn-iphone-11-pro-premium-telefon-cn-chip-bataryas-3-046-mah-33784,"iPhone 11 Pro Premium Smartphone CN CHİP Battery 3.046 mAh",0,0
7544,64,lib-ip12m-cn-iphone-12-mini-premium-telefon-cn-bataryas-2-227-mah-33786,"iPhone 12 Mini Premium Smartphone CN Battery 2.227 mAh",0,0
7552,64,lib-ip12-cn-iphone-12-premium-telefon-cn-bataryas-2-815-mah-33787,"iPhone 12 Premium Smartphone CN Battery 2.815 mAh",0,0
7565,64,lib-ip12pm-cn-iphone-12-pro-max-premium-telefon-cn-bataryas-3-687-mah-33788,"iPhone 12 Pro Max Premium Smartphone CN Battery 3.687 mAh",0,0
7590,64,lib-ip13-cn-iphone-13-premium-telefon-cn-bataryas-3-227-mah-33789,"iPhone 13 Premium Smartphone CN Battery 3.227 mAh",0,0
7601,64,lib-ip13pm-cn-iphone-13-pro-max-premium-telefon-ck-bataryas-4-352-mah-33791,"iPhone 13 Pro Max Premium Smartphone CK Battery 4.352 mAh",0,0
7607,64,lib-ip13p-cn-iphone-13-pro-premium-telefon-cn-bataryas-3-095-mah-33790,"iPhone 13 Pro Premium Smartphone CN Battery 3.095 mAh",0,0
7622,64,lib-ip14-prm-iphone-14-premium-telefon-bataryas-3-279-mah-34272,"iPhone 14 Premium Smartphone Battery 3.279 mAh",0,0
7623,64,lib-ip14-cn-iphone-14-premium-telefon-cn-bataryas-3-279-mah-33792,"iPhone 14 Premium Smartphone CN Battery 3.279 mAh",0,0
7636,64,lib-ip14pm-prm-iphone-14-pro-max-premium-telefon-bataryas-4-323-mah-34270,"iPhone 14 Pro Max Premium Smartphone Battery 4.323 mAh",0,0
7642,64,lib-ip14p-prm-iphone-14-pro-premium-telefon-bataryas-3-200-mah-34269,"iPhone 14 Pro Premium Smartphone Battery 3.200 mAh",0,0
7643,64,lib-ip14p-cn-iphone-14-pro-premium-telefon-cn-bataryas-3-200-mah-33793,"iPhone 14 Pro Premium Smartphone CN Battery 3.200 mAh",0,0
7665,64,lib-ip15pm-prm-iphone-15-pro-max-premium-telefon-bataryas-4422-mah-37633,"iPhone 15 Pro Max Premium Smartphone Battery 4422 mAh",0,0
7676,64,iphone-16-3d-kirilmaz-ekran-koruyucu-cam-34121,"Premium 3D High Quality Glass Screen Protector For iPhone 16",0,0
7683,64,iphone-16-pro-max-3d-kirilmaz-ekran-koruyucu-cam-34093,"Premium 3D High Quality Glass Screen Protector For iPhone 16 Pro Max",0,0
7684,64,iphone-16-pro-max-premium-5d-hayalet-kirilmaz-ekran-koruyucu-cam-34091,"Premium Privacy 5D Glass Screen Protector For iPhone 16 Pro Max",0,0
7686,64,iphone-16-pro-3d-kirilmaz-ekran-koruyucu-cam-34092,"Premium 3D High Quality Glass Screen Protector For iPhone 16 Pro",0,0
7687,64,iphone-16-pro-premium-5d-hayalet-kirilmaz-ekran-koruyucu-cam-34090,"Premium Privacy 5D Glass Screen Protector For iPhone 16 Pro",0,0
7695,64,iphone-16-3d-kirilmaz-ekran-koruyucu-cam-37961,"Premium 3D High Quality Glass Screen Protector For iPhone 17",0,0
7697,64,iphone-16-3d-kirilmaz-ekran-koruyucu-cam-37962,"Premium 3D High Quality Glass Screen Protector For iPhone 17 AİR",0,0
7703,64,iphone-16-3d-kirilmaz-ekran-koruyucu-cam-37964,"Premium 3D High Quality Glass Screen Protector For iPhone 17 PRO MAX",0,0
7706,64,iphone-16-3d-kirilmaz-ekran-koruyucu-cam-37963,"Premium 3D High Quality Glass Screen Protector For iPhone 17 PRO",0,0
7873,64,crg-mng-kargo-ucreti-6,"Kargo Ücreti",0,0
8034,64,lps-mic6-mic6-premium-wireless-mikrofon-33706,"MIC6 Premium Wireless Microphone",0,0
8252,64,s80-premium-lt-watch-akilli-saat-kordonu-37879,"S10X LinkTech Smart Watch Leather Strap 42mm FOR S110, S104, S91, S93",0,0
8273,64,s80-premium-lt-watch-akilli-saat-kordonu-28229,"S80 Premium SMART WATCH STARP",0,0
8274,64,s80-premium-lt-watch-akilli-saat-sarj-cihazi-30324,"S80 Premium LT Watch SMART WATCH Charger",0,0
8275,64,s85-premium-lt-watch-akilli-saat-kordonu-28230,"S85 Premium SMART WATCH STARP",0,0
8276,64,s85-premium-lt-watch-akilli-saat-sarj-cihazi-30325,"S85 Premium LT Watch SMART WATCH Charger",0,0
8278,64,s88-premium-lt-watch-akilli-saat-kordonu-28195,"S88 Premium SMART WATCH STARP",0,0
8279,64,s88-premium-lt-watch-akilli-saat-sarj-cihazi-30326,"S88 - S93 LT Watch Charger",0,0
8283,64,s89-s90-s92-s105-s106-premium-lt-watch-akilli-saat-sarj-cihazi-32569,"S105 - S106 - S90 S92 S89+ (2023) LT Watch Charger",0,0
8284,64,s90-premium-lt-watch-akilli-saat-sarj-cihazi-32570,"S90 - S92 (2024) - S89+ (2024) LT Watch Charger",0,0
8629,64,lsg-3d-sas24-samsung-s24-plus-premium-3d-high-quality-krlmaz-ekran-koruyucu-cam-33952,"Premium 3D High Quality Glass Screen Protector For Samsung S24 Plus",0,0
8630,64,lsg-3d-sas24-samsung-s24-premium-3d-high-quality-krlmaz-ekran-koruyucu-cam-33950,"Premium 3D High Quality Glass Screen Protector For Samsung S24",0,0
8631,64,lsg-5dpv-sas24-samsung-s24-premium-5d-hayalet-krlmaz-ekran-koruyucu-cam-33953,"Premium Privacy 5D Glass Screen Protector For Samsung S24",0,0
8632,64,lsg-5dpv-sas24-samsung-s24-premium-5d-hayalet-krlmaz-ekran-koruyucu-cam-33954,"Premium Privacy 5D Glass Screen Protector For Samsung S24+",0,0
8638,64,lsg-3d-sas24u-samsung-s24-ultra-premium-3d-high-quality-krlmaz-ekran-koruyucu-cam-33951,"Premium 3D High Quality Glass Screen Protector For Samsung S24 Ultra",0,0
8639,64,lsg-5dpv-sas24u-samsung-s24-ultra-premium-5d-hayalet-krlmaz-ekran-koruyucu-cam-33955,"Premium Privacy 5D Glass Screen Protector For Samsung S24 Ultra",0,0
8666,64,iphone-xr-3d-hd-ekran-kirilmaz-ekran-koruyucu-cam-38023,"Sapphire Glass Lens Protector for iPhone 13 Pro / 13 Pro Max",0,0
8667,64,iphone-xr-3d-hd-ekran-kirilmaz-ekran-koruyucu-cam-38195,"Sapphire Glass Lens Protector for iPhone 14 / 14Plus",0,0
8668,64,iphone-xr-3d-hd-ekran-kirilmaz-ekran-koruyucu-cam-38025,"Sapphire Glass Lens Protector for iPhone 14 Pro / 14 Pro Max",0,0
8669,64,iphone-xr-3d-hd-ekran-kirilmaz-ekran-koruyucu-cam-38024,"Sapphire Glass Lens Protector for iPhone 15 / 15 Plus",0,0
8670,64,iphone-xr-3d-hd-ekran-kirilmaz-ekran-koruyucu-cam-38026,"Sapphire Glass Lens Protector for iPhone 15 Pro / 15 Pro Max",0,0
8671,64,iphone-xr-3d-hd-ekran-kirilmaz-ekran-koruyucu-cam-38028,"Sapphire Glass Lens Protector for iPhone 16 / 16 Plus",0,0
8672,64,iphone-xr-3d-hd-ekran-kirilmaz-ekran-koruyucu-cam-38027,"Sapphire Glass Lens Protector for iPhone 16 Pro / 16 Pro Max",0,0
8673,64,iphone-xr-3d-hd-ekran-kirilmaz-ekran-koruyucu-cam-38030,"Sapphire Glass Lens Protector for iPhone 17",0,0
8674,64,iphone-xr-3d-hd-ekran-kirilmaz-ekran-koruyucu-cam-38031,"Sapphire Glass Lens Protector for iPhone 17 Air",0,0
8675,64,iphone-xr-3d-hd-ekran-kirilmaz-ekran-koruyucu-cam-38029,"Sapphire Glass Lens Protector for iPhone 17 Pro",0,0
8676,64,iphone-xr-3d-hd-ekran-kirilmaz-ekran-koruyucu-cam-38196,"Sapphire Glass Lens Protector for iPhone  17 Pro Max",0,0
8677,64,sapphire-glass-lens-protector-for-samsung-s24-ultra,"Sapphire Glass Lens Protector for Samsung S24 Ultra",0,0
8678,64,sapphire-glass-lens-protector-for-samsung-s25-ultra,"Sapphire Glass Lens Protector for Samsung S25 Ultra",0,0
8688,64,sv96-premium-lt-watch-akilli-saat-sarj-cihazi-34166,"SV96 - S100 - S101 - S104 Premium LT Watch SMART WATCH Charger",0,0
8835,64,linktech-flash-bellek-fiyatlari-hizli-ve-guvenli-usb-bellekler,"Linktech Flash Bellek Fiyatları - Hızlı ve Güvenli Usb Bellekler",0,0
8836,58,aegis-bcaa-energy-drink-6199,"Aegis Bcaa +Energy Drink 250 ml.",0,0
8837,58,aegis-bcaa-energy-drink-6198,"Aegis Bcaa +Energy Drink 24 Şişe x 250 ml.",0,0
8838,58,applied-nutrition-abe-pre-workout-6347,"Applied Nutrition ABE Pre-Workout Yeşil Elma 315 gram",0,0
8839,58,applied-nutrition-bcaa-amino-hydrate-6346,"Applied Nutrition Bcaa Amıno Hydrate Blue Razz 450 gram",0,0
8840,58,applied-nutrition-body-fuel-whey-protein-6719,"Applied Nutrition Body Fuel Whey Protein Double Çikolata 1800 gram",0,0
8841,58,applied-nutrition-critical-whey-protein-6651,"Applied Nutrition Critical Whey Protein White Chocolate Raspberry 2000 gram",0,0
8842,58,applied-nutrition-critical-whey-protein-6342,"Applied Nutrition Critical Whey Protein Çilek 900 gram",0,0
8843,58,applied-nutrition-endurance-sotonic-energy-gel-magnesium-6656,"Applied Nutrition Endurance İsotonic Energy Gel Magnesium Fruit Burst 20 Adet x 60 ml.",0,0
8844,58,applied-nutrition-endurance-sotonic-energy-gel-magnesium-6654,"Applied Nutrition Endurance İsotonic Energy Gel Magnesium Fruit Burst 60 ml.",0,0
8845,58,applied-nutrition-endurance-sprint-sotonic-energy-gel-caffeine-6655,"Applied Nutrition Endurance Sprint İsotonic Energy Gel Caffeine Fruit Burst 20 Adet x 60 ml.",0,0
8846,58,applied-nutrition-endurance-sprint-sotonic-energy-gel-caffeine-6653,"Applied Nutrition Endurance Sprint İsotonic Energy Gel Caffeine Fruit Burst 60 ml.",0,0
8847,58,apllied-nutrition-so-xp-solate-protein-6345,"Applied Nutrition İso XP İsolate Protein Çikolata 1800 gram",0,0
8848,58,bad-ass-pump-pre-workout-6666,"Bad Ass Pump Pre-Workout Portakal & Mango 350 gram",0,0
8849,58,basix-pure-creatine-6644,"Basix Pure Creatine Aromasız 300 gram",0,0
8850,58,bigjoy-100-pure-l-arginine-6607,"Bigjoy %100 Pure L-Arginine Aromasız 300 gram",0,1
8851,58,bigjoy-100-pure-l-arginine-6489,"Bigjoy %100 Pure L-Arginine Aromasız 150 gram",0,1
8852,58,bigjoy-aol-zma-3703,"Bigjoy AOL+ZMA 124 Kapsül",0,0
8853,58,bigjoy-arginine-powder-3945,"Bigjoy Arginine Powder Orman Meyveli 500 gram",0,1
8854,58,bigjoy-bcaa-pro-4-1-1-3948,"Bigjoy BCAA Pro 4:1:1 Ev Limonatası 400 gram",0,0
8855,58,bigjoy-bcaa-pro-4-1-1-3940,"Bigjoy BCAA Pro 4:1:1 Aromasız 420 gram",0,1
8856,58,bigjoy-bcaa-pro-4-1-1-ripped-4814,"Bigjoy BCAA Pro 4:1:1 Ripped Kola 432 gram",0,1
8857,58,bigjoy-bcaa-pro-go-4-1-1-6701,"Bigjoy BCAA Pro Go! 4:1:1 Karpuz 21 Adet x 10 gr. (210 gr)",0,0
8858,58,bigjoy-bcaa-glutamine-creatine-6626,"Bigjoy Bcaa+Glutamine+Creatine Portakal 480 gram",0,1
8859,58,bigjoy-bcaabig-4010,"Bigjoy BcaaBig Ananas 589 gram",0,1
8860,58,bigjoy-bcaabig-6481,"Bigjoy BcaaBig Karpuz 312 gram",0,1
8861,58,bigjoy-beef-ve-whey-6165,"Bigjoy Beef & Whey Çikolata 2176 gram",0,1
8862,58,bigjoy-beef-ve-whey-6169,"Bigjoy Beef & Whey Çikolata 1088 gram",0,0
8863,58,bigjoy-beta-alanine-powder-3713,"Bigjoy Beta Alanine Powder Aromasız 300 gram",0,1
8864,58,bigjoy-bigmass-gh-factors-5584,"Bigjoy BigMass Go! +Gh Factors Mix 5000 gram",0,0
8865,58,bigjoy-bigwhey-classic-whey-protein-6044,"Bigjoy BigWhey Classic Whey Protein Hindistan Cevizi&Vanilya 915 gram",0,0
8866,58,bigjoy-bigwhey-classic-whey-protein-6540,"Bigjoy BigWhey Classic Whey Protein Hindistan Cevizi&Vanilya 2196 gram",0,1
8867,58,bigjoy-bigwhey-classic-whey-protein-6501,"Bigjoy BigWhey Classic Whey Protein Fıstıklı Dondurma 990 gram",0,0
8868,58,bigjoy-bigwhey-classic-whey-protein-5344,"Bigjoy BigWhey Classic Whey Protein Çikolata 1020 gram",0,1
8869,58,bigjoy-bigwhey-classic-whey-protein-5478,"Bigjoy BigWhey Classic Whey Protein Çilek 2376 gram",0,0
8870,58,bigjoy-bigwhey-classic-whey-protein-5477,"Bigjoy BigWhey Classic Whey Protein Çikolata 2448 gram",0,1
8871,58,bigjoy-bigwhey-go-protein-cilek-305-gram,"Bigjoy BigWhey Go! Protein Çilek 30.5 gram",0,0
8872,58,bigjoy-bigwhey-protein-3752,"Bigjoy BigWhey Go! Protein Çikolata 68 Saşe",0,0
8873,58,bigjoy-bigwhey-go-protein-cikolata-34-gram,"Bigjoy BigWhey Go! Protein Çikolata 34 gram",0,0
8874,58,bigjoy-caffeine-plus-5339,"Bigjoy Caffeine Plus 100 Kapsül",0,1
8875,58,bigjoy-citruline-malate-6485,"Bigjoy Citruline Malate Aromasız 150 gram",0,1
8876,58,bigjoy-citrulline-powder-3934,"Bigjoy Citrulline Powder Aromasız 300 gram",0,0
8877,58,bigjoy-clabig-1100-mg-3683,"Bigjoy CLABig 1100 mg. 99 Kapsül",0,1
8878,58,bigjoy-classic-high-protein-bar-6208,"Bigjoy Classic High Protein Bar Brownie 16 Adet x 45 gram",0,0
8879,58,bigjoy-classic-high-protein-bar-6476,"Bigjoy Classic High Protein Bar Cookie Cream 45 gram",0,1
8880,58,bigjoy-creabig-chew-6415,"Bigjoy Creabig Chew Vişne 120 Chewable Tablet",0,0
8881,58,bigjoy-creabig-go-3832,"Bigjoy CreaBig Go! Yeşil Elma 21 Adet x 7 gr. (147gr.)",0,1
8882,58,bigjoy-creabig-powder-6552,"Bigjoy CreaBig Powder Vişne 420 gram",0,0
8883,58,bigjoy-creabig-powder-3936,"Bigjoy CreaBig Powder Aromasız 300 gram",0,1
8884,58,bigjoy-creabig-powder-3935,"Bigjoy CreaBig Powder Aromasız 120 gram",0,1
8885,58,bigjoy-creabig-powder-6486,"Bigjoy CreaBig Powder Ananas 210 gram",0,1
8886,58,bigjoy-creamix-7000-5077,"Bigjoy Creamix 7000 Aromasız 350 gram",0,1
8887,58,bigjoy-eaa-glutamine-creatine-6175,"Bigjoy EAA+Glutamine+Creatine Portakal 480 gram",0,1
8888,58,bigjoy-easy-protein-6618,"Bigjoy Easy Protein Ananas 12 Adet x 34 gram",0,0
8889,58,bigjoy-easy-protein-6617,"Bigjoy Easy Protein Çikolata 34 gram",0,0
8890,58,bigjoy-glucosamine-chondroitin-with-msm-5340,"Bigjoy Glucosamine Chon. With MSM 90 Tablet",0,1
8891,58,bigjoy-glutabig-powder-6487,"Bigjoy GlutaBig Powder Aromasız 150 gram",0,0
8892,58,bigjoy-glutabig-powder-3952,"Bigjoy GlutaBig Powder Ananas 420 gram",0,1
8893,58,bigjoy-glutabig-powder-6606,"Bigjoy GlutaBig Powder Aromasız 300 gram",0,1
8894,58,bigjoy-hydro-glycerol-6620,"Bigjoy Hydro Glycerol Aromasız 140 gram",0,0
8895,58,b-gjoy-hydro-pump-240-gr-cool-l-me-6627,"Bigjoy Hydro Pump Cool Lime 240 gram",0,0
8896,58,bigjoy-hydro-pump-glycerol-6591,"Bigjoy Hydro Pump Aromasız 180 gram",0,1
8897,58,bigjoy-iso-clear-whey-isolate-6733,"Bigjoy Iso Clear Whey Isolate Ice Tea Şeftali 480 gram",0,0
8898,58,bigjoy-iso-clear-whey-isolate-6732,"Bigjoy Iso Clear Whey Isolate Ice Tea Şeftali 960 gram",0,1
8899,58,bigjoy-sopro-whey-solate-6252,"Bigjoy İsoPro Whey İsolate Çikolata 1098 gram",0,0
8900,58,bigjoy-sopro-whey-solate-6251,"Bigjoy İsoPro Whey İsolate Bisküvi 1020 gram",0,0
8901,58,bigjoy-l-carnitine-likit-3953,"Bigjoy L-Carnitine Likit Çilek 1000 ml.",0,1
8902,58,bigjoy-mass-attack-6174,"Bigjoy Mass Attack Çikolata 3000 gram",0,0
8903,58,bigjoy-multibig-3716,"Bigjoy MultiBig 90 Kapsül",0,1
8904,58,bigjoy-noxone-pre-workout-6253,"Bigjoy NoxOne Pre-Workout Orman Meyveli 442 gram",0,1
8905,58,bigjoy-predator-6100,"Bigjoy Predator Portakal 510 gram",0,0
8906,58,bigjoy-predator-6488,"Bigjoy Predator Orman Meyveli 289 gram",0,0
8907,58,bigjoy-predator-go-5079,"Bigjoy Predator Go! Mix 21 Adet x 17 gr. (357gr.)",0,0
8908,58,bigjoy-predator-shot-orange-60-ml-6037,"Bigjoy Predator Shot Portakal 60 ml.",0,1
8909,58,bigjoy-predator-shot-5934,"Bigjoy Predator Shot Portakal 20 Adet x 60 ml.",0,1
8910,58,predator-shot-5862,"Bigjoy Predator Shot Portakal 1000 ml.",0,0
8911,58,bigjoy-sports-argimax-5675,"Bigjoy Sports Argimax 120 Kapsül",0,1
8912,58,bigjoy-on-the-go-bcaa-plus-6407,"Bigjoy Sports On The Go Bcaa Plus Orman Meyveli 20 gram",0,0
8913,58,bigjoy-on-the-go-bcaa-plus-6399,"Bigjoy Sports On The Go Bcaa Plus Orman Meyveli 20 Adet x 20 gram",0,0
8914,58,bigjoy-on-the-go-electrolyte-6408,"Bigjoy Sports On The Go Electrolyte Limon 8 Tüp x 20 Tablet",0,0
8915,58,on-the-go-electrolyte-6386,"Bigjoy Sports On The Go Electrolyte Orman Meyveli 20 Efervesan Tablet",0,0
8916,58,bigjoy-on-the-go-magnesium-6387,"Bigjoy Sports On The Go Magnesium Portakal 20 Shot x 25 ml.",0,1
8917,58,bigjoy-sports-on-the-go-magnesium-6412,"Bigjoy Sports On The Go Magnesium Portakal 25 ml.",0,0
8918,58,bigjoy-on-the-go-pre-workout-6401,"Bigjoy Sports On The Go Pre-Workout Orman Meyveli 20 Adet x 15 gram",0,1
8919,58,bigjoy-on-the-go-pre-workout-6388,"Bigjoy Sports On The Go Pre-Workout Orman Meyveli 450 gram",0,1
8920,58,bigjoy-on-the-go-pre-workout-6411,"Bigjoy Sports On The Go Pre-Workout Orman Meyveli 15 gram",0,0
8921,58,bigjoy-on-the-go-progel-kutu-6390,"Bigjoy Sports On The Go Progel Elma 24 Adet x 60 ml.",0,0
8922,58,on-the-go-progel-6391,"Bigjoy Sports On The Go Progel Caffe Mocha 60 ml.",0,0
8923,58,bigjoy-sports-on-the-go-whey-plus-6725,"Bigjoy Sports On The Go Whey+Plus Çikolata 756 gram",0,1
8924,58,bigjoy-sports-on-the-go-whey-plus-6724,"Bigjoy Sports On The Go Whey+Plus Ananas 693 gram",0,1
8925,58,bigjoy-taurine-powder-3938,"Bigjoy Taurine Powder Aromasız 300 gram",0,0
8926,58,bigjoy-thermonator-6151,"Bigjoy Thermonator Şeftali 1000 ml.",0,0
8927,58,bigjoy-thermonator-3955,"Bigjoy Thermonator Portakal 20 Adet x 40 ml.",0,1
8928,58,bigjoy-thermonator-ripped-4007,"Bigjoy Thermonator Ripped 120 Kapsül",0,1
8929,58,bigjoy-tribulus-grw-3941,"Bigjoy Tribulus GRW 120 Kapsül",0,1
8930,58,bigjoy-vitamins-alpha-max-6614,"Bigjoy Vitamins Alpha Max 90 Kapsül",0,1
8931,58,bigjoy-vitamins-b-50-complex-6675,"Bigjoy Vitamins B-50 Complex 60 Kapsül",0,1
8932,58,bigjoy-vitamins-bromelain-6689,"Bigjoy Vitamins Bromelain 60 Tablet",0,1
8933,58,bigjoy-vitamins-calcium-magnesium-zinc-6674,"Bigjoy Vitamins Calcium Magnesium Zinc 90 Tablet",0,0
8934,58,bigjoy-vitamins-coenzyme-q10-6547,"Bigjoy Vitamins Coenzyme Q10 30 Kapsül",0,1
8935,58,bigjoy-vitamins-detox-plus-6556,"Bigjoy Vitamins Detox Plus 60 Kapsül",0,0
8936,58,bigjoy-vitamins-hair-vitamins-ve-multivitamin-6564,"Bigjoy Vitamins Hair Vitamins & Multivitamin Yaban Mersini 60 Gummy",0,0
8937,58,bigjoy-vitamins-ron-plus-6610,"Bigjoy Vitamins İron Plus 60 Kapsül",0,1
8938,58,bigjoy-vitamins-magnesium-multiform-6557,"Bigjoy Vitamins Magnesıum Multiform 60 Tablet",0,1
8939,58,bigjoy-vitamins-mens-bigbiotic-6549,"Bigjoy Vitamins Mens Bigbiotic 30 Kapsül",0,1
8940,58,bigjoy-vitamins-mens-multivitamin-6548,"Bigjoy Vitamins Mens Multivitamin 30 Kapsül",0,1
8941,58,bigjoy-vitamins-omega-3-6615,"Bigjoy Vitamins Omega 3 60 Softjel",0,1
8942,58,bigjoy-vitamins-vitamin-c-plus-6714,"Bigjoy Vitamins Vitamin C Plus Portakal 16 Tüp x 20 Efervesan Tablet",0,0
8943,58,bigjoy-vitamins-vitamin-c-plus-6713,"Bigjoy Vitamins Vitamin C Plus Portakal 20 Efervesan Tablet",0,1
8944,58,bigjoy-vitamins-vitamin-d3-1000-iu-6731,"Bigjoy Vitamins Vitamin D3 1000 iu 100 Tablet",0,1
8945,58,bigjoy-vitamins-womens-bigbiotic-6546,"Bigjoy Vitamins Womens Bigbiotic 30 Kapsül",0,1
8946,58,bigjoy-vitamins-womens-multivitamin-6545,"Bigjoy Vitamins Womens Multivitamin 30 Kapsül",0,1
8947,58,bigjoy-zma-5341,"Bigjoy ZMA 120 Kapsül",0,1
8948,58,bite-ve-more-cocoa-protein-pancake-6183,"Bite & More Cocoa Protein Pancake Blueberries 12 Adet x 50 gram",0,0
8949,58,bite-ve-more-cocoa-protein-pancake-6182,"Bite & More Cocoa Protein Pancake Speculoos 12 Adet x 50 gram",0,0
8950,58,bite-ve-more-cocoa-protein-pancake-6181,"Bite & More Cocoa Protein Pancake Double Çikolata 12 Adet x 50 gram",0,0
8951,58,bite-ve-more-cocoa-protein-pancake-6188,"Bite & More Cocoa Protein Pancake Cookie Cream 50 gram",0,0
8952,58,bite-ve-more-cocoa-protein-pancake-6187,"Bite & More Cocoa Protein Pancake Blueberries 50 gram",0,0
8953,58,bite-ve-more-cocoa-protein-pancake-6186,"Bite & More Cocoa Protein Pancake Speculoos 50 gram",0,0
8954,58,bite-ve-more-cocoa-protein-pancake-6185,"Bite & More Cocoa Protein Pancake Double Çikolata 50 gram",0,0
8955,58,bite-ve-more-cocoa-protein-pancake-6184,"Bite & More Cocoa Protein Pancake Cookie Cream 12 Adet x 50 gram",0,0
8956,58,bite-ve-more-l-carnitine-coffee-6237,"Bite & More L-Carnitine Coffee 12 gram",0,0
8957,58,bite-ve-more-l-carnitine-coffee-6236,"Bite & More L-Carnitine Coffee 10 Adet x 12 gram",0,1
8958,58,bite-ve-more-protein-pancake-6215,"Bite & More Limited Edition Protein Pancake Red Velvet 50 gram",0,0
8959,58,bite-ve-more-protein-pancake-6214,"Bite & More Limited Edition Protein Pancake Red Velvet 12 Adet x 50 gram",0,1
8960,58,bite-ve-more-protein-iced-coffee-caramel-macchiato-6235,"Bite & More Protein Iced Coffee Caramel Macchiato 33 gram",0,0
8961,58,bite-ve-more-protein-iced-coffee-caramel-macchiato-6234,"Bite & More Protein Iced Coffee Caramel Macchiato 10 Adet x 33 gram",0,0
8962,58,bite-ve-more-protein-iced-coffee-espresso-6229,"Bite & More Protein Iced Coffee Espresso 33 gram",0,0
8963,58,bite-ve-more-protein-iced-coffee-espresso-6228,"Bite & More Protein Iced Coffee Espresso 10 Adet x 33 gram",0,1
8964,58,bite-ve-more-protein-iced-coffee-mocha-6231,"Bite & More Protein Iced Coffee Mocha 33 gram",0,0
8965,58,bite-ve-more-protein-iced-coffee-mocha-6230,"Bite & More Protein Iced Coffee Mocha 10 Adet x 33 gram",0,0
8966,58,bite-ve-more-protein-iced-coffee-white-chocolate-mocha-6233,"Bite & More Protein Iced Coffee White Chocolate Mocha 33 gram",0,1
8967,58,bite-ve-more-protein-iced-coffee-white-chocolate-mocha-6232,"Bite & More Protein Iced Coffee White Chocolate Mocha 10 Adet x 33 gram",0,0
8968,58,bite-ve-more-protein-pancake-6505,"Bite & More Protein Pancake Pistachio Cream 12 Adet x 50 gram",0,0
8969,58,bite-more-protein-pancake-cikolata-12-adet-x-50-gram,"Bite & More Protein Pancake Çikolata 12 Adet x 50 gram",0,0
8970,58,bite-more-protein-pancake-caramel-cream-50-gram,"Bite & More Protein Pancake Caramel Cream 50 gram",0,0
8971,58,bite-more-protein-pancake-vanilla-cream-50-gram,"Bite & More Protein Pancake Vanilla Cream 50 gram",0,0
8972,58,bite-more-protein-pancake-strawberry-cream-50-gram,"Bite & More Protein Pancake Strawberry Cream 50 gram",0,0
8973,58,bite-more-protein-pancake-cikolata-50-gram,"Bite & More Protein Pancake Çikolata 50 gram",0,0
8974,58,bite-more-protein-pancake-caramel-cream-12-adet-x-50-gram-2,"Bite & More Protein Pancake Caramel Cream 12 Adet x 50 gram",0,0
8975,58,bite-more-protein-pancake-vanilla-cream-12-adet-x-50-gram-2,"Bite & More Protein Pancake Vanilla Cream 12 Adet x 50 gram",0,0
8976,58,bite-ve-more-protein-pancake-6506,"Bite & More Protein Pancake Pistachio Cream 50 gram",0,0
8977,58,bite-more-protein-pancake-strawberry-cream-12-adet-x-50-gram,"Bite & More Protein Pancake Strawberry Cream 12 Adet x 50 gram",0,1
8978,58,bite-ve-more-protein-waffle-6602,"Bite & More Protein Waffle Fındık 55 gram",0,0
8979,58,bite-ve-more-protein-waffle-6601,"Bite & More Protein Waffle Çikolata 55 gram",0,0
8980,58,bite-ve-more-protein-waffle-6600,"Bite & More Protein Waffle Tiramisu 12 Adet x 55 Gram",0,0
8981,58,bite-ve-more-protein-waffle-6599,"Bite & More Protein Waffle Vişne 12 Adet x 55 Gram",0,0
8982,58,bite-ve-more-protein-waffle-6598,"Bite & More Protein Waffle Fındık 12 Adet x 55 Gram",0,0
8983,58,bite-ve-more-protein-waffle-6597,"Bite & More Protein Waffle Çikolata 12 Adet x 50 gram",0,0
8984,58,bite-ve-more-protein-waffle-6604,"Bite & More Protein Waffle Tiramisu 55 gram",0,0
8985,58,bite-ve-more-protein-waffle-6603,"Bite & More Protein Waffle Vişne 55 gram",0,0
8986,58,bite-ve-more-rice-cake-6246,"Bite & More Rice Cake Milk Chocolate Coated 24 Adet x 18 gram",0,0
8987,58,bite-ve-more-rice-cake-6245,"Bite & More Rice Cake Milk Chocolate Coated 18 gram",0,0
8988,58,dy-nutrition-creatine-6667,"Dy Nutrition Creatine Aromasız 300 gram",0,1
8989,58,dy-nutrition-hit-eaa-amino-acid-complex-6668,"Dy Nutrition Hit Eaa Amino Acid Complex Kan Portakalı 360 gram",0,1
8990,58,dymatize-so100-isolate-protein-6339,"Dymatize İso100 Isolate Proteın Çikolata 932 gram",0,0
8991,58,dymatize-so100-isolate-protein-6335,"Dymatize İso100 Isolate Proteın Çikolata 2264 gram",0,0
8992,58,effive-nutrition-argi1500-6105,"Effive Nutrition Argi1500 120 Kapsül",0,1
8993,58,effive-nutrition-b-complex-6166,"Effive Nutrition B Complex 60 Tablet",0,1
8994,58,effive-nutrition-caffeine-taurine-6039,"Effive Nutrition Caffeine+Taurine  100 Kapsül",0,1
8995,58,effive-nutrition-cla-1000-6042,"Effive Nutrition CLA 1000 99 Softgel",0,0
8996,58,effive-nutrition-crea1500-kreatin-kapsul-6268,"Effive Nutrition Crea1500 Kreatin Kapsül Aromasız 120 Kapsül",0,1
8997,58,effive-nutrition-glucosamine-msm-chondroitin-6276,"Effive Nutrition Glucosamine MSM Chondroitin 90 Tablet",0,1
8998,58,effive-nutrition-milk-thistle-complex-6277,"Effive Nutrition Milk Thistle Complex 60 Kapsül",0,0
8999,58,effive-nutrition-multi1250-vitamin-ve-mineral-6038,"Effive Nutrition Multi1250 Vitamin & Mineral 120 Tablet",0,0
9000,58,effive-nutrition-omega-3-6041,"Effive Nutrition Omega 3  120 Softgel",0,0
9001,58,effive-nutrition-pillbox-6040,"Effive Nutrition Pillbox",0,0
9002,58,effive-nutrition-zma-6287,"Effive Nutrition ZMA 120 Kapsül",0,0
9003,58,enervit-low-sugar-protein-bar-6457,"Enervit Low Sugar Protein Bar Lemon Cake 30 Adet x 48 gram",0,0
9004,58,enervit-low-sugar-protein-bar-6365,"Enervit Low Sugar Protein Bar Dark Chocolate 25 Adet x 60 gram",0,0
9005,58,enervit-low-sugar-protein-bar-6451,"Enervit Low Sugar Protein Bar Kurabiye 55 gram",0,1
9006,58,enervit-low-sugar-protein-bar-6364,"Enervit Low Sugar Protein Bar Dark Chocolate 60 gram",0,1
9007,58,enervit-low-sugar-protein-bar-6450,"Enervit Low Sugar Protein Bar Kurabiye 25 Adet x 55 gram",0,0
9008,58,enervit-low-sugar-protein-bar-6458,"Enervit Low Sugar Protein Bar Lemon Cake 48 gram",0,1
9009,58,fa-nutrition-ice-bcaa-6445,"Fa Nutrition Ice Bcaa Icy Citrus & Peach 375 gram",0,0
9010,58,fa-nutrition-ice-pump-pre-workout-6444,"Fa Nutrition Ice Pump Pre Workout Icy Citrus & Peach 463 gram",0,1
9011,58,fa-nutrition-ice-pump-pre-workout-6452,"Fa Nutrition Ice Pump Pre Workout Icy Citrus & Peach 18.5 gr.",0,1
9012,58,fa-nutrition-ice-pump-pre-workout-sample-box-6449,"Fa Nutrition Ice Pump Pre Workout Sample Box Icy Citrus & Peach 10 Adet x 18.5 gram",0,1
9013,58,fit-bites-mint-nane-ve-mentol-aromali-sekersiz-6712,"Fit Bites Mint Şekersiz Nane & Mentol 60 Kutu x 50 Mint",0,1
9014,58,fit-bites-mint-nane-ve-mentol-aromali-sekersiz-6711,"Fit Bites Mint Şekersiz Nane & Mentol 1 Kutu x 50 Mint",0,1
9016,58,fit-bites-pro-wnie-high-protein-brownie-6530,"Fit Bites Prownie High Protein Brownie Cherry Cream 50 gram",0,0
9017,58,fit-bites-pro-wnie-high-protein-brownie-6533,"Fit Bites Prownie High Protein Brownie Lemon Cream 12 Adet x 50 gram",0,0
9018,58,grenade-bcaa-6307,"Grenade BCAA Şeftali & Armut 390 gram",0,0
9019,58,grenade-black-ops-6304,"Grenade Black Ops 100 Kapsül",0,1
9020,58,grenade-protein-bar-6710,"Grenade Carb Killa Protein Bar White Chocolate Cookie 60 gram",0,0
9021,58,grenade-protein-bar-6709,"Grenade Carb Killa Protein Bar White Chocolate Cookie 12 Adet x 60 gram",0,0
9022,58,grenade-pre-workout-6308,"Grenade Pre-Workout Cherry Bomb 330 gram",0,0
9023,58,grenade-pre-workout-6661,"Grenade Pre-Workout Berried Alive 330 gram",0,0
9024,58,grenade-shaker-600-ml-yesil-6433,"Grenade Shaker 600 ml. Yeşil",0,0
9025,58,grenade-whey-protein-6428,"Grenade Whey Protein  Fudge  2000 gram",0,0
9026,58,grenade-whey-protein-6463,"Grenade Whey Protein  Fudge  480 gram",0,0
9027,58,hardline-3d-maskot-anahtarlik-5091,"Hardline 3D Maskot Anahtarlık",0,1
9028,58,hardline-amerikan-beyzbol-sapka-6434,"Hardline Amerikan Beyzbol Şapka",0,1
9029,58,hardline-amino-full-3676,"Hardline Amino Full 300 Tablet",0,1
9030,58,hardline-amino9-eaa-ngry-5915,"Hardline Amino9 EAA-NGRY Yeşil Elma&Limon 390 gram",0,0
9031,58,hardline-antrenman-havlusu-siyah-100x50-cm-5312,"Hardline Antrenman Havlusu Siyah 100x50 cm",0,0
9032,58,hardline-aol-3706,"Hardline AOL 120 Kapsül",0,1
9033,58,hardline-arg-1250-3707,"Hardline ARG 1250 120 Tablet",0,1
9034,58,hardline-arginine-fusion-6630,"Hardline Arginine Fusion Portakal 130 gram",0,1
9035,58,hardline-arginine-liquid-5740,"Hardline Arginine Liquid Yeşil Elma 1000 ml.",0,0
9036,58,hardline-askili-sporcu-cantasi-6435,"Hardline Askılı Sporcu Çantası",0,1
9037,58,hardline-bcaa-4-1-1-5916,"Hardline Bcaa 4:1:1 Aromasız 300 gram",0,0
9038,58,hardline-bcaa-fusion-5371,"Hardline BCAA Fusion Çilek 525 gram",0,1
9039,58,hardline-bcaa-matrix-3791,"Hardline BCAA Matrix Böğürtlen 630 gram",0,1
9040,58,hardline-bcaa-matrix-40s-5673,"Hardline Bcaa Matrix 40S Yeşil Elma 600 gram",0,1
9041,58,hardline-bcaa-glutamine-6550,"Hardline Bcaa+Glutamine Yeşil Elma 115 gram",0,1
9042,58,hardline-burner-3686,"Hardline Burner 120 Tablet",0,1
9043,58,hardl-ne-200-mg-caffe-ne-shot-l-mon-30-ml-x-20-adet-6555,"Hardline Caffeine 200 mg. Liquid Limon 20 Shot x 30 ml.",0,1
9044,58,hardline-caffeine-2t-6420,"Hardline Caffeine 2T 120 Kapsül",0,0
9045,58,hardline-carbopure-5788,"Hardline Carbopure Aromasız 2000 gram",0,1
9046,58,hardline-carbopure-3681,"Hardline Carbopure Aromasız 4000 gram",0,1
9047,58,hardline-carnifit-3828,"Hardline Carnifit Ananas 500 ml.",0,0
9048,58,hardline-carnifit-5372,"Hardline Carnifit Ananas 24 Adet x 500 ml.",0,1
9049,58,hardline-cla-one-2400-mg-3685,"Hardline CLA One 1000 Mg. 100 Jel Kapsül",0,1
9050,58,hardline-collagen-sports-6298,"Hardline Collagen Sports Vişne 340 gram",0,0
9051,58,hardline-creatine-creapure-5874,"Hardline Creatine Creapure® 120 Kapsül",0,1
9052,58,hardline-creatine-creapure-5927,"Hardline Creatine Creapure® Aromasız 250 gram",0,0
9053,58,hardline-creatine-creapure-3691,"Hardline Creatine Creapure® 500 gram",0,0
9054,58,hardline-creatine-micronized-6369,"Hardline Creatine Micronized Yeşil Elma 324 gram",0,0
9055,58,hardline-creatine-micronized-6368,"Hardline Creatine Micronized Portakal 336 gram",0,1
9056,58,hardline-glucosamine-chondroitin-msm-5069,"Hardline Glucosamine Chondroitin MSM 120 Tablet",0,1
9057,58,hardline-glucosamine-msm-3708,"Hardline Glucosamine MSM 120 Tablet",0,1
9058,58,hardline-glutapure-4256,"Hardline Glutapure Aromasız 300 gram",0,0
9059,58,hardline-glutapure-5742,"Hardline Glutapure Aromasız 500 gram",0,0
9060,58,hardline-guc-elinde-shaker-700-ml-6628,"Hardline Güç Elinde Shaker 700 ml.",0,1
9061,58,hardline-hazneli-shaker-kirmizi-600-ml-4779,"Hardline Hazneli Shaker Kırmızı 600 ml.",0,1
9062,58,hardline-hazneli-shaker-pembe-600-ml-6567,"Hardline Hazneli Shaker Pembe 600 ml.",0,1
9063,58,hardline-hipro-sowhey-protein-5907,"Hardline Hipro İsoWhey Protein Çikolata 1800 gram",0,0
9064,58,hardline-hipro-sowhey-protein-5905,"Hardline Hipro İsoWhey Protein Çikolata 908 gram",0,0
9065,58,hardline-nce-bileklik-5745,"Hardline İnce Bileklik",0,1
9066,58,hardline-kgt-caffein-5-5-2-3843,"Hardline KGT+Caffein 5:5:2 Limon 1000 gram",0,0
9067,58,hardline-kreatin-mikronize-6511,"Hardline Kreatin Mikronize Aromasız 120 gram",0,1
9068,58,hardline-kreatin-mikronize-3692,"Hardline Kreatin Mikronize Aromasız 300 gram",0,1
9069,58,hardline-l-karnitin-matrix-3830,"Hardline L-Karnitin Matrix Limon 7 Shot x 30ml.",0,1
9070,58,hardline-l-karnitin-matrix-3000-mg-3824,"Hardline L-Karnitin Matrix  Limon 20 Shot x 30ml.",0,1
9071,58,hardline-l-karnitin-sivi-3825,"Hardline L-Karnitin Sıvı Limon 1000 ml.",0,1
9072,58,hardline-nox-2-6513,"Hardline Nox 2 Yeşil Elma 15 Adet x 36 gram (540 gr.)",0,0
9073,58,hardline-nox-2-6480,"Hardline Nox 2 Yeşil Elma 36 gram",0,0
9074,58,hardline-nox-2-3836,"Hardline Nox 2 Karadut 1090 gram",0,1
9075,58,hardline-nutrition-toz-saklama-hunisi-6376,"Hardline Nutrition Toz Saklama Hunisi",0,1
9076,58,hardline-omega-3-6006,"Hardline Omega 3 160 Kapsül",0,0
9077,58,hardline-prex-sivi-6568,"Hardline Prex Sıvı Kola 20 Shot x 30 ml.",0,0
9078,58,hardline-prex-toz-6582,"Hardline Prex Toz Kola 140 gram",0,0
9079,58,hardline-prex-toz-6581,"Hardline Prex Toz Portakal 125 gram",0,0
9080,58,hardline-progainer-4778,"Hardline Progainer Muz 3000 gram",0,0
9081,58,hardline-progainer-3740,"Hardline Progainer Çilek 5000 gram",0,1
9082,58,hardline-progainer-sase-6382,"Hardline Progainer Saşe Çikolata 17 Adet x 100 gr.",0,0
9083,58,hardline-progainer-sase-6379,"Hardline Progainer Saşe Mix 51 Adet x 100 gr.",0,0
9084,58,hardline-sivi-magnesium-liquid-250-mg-6414,"Hardline Sıvı Magnesium Liquid 250 mg. Ananas 1 Shot x 30 ml.",0,0
9085,58,hardline-sivi-magnesium-liquid-250-mg-6047,"Hardline Sıvı Magnesium Liquid 250 mg. Ananas 20 Shot x 30 ml.",0,1
9086,58,hardline-taurine-5741,"Hardline Taurine Aromasız 300 gram",0,0
9087,58,hardline-thermo-l-karnitin-sivi-4671,"Hardline Thermo L-Karnitin Sıvı Şeftali 1000 ml.",0,0
9088,58,hardline-tribulus-terrestris-3701,"Hardline Tribulus Terrestris 100 Kapsül",0,1
9089,58,hardline-vitamin-mineral-3712,"Hardline Vitamin Mineral 120 Tablet",0,1
9090,58,hardline-vmax-bitkisel-protein-6585,"Hardline Vmax Bitkisel Protein Çikolata 2000 gram",0,0
9091,58,hardline-vmax-bitkisel-protein-6584,"Hardline Vmax Bitkisel Protein Çikolata 908 gram",0,0
9092,58,hardline-whey-3matrix-5374,"Hardline Whey 3 Matrix Çilek 26 Şase x 30 gr. (780 gr.)",0,0
9093,58,hardline-whey-3-matrix-6020,"Hardline Whey 3 Matrix Kurabiye 2300 gram",0,0
9094,58,hardline-whey-3matrix-4665,"Hardline Whey 3 Matrix Muz 908 gram",0,0
9095,58,hardl-ne-whey-3-matr-x-30-gr-c-lek-6107,"Hardline Whey 3 Matrix Çilek 30 gram",0,0
9096,58,hardline-zma-3702,"Hardline ZMA 180 Kapsül",0,1
9097,58,herbina-biotin-5000mcg-6423,"Herbina Biotin 5000mcg 30 Tablet",0,1
9098,58,herbina-sindirim-enzimleri-bromelain-lipaz-proteaz-6416,"Herbina Bromelain 60 Tablet",0,1
9099,58,herbina-collagen-type-1-3-6693,"Herbina Collagen Type 1/3 60 Tablet",0,1
9100,58,herbina-efferwell-c-vitamini-1000-mg-6430,"Herbina EfferWell C Vitamini 1000mg 105 gram",0,1
9101,58,herbina-ginseng-6424,"Herbina Korean Ginseng 60 Tablet",0,0
9102,58,herbina-l-carnitine-coffee-6504,"Herbina L-Carnitine Coffee 12 Paket x 10 gr.",0,1
9103,58,herbina-l-carnitine-coffee-6664,"Herbina L-Carnitine Coffee 10 gram",0,1
9104,58,herbina-magnezyum-complex-6691,"Herbina Magnezyum Complex 120 Kapsül",0,1
9105,58,herbina-magnezyum-sitrat-6692,"Herbina Magnezyum Sitrat 120 Tablet",0,1
9106,58,herbina-melatonin-6419,"Herbina Melatonin 90 Tablet",0,1
9107,58,herbina-multi-man-6694,"Herbina Multi Man 90 Kapsül",0,1
9108,58,herbina-multi-woman-6695,"Herbina Multi Woman 90 Kapsül",0,1
9109,58,herbina-tip-1-2-3-kolajen-6418,"Herbina Tip 1-2-3 Kolajen Kivi 11 gram",0,0
9110,58,herbina-tip-1-2-3-kolajen-6417,"Herbina Tip 1-2-3 Kolajen Kivi 30 Adet x 11 gr.",0,0
9111,58,herbina-d3k2-6422,"Herbina Vitamin D3K2 20 ml.",0,0
9112,58,herbina-zinde-c-6527,"Herbina Zinde+C 60 Tablet",0,1
9113,58,jnx-sports-skull-shaker-700-ml-asker-yes-l-6310,"Jnx Sport Skull Shaker Askeri Yeşil 700 ml.",0,1
9114,58,jofit-elbow-wraps-kirmizi-siyah-6272,"Jofit Elbow Wraps Kırmızı - Siyah",0,0
9115,58,jofit-elbow-wraps-siyah-kirmizi-6196,"Jofit Elbow Wraps Siyah - Kırmızı",0,0
9116,58,jofit-elbow-wraps-siyah-mavi-6270,"Jofit Elbow Wraps Siyah - Mavi",0,0
9117,58,jofit-elbow-wraps-siyah-turuncu-6197,"Jofit Elbow Wraps Siyah - Turuncu",0,0
9118,58,jofit-elbow-wraps-siyah-yesil-6271,"Jofit Elbow Wraps Siyah - Yeşil",0,0
9119,58,jofit-knee-wraps-kirmizi-siyah-6275,"Jofit Knee Wraps Kırmızı - Siyah",0,1
9120,58,jofit-knee-wraps-6066,"Jofit Knee Wraps Siyah - Kırmızı",0,0
9121,58,jofit-elbow-wraps-siyah-mavi-6273,"Jofit Knee Wraps Siyah - Mavi",0,1
9122,58,jofit-knee-wraps-siyah-turuncu-6195,"Jofit Knee Wraps Siyah - Turuncu",0,1
9123,58,jofit-elbow-wraps-siyah-yesil-6274,"Jofit Knee Wraps Siyah - Yeşil",0,1
9124,58,jof-t-padded-straps-s-yah-beyaz-6148,"Jofit Padded Straps Siyah - Beyaz",0,1
9125,58,jof-t-padded-straps-s-yah-kirmizi-6063,"Jofit Padded Straps Siyah - Kırmızı",0,1
9126,58,jof-t-padded-straps-s-yah-mav-6062,"Jofit Padded Straps Siyah - Mavi",0,1
9127,58,jof-t-padded-straps-s-yah-neon-yes-l-6147,"Jofit Padded Straps Siyah - Neon Yeşil",0,0
9128,58,jofit-premium-sports-sapka-haki-beyaz-6144,"Jofit Premium Sports Şapka Haki-Beyaz",0,1
9129,58,jofit-premium-sports-sapka-kirmizi-beyaz-6143,"Jofit Premium Sports Şapka Kırmızı-Beyaz",0,1
9130,58,jofit-premium-sports-sapka-siyah-beyaz-6145,"Jofit Premium Sports Şapka Siyah-Beyaz",0,1
9131,58,jofit-premium-sports-sapka-siyah-turuncu-6146,"Jofit Premium Sports Şapka Siyah-Turuncu",0,1
9132,58,jofit-premium-sports-sapka-turuncu-beyaz-6142,"Jofit Premium Sports Şapka Turuncu-Beyaz",0,0
9133,58,jof-t-pro-l-ft-ng-straps-s-yah-beyaz-6058,"Jofit Pro Lifting Straps Siyah - Beyaz",0,1
9134,58,jof-t-pro-l-ft-ng-straps-s-yah-kirmizi-6061,"Jofit Pro Lifting Straps Siyah - Kırmızı",0,1
9135,58,jof-t-pro-l-ft-ng-straps-s-yah-mav-6060,"Jofit Pro Lifting Straps Siyah - Mavi",0,1
9136,58,jof-t-pro-l-ft-ng-straps-s-yah-neon-yes-l-6059,"Jofit Pro Lifting Straps Siyah - Neon Yeşil",0,1
9137,58,jof-t-sporcu-antrenman-havlu-30x85-cm-bej-ve-kirmizi-6135,"Jofit Sporcu Antrenman Havlu 30x85 cm. Bej & Kırmızı",0,0
9138,58,jof-t-sporcu-antrenman-havlu-30x85-cm-beyaz-ve-mav-6137,"Jofit Sporcu Antrenman Havlu 30x85 cm. Beyaz & Mavi",0,0
9139,58,jof-t-sporcu-antrenman-havlu-30x85-cm-kahve-ve-yes-l-6134,"Jofit Sporcu Antrenman Havlu 30x85 cm. Kahve & Yeşil",0,0
9140,58,jof-t-sporcu-antrenman-havlu-30x85-cm-krem-ve-fusya-6136,"Jofit Sporcu Antrenman Havlu 30x85 cm. Krem & Fuşya",0,0
9141,58,jof-t-sporcu-antrenman-havlu-30x85-cm-gr-ve-turuncu-6133,"Jofit Sporcu Antrenman Havlu 30x85 cm.Gri & Turuncu",0,0
9142,58,jof-t-sporcu-antrenman-havlu-38x105-cm-s-yah-ve-turuncu-6138,"Jofit Sporcu Antrenman Havlu 38x105 cm. Siyah & Turuncu",0,0
9143,58,jof-t-straps-s-yah-beyaz-6150,"Jofit Straps Siyah - Beyaz",0,0
9144,58,jof-t-straps-s-yah-kirmizi-6065,"Jofit Straps Siyah - Kırmızı",0,0
9145,58,jof-t-straps-s-yah-mav-6064,"Jofit Straps Siyah - Mavi",0,1
9146,58,jof-t-straps-s-yah-neon-yes-l-6149,"Jofit Straps Siyah - Neon Yeşil",0,0
9147,58,jof-t-wr-st-wraps-s-yah-turuncu-6057,"Jofit Wrist Wraps Siyah - Turuncu",0,1
9148,58,kevin-levrone-gold-creatine-6443,"Kevin Levrone Gold Creatine Aromasız 300 gram",0,0
9149,58,kevin-levrone-gold-creatine-chews-6608,"Kevin Levrone Gold Creatine Chews Blue Raspberry 120 Tablet",0,0
9150,58,kevin-levrone-gold-glutamine-6609,"Kevin Levrone Gold Glutamine Aromasız 300 gram",0,0
9151,58,kevin-levrone-gold-tribulus-6494,"Kevin Levrone Gold Tribulus 90 Tablet",0,1
9152,58,kevin-levrone-levro-legendary-mass-6448,"Kevin Levrone Levro Legendary Mass Çikolata 3000 gram",0,0
9153,58,kevin-levrone-shaaboom-pump-pre-workout-6700,"Kevin Levrone Shaaboom Pump Pre-Workout Dragon Fruit 385 gram",0,1
9154,58,mealjoy-cream-of-rice-6560,"Mealjoy Cream Of Rice Karamelize Bisküvi 1000 gram",0,0
9155,58,mealjoy-cream-of-rice-6559,"Mealjoy Cream Of Rice Vanilya 1000 gram",0,0
9156,58,mealjoy-cream-of-rice-6558,"Mealjoy Cream Of Rice Çikolata 1000 gram",0,0
9157,58,mealjoy-proteinli-cabuk-corba-6622,"Mealjoy Proteinli Çabuk Çorba Mercimek 465 gram",0,0
9158,58,mealjoy-proteinli-cabuk-corba-6621,"Mealjoy Proteinli Çabuk Çorba Kremalı Domates 540 gram",0,0
9159,58,mealjoy-proteinli-fistik-ezmesi-6594,"Mealjoy Proteinli Fıstık Ezmesi Kakao 320 gram",0,0
9160,58,mealjoy-proteinli-fistik-ezmesi-6593,"Mealjoy Proteinli Fıstık Ezmesi Bisküvi 320 gram",0,0
9161,58,mealjoy-proteinli-fistik-ezmesi-6592,"Mealjoy Proteinli Fıstık Ezmesi 320 gram",0,0
9162,58,mealjoy-proteinli-makarna-6595,"Mealjoy Proteinli Makarna 360 gram",0,1
9163,58,mealjoy-yuksek-proteinli-granola-6722,"Mealjoy Yüksek Proteinli Granola Kabak Çekirdekli, Yer Fıs 280 gram",0,0
9164,58,mealjoy-yuksek-proteinli-pankek-ve-waffle-6561,"Mealjoy Yüksek Proteinli Pankek & Waffle Çikolata 600 gram",0,0
9165,58,mealjoy-y-ksek-prote-nl-pankek-ve-waffle-600-gram-van-lya-6562,"Mealjoy Yüksek Proteinli Pankek & Waffle Vanilya 600 gram",0,0
9166,58,mealjoy-yuksek-proteinli-puding-6563,"Mealjoy Yüksek Proteinli Puding Çikolata 500 gram",0,0
9167,58,mr-fit-3d-shaker-aslan-6743,"Mr. Fit 3D Shaker Aslan 600 ml.",0,1
9168,58,mr-fit-3d-shaker-bulldog-6744,"Mr. Fit 3D Shaker Bulldog 600 ml.",0,1
9169,58,mr-fit-3d-shaker-goril-6741,"Mr. Fit 3D Shaker Goril 600 ml.",0,1
9170,58,mr-snack-protein-cookie-6737,"Mr. Snack Protein Cookie Double Çikolata 50 gram",0,0
9171,58,mr-snack-protein-cookie-6736,"Mr. Snack Protein Cookie Pistachio & Chocolate 10 Adet x 50 gram",0,0
9172,58,mr-snack-protein-cookie-6735,"Mr. Snack Protein Cookie Banana & Chocolate 10 Adet x 50 gram",0,0
9173,58,mr-snack-protein-cookie-6742,"Mr. Snack Protein Cookie Double Çikolata 10 Adet x 50 gram",0,0
9174,58,mr-snack-protein-cookie-6734,"Mr. Snack Protein Cookie Coffee & Chocolate 10 Adet x 50 gram",0,0
9175,58,mr-snack-protein-cookie-6740,"Mr. Snack Protein Cookie Pistachio & Chocolate 50 gram",0,0
9176,58,mr-snack-protein-cookie-6739,"Mr. Snack Protein Cookie Banana & Chocolate 50 gram",0,0
9177,58,mr-snack-protein-cookie-6738,"Mr. Snack Protein Cookie Coffee & Chocolate 50 gram",0,0
9178,58,mult-power-50-prote-n-bar-50-gr-1-adet-5949,"Multipower %50 Protein Bar Hindistan Cevizli 50 gram",0,0
9179,58,multipower-50-protein-bar-5919,"Multipower %50 Protein Bar Hindistan Cevizli 20 Adet x 50 gram",0,0
9180,58,multipower-bcaa-powder-2-1-1-3784,"Multipower BCAA Powder 2:1:1 Kiraz 400 gram",0,0
9181,58,multipower-creatine-powder-6168,"Multipower Creatine Powder 500 gram",0,0
9182,58,multipower-l-carnitine-liquid-forte-1800-mg-3823,"Multipower L-Carnitine 1800 Mg Şeftali 20 Shot x 25 ml.",0,1
9183,58,multipower-l-glutamine-4246,"Multipower L-Glutamine 500 gram",0,1
9184,58,mult-power-power-pack-xxl-60-gr-5948,"Multipower Power Pack XXL Bitter Çikolata   Muz 60 gram",0,0
9185,58,multipower-power-pack-xxl-5768,"Multipower Power Pack XXL Bitter Çikolata   Muz 12 Adet x 60 gram",0,1
9186,58,multipower-protein-delight-protein-bar-6707,"Multipower Protein Delight Protein Bar Dark Chocolate Mocha 35 gram",0,1
9187,58,multipower-protein-delight-protein-bar-6706,"Multipower Protein Delight Protein Bar Dark Chocolate Mocha 18 Adet x 35 gram",0,1
9188,58,multipower-protein-layer-protein-bar-6672,"Multipower Protein Layer Protein Bar Yer Fıstığı & Karamel 18 Adet x 50 gr.",0,0
9189,58,multipower-protein-layer-protein-bar-6678,"Multipower Protein Layer Protein Bar Beyaz Çikolata & Çilek 50 gram",0,0
9190,58,multipower-whey-amino-3400-3675,"Multipower Whey Amino 3400  300 Tablet",0,1
9191,58,multipower-whey-solate-6026,"Multipower Whey İsolate  Çikolata 900 gram",0,1
9192,58,multipower-whey-solate-6723,"Multipower Whey İsolate  Çikolata 2000 gram",0,0
9193,58,multipower-pure-whey-protein-6027,"Multipower Whey Protein Shake Kurabiye & Krema 2000 gram",0,0
9194,58,multipower-pure-whey-protein-5861,"Multipower Whey Protein Shake Çikolata 900 gram",0,0
9195,58,nuclear-nutrition-igniter-pre-workout-6514,"Nuclear Nutrition Ignıter Pre-Workout Fruit Massage 438 gram",0,0
9196,58,nuclear-nutrition-synthesis-multi-creatine-complex-6629,"Nuclear Nutrition Synthesis Multi Creatine Complex Tropikal 300 gram",0,0
9197,58,nutrend-100-whey-protein-6413,"Nutrend %100 Whey Protein Çikolata Browni  1000 gram",0,1
9198,58,nutrend-creatine-monohydrate-6049,"Nutrend Creatine Monohydrate  Aromasız 300 gram",0,1
9199,58,nutrend-glutamine-5674,"Nutrend Glutamine Aromasız 300 gram",0,1
9200,58,nutrend-micellar-casein-5911,"Nutrend Micellar Casein Çikolata 900 gram",0,1
9201,58,nutrend-whey-core-6354,"Nutrend Whey Core Çikolata 900 gram",0,0
9202,58,nutrend-whey-isolate-6493,"Nutrend Whey Isolate Çikolata Browni  2250 gram",0,0
9203,58,nutrend-winning-energy-suluk-1000-ml-6406,"Nutrend Winning Energy Suluk 1000 ml.",0,1
9204,58,nutrever-noxtreme-5920,"Nutrever NOXtreme Limon & Yeşil Çay 375 gram",0,1
9205,58,nutrever-whey-amino-6102,"Nutrever Whey Amino  300 Tablet",0,0
9206,58,nutrever-xtreme-protein-bar-5935,"Nutrever Xtreme Protein Bar  Kurabiye & Krema 50 gram",0,1
9207,58,nutrever-xtreme-protein-bar-5930,"Nutrever Xtreme Protein Bar  Kurabiye & Krema 24 Adet x 50 gram",0,1
9208,58,olimp-amino-mega-5500-5629,"Olimp Amino Mega 5500 400 Kapsül",0,1
9209,58,olimp-argipower-mega-caps-arginine-5863,"Olimp ArgiPower Mega Caps Arginine 120 Kapsül",0,1
9210,58,olimp-bcaa-20-1-1-xplode-3909,"Olimp Bcaa 20.1.1 Xplode Kola 200 gram",0,0
9211,58,olimp-bcaa-xplode-3781,"Olimp Bcaa Xplode Kola 500 gram",0,1
9212,58,olimp-carbonox-5864,"Olimp Carbonox Ananas 1000 gram",0,1
9213,58,olimp-cla-with-green-tea-l-carnitine-5936,"Olimp Cla With Green Tea + L-Carnitine  60 Kapsül",0,1
9214,58,olimp-creatine-monohydrate-powder-super-micronized-3690,"Olimp Creatine Monohydrate Powder 250 gram",0,1
9215,58,olimp-gain-bolic-5909,"Olimp Gain Bolic Çikolata 1000 gram",0,1
9216,58,ol-mp-ga-nbol-c-3500-gr-c-kolata-5635,"Olimp Gain Bolic Çikolata 3500 gram",0,1
9217,58,olimp-glucosamine-plus-5798,"Olimp Glucosamine Plus  60 Kapsül",0,1
9218,58,olimp-so-plus-l-carnitine-sotonic-drink-5937,"Olimp İso Plus + L-Carnitine İsotonic Drink  700 gram",0,0
9219,58,olimp-l-carnitine-3000-3822,"Olimp L-Carnitine 3000 Kiraz 20 Shot",0,0
9220,58,olimp-pure-whey-protein-isolate-3773,"Olimp Pure Whey Protein Isolate Çikolata 1800 gram",0,0
9221,58,olimp-r-weiler-shot-3838,"Olimp R-Weiler Shot Portakal 20 Ampül",0,0
9222,58,olimp-rocky-athletes-creatine-6708,"Olimp Rocky Athletes Creatine Citrus Lemonade 200 gram",0,1
9223,58,olimp-rocky-athletes-l-glutamine-3905,"Olimp Rocky Athletes L-Glutamine 250 gram",0,1
9224,58,olimp-thermo-speed-xtreme-6021,"Olimp Thermo Speed Xtreme  120 Kapsül",0,1
9225,58,olimp-tribusteron-90-3700,"Olimp Tribusteron 90 120 Kapsül",0,1
9226,58,olimp-vita-min-multiple-sport-3715,"Olimp Vita-Min Multiple Sport 60 Kapsül",0,1
9227,58,olimp-whey-protein-complex-3723,"Olimp Whey Protein Complex Çilek 1800 gram",0,0
9228,58,olimp-whey-protein-complex-5913,"Olimp Whey Protein Complex Çikolata 700 gram",0,0
9229,58,onthego-magnesium-nighttime-formula-6687,"ONTHEGO Magnesium Night Time Formula 60 Kapsül",0,0
9230,58,onthego-sodium-plus-6688,"ONTHEGO Sodium Plus 90 Kapsül",0,1
9231,58,optimum-nutrition-creatine-6329,"Optimum Nutrition Creatine Aromasız 317 gram",0,0
9232,58,optimum-nutrition-essential-amino-energy-6324,"Optimum Nutrition Essential Amino Energy  Misket Limonu 270 gram",0,0
9233,58,optimum-nutrition-gold-standard-bcaa-6325,"Optimum Nutrition Gold Standard Bcaa Çilek Kivi 266 gram",0,0
9234,58,optimum-nutrition-gold-standart-casein-protein-6334,"Optimum Nutrition Gold Standard Casein Protein Çikolata 924 gram",0,0
9235,58,optimum-nutrition-gold-standart-solate-6333,"Optimum Nutrition Gold Standard İsolate Çikolata 930 gram",0,0
9236,58,optimum-nutrition-gold-standard-plant-protein-6427,"Optimum Nutrition Gold Standard Plant Protein Double Rich Chocolate 684 gram",0,1
9237,58,optimum-nutrition-gold-standard-whey-protein-6340,"Optimum Nutrition Gold Standard Whey Protein Çikolata 31 gram",0,0
9238,58,optimum-nutrition-gold-standard-whey-protein-6319,"Optimum Nutrition Gold Standard Whey Protein Çilek 900 gram",0,0
9239,58,optimum-nutrition-gold-standard-whey-protein-6363,"Optimum Nutrition Gold Standard Whey Protein Çikolata 24 Adet x 31 gram",0,0
9240,58,optimum-nutrition-gold-standard-whey-protein-6318,"Optimum Nutrition Gold Standard Whey Protein Çikolata 899 gram",0,0
9241,58,optimum-nutrition-gold-standard-whey-protein-6337,"Optimum Nutrition Gold Standard Whey Protein Çikolata 2260 gram",0,1
9242,58,optimum-nutrition-gold-standard-whey-protein-6338,"Optimum Nutrition Gold Standard Whey Protein Çilek 2280 gram",0,0
9243,58,optimum-nutrition-gold-standard-whey-protein-6328,"Optimum Nutrition Gold Standard Whey Protein Çikolata 465 gram",0,0
9244,58,optimum-nutrition-gold-standard-whey-protein-6316,"Optimum Nutrition Gold Standard Whey Protein Kurabiye & Krema 2270 gram",0,0
9245,58,optimum-nutrition-gold-standard-whey-protein-6326,"Optimum Nutrition Gold Standard Whey Protein Kurabiye & Krema 896 gram",0,0
9246,58,optimum-nutrition-opti-men-6330,"Optimum Nutrition Opti-Men 90 Tablet",0,0
9247,58,optimum-nutrition-opti-women-6331,"Optimum Nutrition Opti-Women 60 Kapsül",0,0
9248,58,optimum-nutrition-platinum-hydrowhey-6332,"Optimum Nutrition Platinum HydroWhey Çikolata 1600 gram",0,0
9249,58,optimum-nutrition-serious-mass-6459,"Optimum Nutrition Serious Mass Muz 5450 gram",0,0
9250,58,optimum-nutrition-serious-mass-6336,"Optimum Nutrition Serious Mass Çilek 2730 gram",0,0
9251,58,prime-nutrition-100-peanut-butter-6523,"Prime Nutrition %100 Peanut Butter Yer Fıstığı 350 gram",0,1
9252,58,pr-me-nutr-t-on-bcaa-2-1-1-10-gram-x-24-sachet-cool-l-me-6257,"Prime Nutrition BCAA 2:1:1 Cool Lime 24 Adet x 10 gram",0,1
9253,58,pr-me-nutr-t-on-bcaa-2-1-1-10-gram-x-24-sachet-karpuz-ve-c-lek-6256,"Prime Nutrition BCAA 2:1:1 Karpuz&Çilek 24 Adet x 10 gram",0,1
9254,58,pr-me-nutr-t-on-bcaa-2-1-1-10-gram-karpuz-ve-c-lek-6262,"Prime Nutrition BCAA 2:1:1 Karpuz&Çilek 10 gram",0,1
9255,58,pr-me-nutr-t-on-bcaa-2-1-1-10-gram-cool-l-me-6261,"Prime Nutrition BCAA 2:1:1 Cool Lime 10 gram",0,1
9256,58,prime-nutrition-bcaa-2-1-1-6207,"Prime Nutrition BCAA 2:1:1 Karpuz&Çilek 420 gram",0,1
9257,58,prime-nutrition-bcaa-2-1-1-6206,"Prime Nutrition BCAA 2:1:1 Cool Lime 420 gram",0,1
9258,58,prime-nutrition-shaker-500-ml-6377,"Prime Nutrition Beyaz Shaker 500 ml.",0,0
9259,58,prime-nutrition-coconut-spread-6717,"Prime Nutrition Coconut Spread 350 gram",0,1
9260,58,prime-nutrition-cream-of-rice-6538,"Prime Nutrition Cream Of Rice Red Fruit 750 gram",0,1
9261,58,prime-nutrition-cream-of-rice-6749,"Prime Nutrition Cream Of Rice Vanilya 750 gram",0,1
9262,58,prime-nutrition-cream-of-rice-6537,"Prime Nutrition Cream Of Rice Kurabiye 750 gram",0,1
9263,58,prime-nutrition-cream-of-rice-6536,"Prime Nutrition Cream Of Rice Muz 750 gram",0,1
9264,58,prime-nutrition-cream-of-rice-6535,"Prime Nutrition Cream Of Rice Çikolata 750 gram",0,1
9265,58,pr-me-nutr-t-on-creat-ne-6-gram-yes-l-elma-6263,"Prime Nutrition Creatine Yeşil Elma 6 gram",0,1
9266,58,prime-nutrition-creatine-6202,"Prime Nutrition Creatine Yeşil Elma 420 gram",0,0
9267,58,prime-nutrition-creatine-6201,"Prime Nutrition Creatine Aromasız 303 gram",0,1
9268,58,pr-me-nutr-t-on-creat-ne-6-gram-x-24-adet-yes-l-elma-6260,"Prime Nutrition Creatine Yeşil Elma 24 Adet x 6 gram",0,1
9269,58,prime-nutrition-hazelnut-cacoa-spread-6521,"Prime Nutrition Hazelnut Cacoa Spread Çikolata Fındık 350 gram",0,1
9270,58,prime-nutrition-kirmizi-optimus-anahtarlik-set-6745,"Prime Nutrition Kırmızı Optimus Anahtarlık Set",0,1
9271,58,pr-me-nutr-t-on-l-arg-n-ne-6-gram-portakal-6264,"Prime Nutrition L-Arginine Portakal 8 gram",0,1
9272,58,prime-nutrition-l-arginine-6243,"Prime Nutrition L-Arginine Portakal 400 gram",0,1
9273,58,prime-nutrition-l-arginine-6242,"Prime Nutrition L-Arginine Aromasız 300 gram",0,1
9274,58,prime-nutrition-l-arginine-6241,"Prime Nutrition L-Arginine Aromasız 125 gram",0,1
9275,58,pr-me-nutr-t-on-l-arg-n-ne-6-gram-x-24-sachet-portakal-6259,"Prime Nutrition L-Arginine Portakal 24 Adet x 8 gram",0,0
9276,58,pr-me-nutr-t-on-l-glutam-ne-6-gram-mango-ve-ananas-6265,"Prime Nutrition L-Glutamine Mango&Ananas 6 gram",0,1
9277,58,prime-nutrition-l-glutamine-6205,"Prime Nutrition L-Glutamine Mango&Ananas 420 gram",0,1
9278,58,prime-nutrition-l-glutamine-6204,"Prime Nutrition L-Glutamine Aromasız 300 gram",0,0
9279,58,prime-nutrition-l-glutamine-6203,"Prime Nutrition L-Glutamine Aromasız 125 gram",0,1
9280,58,pr-me-nutr-t-on-l-glutam-ne-6-gram-x-24-sachet-mango-ve-ananas-6258,"Prime Nutrition L-Glutamine Mango&Ananas 24 Adet x 6 gram",0,1
9281,58,prime-nutrition-matara-6212,"Prime Nutrition Matara 600 ml.",0,0
9282,58,prime-nutrition-mavi-optimus-anahtarlik-set-6746,"Prime Nutrition Mavi Optimus Anahtarlık Set",0,1
9283,58,prime-nutrition-optimus-pre-workout-6524,"Prime Nutrition Optimus Pre-Workout Red Fruit 420 gram",0,0
9284,58,prime-nutrition-optimus-pre-workout-6250,"Prime Nutrition Optimus Pre-Workout Blue Raspberry 490 gram",0,1
9285,58,prime-nutrition-plaka-anahtarlik-6748,"Prime Nutrition Plaka Anahtarlık",0,1
9286,58,prime-nutrition-premium-anahtarlik-set-6747,"Prime Nutrition Premium Anahtarlık Set",0,1
9287,58,prime-nutrition-premium-team-havlu-6605,"Prime Nutrition Premium Team Havlu 30x100 cm.",0,0
9288,58,prime-nutrition-protein-pancake-6516,"Prime Nutrition Protein Pancake Çikolata 750 gram",0,1
9289,58,prime-nutrition-seffaf-shaker-500-ml-6421,"Prime Nutrition Şeffaf Shaker 500 ml.",0,0
9290,58,prime-nutrition-shaker-700-ml-6447,"Prime Nutrition Shaker 700 ml.",0,0
9291,58,pr-me-nutr-t-on-shaker-700-ml-sari-6623,"Prime Nutrition Shaker 700 ml. Sarı",0,0
9292,58,pr-me-nutr-t-on-shaker-700-ml-turuncu-6625,"Prime Nutrition Shaker 700 ml. Turuncu",0,0
9293,58,pr-me-nutr-t-on-shaker-700-ml-yes-l-6624,"Prime Nutrition Shaker 700 ml. Yeşil",0,0
9294,58,prime-nutrition-smooth-peanut-spread-6522,"Prime Nutrition Smooth Peanut Spread Yer Fıstığı 350 gram",0,1
9295,58,prime-nutrition-smooth-peanut-spread-6716,"Prime Nutrition Smooth Peanut Spread Çilek 350 gram",0,1
9296,58,prime-nutrition-smooth-peanut-spread-6715,"Prime Nutrition Smooth Peanut Spread Çikolata 350 gram",0,1
9297,58,prime-nutrition-whey-protein-6294,"Prime Nutrition Whey Protein Double Chocolate 2310 gram",0,0
9298,58,prime-nutrition-whey-protein-6293,"Prime Nutrition Whey Protein Cookie & Ice Cream 990 gram",0,1
9299,58,prime-nutrition-whey-protein-6290,"Prime Nutrition Whey Protein Cookie & Ice Cream 495 gram",0,0
9300,58,prime-nutrition-whey-protein-6490,"Prime Nutrition Whey Protein Double Chocolate 33 gram",0,0
9301,58,prime-nutrition-whey-protein-sachet-6517,"Prime Nutrition Whey Protein Sachet Mix 3 Adet x 33 gram",0,0
9302,58,prime-nutrition-whey-protein-6499,"Prime Nutrition Whey Protein Sachet Mix 66 Adet x 33 gram",0,0
9303,58,prime-nutrition-whey-protein-sachet-6520,"Prime Nutrition Whey Protein Sachet Cookie & Ice Cream 15 Adet x 33 gram",0,0
9304,58,prime-nutrition-whey-protein-sachet-6519,"Prime Nutrition Whey Protein Sachet Strawberry Cream 15 Adet x 33 gram",0,1
9305,58,prime-nutrition-whey-protein-sachet-6518,"Prime Nutrition Whey Protein Sachet Double Chocolate 15 Adet x 33 gram",0,0
9306,58,prime-nutrition-white-chocolate-ve-cookie-crispy-protein-spread-6718,"Prime Nutrition White Chocolate & Cookie Crispy Protein Spread 350 gram",0,1
9307,58,proteinmax-mavi-be-strong-silikon-bileklik-5805,"Proteinmax Mavi Be Strong Silikon Bileklik",0,0
9308,58,proteinmax-pembe-be-strong-silikon-bileklik-5804,"Proteinmax Pembe Be Strong Silikon Bileklik",0,1
9309,58,proteinmax-toz-saklama-hunisi-5831,"Proteinmax Toz Saklama Hunisi",0,1
9310,58,proteinmax-turuncu-be-strong-silikon-bileklik-5807,"Proteinmax Turuncu Be Strong Silikon Bileklik",0,1
9311,58,qnt-protein-wafer-6703,"Qnt Protein Wafer Belçika Çikolatası 12 Adet x 35 gram",0,1
9312,58,qnt-protein-wafer-6702,"Qnt Protein Wafer Belçika Çikolatası 35 gram",0,0
9313,58,rule1-whey-blend-6671,"Rule1 Whey Blend Chocolate Fudge 910 gram",0,0
9314,58,s4u-strike-series-creatine-glutamine-6588,"S4U Strike Series Creatine+Glutamine Aromasız 300 gram",0,1
9315,58,s4u-strike-series-glutamine-6590,"S4U Strike Series Glutamine Aromasız 300 gram",0,1
9316,58,s4u-strike-series-taurine-6589,"S4U Strike Series Taurine Aromasız 300 gram",0,1
9317,58,sis-go-energy-caffeine-gel-6659,"Sis Go Energy + Caffeine Gel Double Espresso 30 adet x 60 ml.",0,0
9318,58,sis-go-energy-caffeine-gel-6663,"Sis Go Energy + Caffeine Gel Double Espresso 60 ml.",0,1
9319,58,sis-go-energy-electrolyte-gel-6657,"Sis Go Energy + Electrolyte Gel Ahududu 60 ml.",0,0
9320,58,sis-go-energy-electrolyte-gel-6660,"Sis Go Energy + Electrolyte Gel Ahududu 30 adet x 60 ml.",0,0
9321,58,sis-go-sotonic-energy-gel-6658,"Sis Go İsotonic Energy Gel Elma 30 adet x 60 ml.",0,0
9322,58,sis-go-sotonic-energy-gel-6662,"Sis Go İsotonic Energy Gel Elma 60 ml.",0,0
9323,58,snck-protein-bar-6729,"SNCK Protein Bar Caramel Pop 12 Adet x 55 Gram",0,1
9324,58,snck-protein-bar-6728,"SNCK Protein Bar Choco Shot 55 gram",0,0
9325,58,snck-protein-bar-6727,"SNCK Protein Bar Caramel Pop 55 gram",0,1
9326,58,snck-protein-bar-6730,"SNCK Protein Bar Choco Shot 12 Adet x 55 Gram",0,1
9327,58,supplink-smart-shaker-600-ml-6510,"Supplink Smart Shaker 600 ml.",0,1
9328,58,trec-boogieman-5999,"Trec Boogieman  Tropikal 300 gram",0,0
9329,58,trec-clenburexin-90-kapsul-6017,"Trec Clenburexin 90 Kapsül 90 Kapsül",0,1
9330,58,trec-nutrition-amino-eaa-high-speed-6305,"Trec Nutrition Amino EAA High Speed Elma 300 gram",0,0
9331,58,trec-nutrition-boogieman-creatine-6631,"Trec Nutrition Boogie Creatine Tropikal Meyve 300 gram",0,0
9332,58,trec-nutrition-creatine-100-5926,"Trec Nutrition Creatine %100 Aromasız 300 gram",0,0
9333,58,trec-nutrition-multipack-multivitamin-6162,"Trec Nutrition Multipack - Multivitamin 60 Kapsül",0,0
9334,58,trec-nutrition-solid-mass-6164,"Trec Nutrition Solid Mass Çilek 3000 gram",0,1
9335,58,trio-move-33-fit-protein-bar-6632,"Trio Move %33 Fit Protein Bar Hibiskus 50 gram",0,0
9336,58,trio-move-33-fit-protein-bar-6577,"Trio Move %33 Fit Protein Bar Matcha 9 Adet x 50 gram",0,0
9337,58,trio-move-33-protein-bar-6572,"Trio Move %33 Protein Bar Çilek 9 Adet x 50 gram",0,0
9338,58,trio-move-33-protein-bar-6639,"Trio Move %33 Protein Bar Muz 50 gram",0,0
9339,58,trio-move-33-protein-bar-parcacikli-6573,"Trio Move %33 Protein Bar Parçacıklı Antep Fıstıklı 9 Adet x 50 gram",0,0
9340,58,trio-move-33-protein-bar-parcacikli-6641,"Trio Move %33 Protein Bar Parçacıklı Fındık 50 gram",0,0
9341,58,trio-move-33-protein-bar-parcacikli-6640,"Trio Move %33 Protein Bar Parçacıklı Antep Fıstıklı 50 gram",0,0
9342,58,trio-move-33-protein-bar-parcacikli-6575,"Trio Move %33 Protein Bar Parçacıklı Fındık 9 Adet x 50 gram",0,0
9343,58,trio-move-granola-bar-6643,"Trio Move Granola Bar Antep Fıstıklı 30 gram",0,0
9344,58,trio-move-granola-bar-6579,"Trio Move Granola Bar Antep Fıstıklı 18 Adet x 30 gram",0,0
9345,58,universal-animal-creatine-powder-6366,"Universal Animal Creatine Powder Aromasız 300 gram",0,0
9346,58,universal-animal-primal-pre-workout-6306,"Universal Animal Primal Pre-Workout Karpuz&Çilek 507.5 gram",0,0
9347,58,universal-fury-6565,"Universal Fury Yeşil Elma 322 gram",0,0
9348,58,vitargo-carboloader-6665,"Vitargo Carboloader Yaz Meyveleri 700 gram",0,0
9349,58,vitargo-electrolyte-5671,"Vitargo Electrolyte Limon 2000 gram",0,0
9350,58,vitargo-electrolyte-5670,"Vitargo Electrolyte Limon 1000 gram",0,0
9351,58,z-konzept-nutrition-whey-solate-6051,"Z-Konzept Nutrition Whey İsolate Çikolata 1800 gram",0,1
9352,58,z-konzept-nutrition-whey-solate-6050,"Z-Konzept Nutrition Whey İsolate Çikolata 900 gram",0,1
9353,58,zoomad-labs-creatine-monohydrate-6210,"Zoomad Labs Creatine Monohydrate Aromasız 300 gram",0,1
9354,58,zoomad-labs-moons-truck-anahtarlik-6721,"Zoomad Labs Moons Truck Anahtarlık",0,1
9355,58,zoomad-labs-moons-truck-pre-workout-6239,"Zoomad Labs Moons Truck Pre-Workout Candy Coke 510 gram",0,1
9356,58,zoomad-labs-shaker-700-ml-s-yah-6312,"Zoomad Labs Shaker Siyah 700 ml.",0,0
9357,58,zoomad-labs-shaker-700-ml-turuncu-6313,"Zoomad Labs Shaker Turuncu 700 ml.",0,0
9358,58,zoomad-labs-siyah-toz-saklama-hunisi-6720,"Zoomad Labs Siyah Toz Saklama Hunisi",0,1
9359,58,bigjoy-amino-reaal-5361,"Bigjoy Amino Reaal Portakal 420 gram",0,1
9360,58,bigjoy-aminobig-5359,"Bigjoy Aminobig 330 Tablet",0,1
9361,58,bigjoy-big2-bcaa-glutamine-6101,"Bigjoy Big2 Bcaa+Glutamine Vişne 600 gram",0,0
9362,58,bigjoy-big2-creatine-glutamine-5363,"Bigjoy Big2 Creatine+Glutamine Aromasız 505 gram",0,1
9363,58,bigjoy-bigmass-gh-factors-5369,"Bigjoy BigMass +Gh Factors Çilek 3000 gram",0,0
9364,58,bigjoy-bigmass-gh-factors-5366,"Bigjoy BigMass +Gh Factors Çilek 5000 gram",0,1
9365,58,bigjoy-citruline-malate-5548,"Bigjoy Citruline Malate Aromasız 300 gram",0,1
9366,58,bigjoy-super-shaker-600-ml-5573,"Bigjoy Super Shaker 500 ml.",0,1
9367,58,grenade-thermo-detonator-5444,"Grenade Thermo Detonator 100 Kapsül",0,1
9368,58,hardline-arginine-fusion-5556,"Hardline Arginine Fusion Portakal 650 gram",0,1
9369,58,hardline-beta-alanin-5586,"Hardline Beta Alanin 300 gram",0,0
9370,58,hardline-citrulline-5550,"Hardline Citrulline Aromasız 300 gram",0,0
9371,58,hardline-mct-oil-5587,"Hardline MCT Oil 500 ml.",0,1
9372,58,hardline-pillbox-5-bolmeli-5461,"Hardline PillBox Siyah 5 Bölmeli",0,1
9373,58,nutrend-yuzde-100-whey-protein-5544,"Nutrend %100 Whey Protein Cookie Cream 2250 gram",0,0
9374,58,nutrend-compress-bcaa-4-1-1-5382,"Nutrend Compress BCAA 4:1:1 Portakal 500 gram",0,1
9375,58,nutrend-l-carnitine-shot-3000-mg-5384,"Nutrend L-Carnitine Shot 3000 mg. Portakal 20 Ampül",0,1
9376,58,nutrever-l-carnitine-3000-liquid-5375,"Nutrever L-Carnitine 3000 Liquid Şeftali 20 Ampül",0,1
9377,58,nutrever-whey-solate-protein-5570,"Nutrever Whey İsolate Protein Çikolata 900 gram",0,1
9378,58,nutrever-whey-solate-protein-5569,"Nutrever Whey İsolate Protein Çikolata 1800 gram",0,1
9379,58,olimp-beta-alanin-mega-caps-5560,"Olimp Beta Alanin Mega Caps. 80 Tablet",0,1
9380,58,olimp-gold-omega-sport-edition-5604,"Olimp Gold Omega Sport Edition 120 Kapsül",0,1
9381,58,olimp-nockout-2-0-5618,"Olimp Nockout 2.0 Sakız 305 gram",0,1
9382,58,olimp-platinum-ginseng-5588,"Olimp Platinum Ginseng 60 Kapsül",0,1
9383,58,zeroshot-3000-mg-5499,"ZeroShot L-Carnitine 3000 mg. Portakal 12 Shot x 60 ml.",0,0
9529,57,difas-dil-temizleyici,"Difaş Dil Temizleyici",99,1
9649,57,harems-gul-yagi-50-ml,"Harems Gül Yağı  50 ml",98,1
9658,57,harems-nar-yagi-50-ml,"Harems Nar Yağı  50 ml",98,1
9681,57,lionesse-makas-101-b,"Lionesse Makas 101 B",98,1
9808,57,o-b-tampon-mini-16-li,"O.B Tampon Mini 16'lı",99,1
9835,57,poblex-burun-mandali,"Poblex Burun Mandalı",98,1
10013,57,solingen-makas-2022g,"Solingen Makas 2022G",98,1
10054,57,tnt-shaker-700-ml,"TNT Shaker  700 ml",94,1
10063,57,venatura-glisin-150-gr,"Venatura Glisin  150 Gr",99,1
10237,57,effive-zma-180-kapsul,"Effive ZMA  180 Kapsül",98,1
10297,57,ocean-5-htp-30-kapsul,"Ocean 5 Htp  30 Kapsül",98,1
10400,57,solgar-5-htp-30-kapsul,"Solgar 5-HTP  30 Kapsül",99,1
10489,57,hardline-askili-canta,"Hardline Askılı Çanta",99,1
10494,57,hardline-bileklik,"Hardline Bileklik",95,1
10496,57,hardline-shaker,"Hardline Shaker",93,1
10497,57,hardline-sapka,"Hardline Şapka",92,1
10499,57,hardline-pill-box,"Hardline Pill Box",95,1
10546,57,bigjoy-shaker-500-ml,"Bigjoy Shaker  500 ml",97,0
10712,57,trec-team-shaker,"Trec Team Shaker",94,0
10750,57,dragon-fitness-elcik,"Dragon Fitness Elcik",98,0
10765,57,hardline-ribose-300-gr,"Hardline Ribose  300 Gr",99,0
10914,57,ligone-demir-60-kapsul,"Ligone Demir  60 Kapsül",99,0
10922,57,redoxon-kids-60-tablet,"Redoxon Kids  60 Tablet",99,0
10991,57,solgar-n0-7-30-kapsul,"Solgar N0 7  30 Kapsül",98,0
11015,57,protein-ocean-havlu,"Protein Ocean Havlu",97,0
11065,57,sanmarco-smart-shaker,"Sanmarco Smart Shaker",99,0
11079,57,protein-tozu,"Protein Tozu",0,0
11080,57,izole-protein,"İzole Protein Tozu",0,0
11081,57,kazein-protein,"Kazein Protein",0,0
11082,57,soya-proteini,"Soya Proteini",0,0
11083,57,kompleks-protein,"Kompleks Protein",0,0
11084,57,et-protein,"Et Protein",0,0
11085,57,yumurta-proteini,"Yumurta Protein",0,0
11086,57,kilo-aldirici-gainer,Gainer,0,0
11087,57,amino-asit,"Amino Asit",0,0
11088,57,glutamin,Glutamin,0,0
11089,57,eaa-esansiyel-amino-asit,"EAA (Esansiyel Amino Asit)",0,0
11090,57,kompleks-amino-asitler,"Kompleks Amino Asitler",0,0
11091,57,arjinin,Arjinin,0,0
11092,57,aol,AOL,0,0
11093,57,kreatin,KREATİN,0,0
11094,57,performans-ve-guc,"Performans ve Güç",0,0
11095,57,guc-ve-performans,"Güç ve Performans",0,0
11096,57,enerji-ve-dayaniklilik,"Enerji ve Dayanıklılık",0,0
11097,57,karbonhidrat-ve-jel,"Karbonhidrat ve Jel",0,0
11098,57,kompleks-tribulus,"Kompleks Tribulus",0,0
11099,57,form,"Form ve Diyet",0,0
11100,57,karbonhidrat-engelleyici,"Karbonhidrat Engelleyici",0,0
11101,57,termojenik-urunler,"Termojenik Ürünler",0,0
11102,57,cla,CLA,0,0
11103,57,vitaminler-2,Vitaminler,0,0
11104,57,vitaminler,Vitaminler,0,0
11105,57,multivitaminler,Multivitaminler,0,0
11106,57,b-vitamini,"B Vitamini",0,0
11107,57,c-vitamini,"C Vitamini",0,0
11108,57,d-vitamini,"D Vitamini",0,0
11109,57,e-vitamini,"E Vitamini",0,0
11110,57,k-vitamini,"K Vitamini",0,0
11111,57,mineraller,Mineraller,0,0
11112,57,cinko,Çinko,0,0
11113,57,demir,Demir,0,0
11114,57,kalsiyum,Kalsiyum,0,0
11115,57,krom,Krom,0,0
11116,57,selenyum,Selenyum,0,0
11117,57,omega-3-balik-yagi,"Omega3 ve Balık Yağları",0,0
11118,57,glukozamin-ve-eklem,"Glukozamin ve Eklem",0,0
11119,57,kolajen-collagen,"Kolajen (Collagen)",0,0
11120,57,antioksidan,Antioksidan,0,0
11121,57,astaksantin,Astaksantin,0,0
11122,57,glutatyon,Glutatyon,0,0
11123,57,koenzim-q10-coq-10,"Koenzim Q10 (CoQ-10)",0,0
11124,57,kuersetin-quercetin,"Kuersetin (Quercetin)",0,0
11125,57,resveratrol,Resveratrol,0,0
11126,57,probiyotikler,Probiyotikler,0,0
11127,57,bitkisel,"Bitkisel Ürünler",0,0
11128,57,deve-dikeni-milk-thistle,"Deve Dikeni (Milk Thistle)",0,0
11129,57,ananas-bromelain-ekstresi,"Ananas Ekstresi (Bromelain)",0,0
11130,57,ginseng,Ginseng,0,0
11131,57,passiflora,Passiflora,0,0
11132,57,diger-bitkisel-urunler,"Diğer Bitkisel Ürünler",0,0
11133,57,takviyeler,"Diğer Takviyeler",0,0
11134,57,5-htp,"5 Htp",0,0
11135,57,pastil,Pastil,0,0
11137,57,kisisel-bakim,"Kişisel Bakım",0,0
11138,57,cilt,"CİLT BAKIM",0,0
11139,57,yuz-bakimi,"Yüz Bakımı",0,0
11140,57,el-ve-vucut-bakimi,"El ve Vücut Bakımı",0,0
11141,57,vucut-losyonlari,"Vücut Losyonları",0,0
11142,57,cilt-bakim-serumlari,"Cilt Bakım Serumları",0,0
11143,57,gunes-bakim,"Güneş Koruyucu ve Bakım Ürünleri",0,0
11144,57,kolonyalar,Kolonyalar,0,0
11145,57,tibbi-kremler,"Tıbbi Kremler",0,0
11146,57,agiz-bakim,"AĞIZ VE DİŞ BAKIM",0,0
11147,57,dis-macunu,"Diş Macunu",0,0
11148,57,dis-fircalari,"Diş Fırçaları",0,0
11149,57,agiz-bakim-suyu,"Ağız Bakım Suyu ve Gargara",0,0
11150,57,dis-ipleri,"Diş İpleri",0,0
11151,57,banyo,"BANYO ÜRÜNLERİ",0,0
11152,57,dus-jelleri,"Duş Jelleri",0,0
11153,57,banyo-sabunlari,"Banyo Sabunları",0,0
11154,57,kagit-ve-islak-mendiller,"Kağıt ve Islak Mendiller",0,0
11155,57,pamuk,Pamuk,0,0
11156,57,sac,"SAÇ BAKIMI",0,0
11157,57,sampuan,Şampuan,0,0
11158,57,kuru-sampuan,"Kuru Şampuan",0,0
11159,57,sac-kremi,"Saç Kremi",0,0
11160,57,sac-fircalari-taraklar,"Tarak ve Saç Fırçaları",0,0
11161,57,kadin-bakim,"KADIN BAKIM ÜRÜNLERİ",0,0
11162,57,kadin-hijyen,"Hijyen Ürünleri",0,0
11163,57,kadin-deodorant,"Kadın Roll-on, Deodorant",0,0
11164,57,erkek-bakim,"ERKEK BAKIM ÜRÜNLERİ",0,0
11165,57,tiras-bicaklari-ve-yedekleri,"Tıraş Bıçakları ve Yedekleri",0,0
11166,57,tiras-kopugu-jel-krem,"Tıraş Köpüğü, Jel, Krem",0,0
11167,57,erkek-roll-on-deodorant,"Erkek Roll-on, Deodorant",0,0
11168,57,epilasyon-agda-tiras,"EPİLASYON, AĞDA, TRAŞ",0,0
11169,57,medikal,"İLK YARDIM VE MEDİKAL",0,0
11170,57,kinesio-bant,"Kinesio Bant",0,0
11171,57,yara-bantlari-bandajlar,"Yara Bantları ve Bandajlar",0,0
11172,57,kulak-burun-tikaci,"Kulak ve Burun Tıkacı",0,0
11173,57,cinsel-saglik,"CİNSEL SAĞLIK",0,0
11174,57,ayak-bakimi,"EL ve AYAK BAKIMI",0,0
11175,57,tirnak-bakim,"Tırnak Bakım",0,0
11176,57,saglikli-yasam-beslenme,"Sağlıklı Yaşam & Beslenme",0,0
11177,57,proteinli-atistirmaliklar,"Proteinli Atıştırmalıklar",0,0
11178,57,protein-bar,"Protein Bar",0,0
11179,57,yulaf-musli-granola,"Yulaf, Müsli & Granola",0,0
11180,57,pirinc-kremasi,"Pirinç Kreması",0,0
11181,57,fistik-ezmesi-ezme-cesitleri,"Fıstık Ezmesi & Ezme Çeşitleri",0,0
11182,57,glutensiz-gidalar,"Glutensiz Gıdalar",0,0
11183,57,saglikli-soslar-tatlandiricilar,"Sağlıklı Soslar & Tatlandırıcılar",0,0
11184,57,dogal-macunlar,"Doğal Macunlar",0,0
11185,57,meyve-ozleri-ve-suruplar,"Meyve Özleri & Şuruplar",0,0
11186,57,dogal-fermente-sirkeler,"Doğal & Fermente Sirkeler",0,0
11187,57,baharatlar,Baharatlar,0,0
11188,57,fonksiyonel-icecekler,"Fonksiyonel İçecekler",0,0
11189,57,aksesuarlar,Aksesuarlar,0,0
11190,57,shaker-karistirici,"Shaker (Karıştırıcı)",0,0
11191,57,powder-phill-box,"Powder / Phill Box",0,0
11192,57,fitness-eldivenleri,"Fitness Eldivenleri",0,0
11193,57,spor-canta,"Spor Çanta",0,0
11194,57,agirlik-kemeri,"Ağırlık Kemeri",0,0
11195,57,antrenman-havlusu,"Antrenman Havlusu",0,0
11196,57,fitness-spor-giyim,"Fitness & Spor Giyim",0,0
11197,57,erkek-fitness-spor-giyim,"Erkek Fitness & Spor Giyim",0,0
11198,57,ust-giyim-10176,"Erkek Fitness & Spor Giyim",0,0
11199,57,kisa-kollu-spor-t-shirt-10178,"Erkek Fitness & Spor Giyim",0,0
11200,57,kolsuz-t-shirt-spor-atlet-10177,"Erkek Fitness & Spor Giyim",0,0
11201,57,diger-aksesuarlar,"Diğer Aksesuarlar",0,0
11239,63,victorinox-60930-rapid-beyaz-soyacak,"Victorinox 6.0930 Rapid Beyaz Soyacak",0,1
11240,63,troika-kisisel-bakim-cantasi-gri,"Troika Kişisel Bakım Çantası, Gri",0,1
11254,63,epicurean-handy-seri-kesme-tahtasi-23x19cmnatural,"Epicurean Pratik Serisi Natural Kesme Tahtası 23x19cm",0,1
11255,63,epicurean-handy-seri-kesme-tahtasi-36x19cmnatural,"Epicurean Pratik Serisi Natural Kesme Tahtası 36x19cm",0,1
11260,63,true-utility-eyeglass-buyutecli-anahtarlik-eos,"True Utility 234 Büyüteçli Anahtarlık",0,0
11261,63,true-utility-fixr-anahtarlik-eos,"True Utility 200B Fixr Anahtarlık",0,0
11262,63,true-utility-dawg-anahtarlik-eos,"True Utility 205 Dawg Anahtarlık",0,0
11263,63,true-utility-nailclipkit-tirnak-makasli-anah,"True Utility 215 Tırnak Makaslı Anahtarlık",0,0
11264,63,celestron-94217-925-dovetail-bar-tup-yerlestirme-kizagi,"Celestron 9.25"" Tüp Yerleştirme Kızağı",98,0
11267,63,true-utility-penselicakili-anahtarlik-eos,"True Utility 196 Penseli Çakı",0,0
11268,63,filmam-mantar-cakisi-kilifli-eos,"Filmam Mantar Çakısı",0,0
11269,63,diplomat-kartuj-6-li-syh,"Diplomat 10701023 6lı Siyah Yedek Kartuş",0,1
11270,63,zyliss-katlanir-mandolin-rende-ve-dograyici-eos,"Zyliss E11652 Katlanır Mandolin Rende",0,0
11271,63,colemason-mini-cube-tuzbiber-degirmenset-90mm-eos,"Cole & Mason H305418 Mini Cube 90mm Tuz ve Karabiber Değirmen Seti",0,0
11272,63,cole-mason-exeter-150mm-biber-degirmeni-eos,"Cole & Mason H59991P Exeter 150mm Biber Değirmeni",0,0
11273,63,epicurean-kitchenseri-kesmetahtasi-20x15cmnatural,"Epicurean Mutfak Serisi Natural Kesme Tahtası 20x15cm",0,1
11274,63,filmam-operario-caki-eos,"Filmam Operario Çakı",0,0
11275,63,filmam-operario-kilitli-caki-eos,"Filmam Operario Kilitli Çakı",0,0
11276,63,filmam-mini-douro-anahtarlikli-kahve-caki-eos,"Filmam Mini Douro Çakı",0,0
11277,63,filmam-bronze-titanyum-caki-eos,"Filmam Bronze Titanyum Çakı",0,0
11303,63,troika-code-24-anahtarlik,"Troika Code 24 Anahtarlık",0,1
11304,63,troika-mini-tool-anahtarlik,"Troika Mini Tool Anahtarlık",0,0
11305,63,troika-patent-kancali-anahtarlik-17005,"Troika Patent Kancalı Anahtarlık",0,0
11306,63,epicurean-allinon-serisi-natural-kesme-tahtasi-29x23cm,"Epicurean AllinOn Serisi Natural Kesme Tahtası 29x23cm",0,1
11315,63,victorinox-6711123-swiss-classic-soyma-bicagi-soyacak-2li-set-kirmizi,"Victorinox 6.7111.23 Swiss Classic Soyma Bıçağı + Soyacak 2li Set, Kırmızı",0,1
11317,63,buck-625-intrepid-bicak-syh-eos,"Buck 625 Intrepid Bıçak",0,1
11318,63,red-micarta-bicak-eos,"Buck 493 Waterfowler Bıçak",0,1
11319,63,vsa-inox-saat-icin-sbb-kit-cakikayis,"Victorinox 10157 INOX Saat için Kayış + Çakı Set",0,1
11345,63,buck-539-open-season-s-gulagaci-sapli-bicak-eos,"Buck 539 Open Season Small Bıçak",0,1
11348,63,troika-buddy-anahtarlik,"Troika Buddy Anahtarlık",0,0
11349,63,troika-mab-brezn-anahtarlik,"Troika Mab & Brezn Anahtarlık",0,0
11363,63,wenger-vintage-sport-chrsyh-kdrsyh-kys-kol-saati,"Wenger 01.1933.108 Vintage Sport Chrono 39.5mm Erkek Kol Saati",0,1
11364,63,wenger-vintage-sport-chrsyh-kdrsyh-kys-kol-saati-16256,"Wenger 01.1933.114 Vintage Sport Chrono 39.5mm Erkek Kol Saati",0,1
11366,63,vsa-alliance-l-gri-kdr-syh-kys-kol-saati-eos,"Victorinox 241765 Alliance Quartz Erkek Kol Saati",0,1
11375,63,diplomat-magnum-dolmakalem-f-softtouch-mavi-eos,"Diplomat D90131921 Magnum Mavi Dolma Kalem, Fine Uç",0,0
11376,63,zyliss-salata-pvc-salata-bicagi-eos,"Zyliss E71022.1 PVC Salata Bıçağı",0,0
11377,63,zyliss-silikonyaglama-firca-eos,"Zyliss E71567.1 Silikon Yağlama Fırçası",0,0
11380,63,zyliss-domates-soyacagi-eos,"Zyliss E71702.1 Domates Soyacağı",0,0
11381,63,zyliss-dograyici-ve-parcalayici-eos,"Zyliss E71721.1 Doğrayıcı ve Parçalayıcı",0,0
11383,63,swissgear-94132m-kucuk-boy-postaci-cantasi,"Swissgear 9.4132.M Küçük Boy Postacı Çantası",0,1
11385,63,epicurean-kitchen-seri-kasik-snatural,"Epicurean Mutfak Serisi Natural Kaşık, Small",0,0
11386,63,epicurean-kitchen-seri-koseli-spatulanatural,"Epicurean Mutfak Serisi Natural Köşeli Spatula",0,1
11387,63,epicurean-kitchen-seri-sote-spatulasinatural,"Epicurean Mutfak Serisi Natural Sote Spatulası",0,0
11393,63,victorionox-241879-alliance-xs-kadin-kol-saati,"Victorinox 241879 Alliance Small Quartz Kadın Kol Saati",0,1
11395,63,victorinox-2419801-journey-1884-erkek-kol-saati,"Victorinox 241980.1 Journey 1884 Otomatik Erkek Kol Saati",0,1
11396,63,teleskop-astro-fi-127-wi-fi-maksutov-eos,"Celestron AstroFi 127mm Maksutov-Cassegrain Bilgisayar Donanımlı Teleskop",0,0
11399,63,victorinox-5600615rad-15cm-siyirma-bicagi-cam-agaci,"Victorinox 5.6006.15RAD 15cm Çam Ağacı Sıyırma Bıçağı",54,1
11400,63,true-utility-nebo-bitbrite-40-lumen-led-fener-eos,"Nebo 6706.1 Bitbrite 40 Lümen Fener",0,0
11412,63,muela-viking-bicak11cmsyhmicarta-sapatesyakicili,"Muela Viking 11cm Ateş Başlatıcılı Bıçak, Micarta Sap",0,1
11415,63,victorinox-2419761-journey-1884-erkek-kol-saati,"Victorinox 241976.1 Journey 1884 Quartz Erkek Kol Saati",0,1
11423,63,vsa-journey-1884-syh-kdrclk-kys-kol-saati,"Victorinox 242009 Journey 1884 Quartz Erkek Kol Saati",0,1
11426,63,victorinox-a3645-toplu-igne,"Victorinox A.3645 Toplu İğne",21,0
11427,63,buyuk-makas-pense-yayi,"Victorinox A.3757 Büyük Makas Pense Yayı",0,1
11430,63,victorinox-a3640-anahtarlik-halkasi,"Victorinox A.3640 Anahtarlık Halkası",0,0
11431,63,yamuk-basli-kurdan,"Victorinox A.3641 Yamuk Başlı Kürdan",0,1
11432,63,yamuk-basli-cimbiz,"Victorinox A.3642 Yamuk Başlı Cımbız",0,1
11433,63,mini-tornavida,"Victorinox A.3643 Mini Tornavida",0,1
11434,63,uzun-tukenmez-kalem,"Victorinox A.3644 Uzun Tükenmez Kalem",0,1
11435,63,kisa-tukenmez-kalem-eos,"Victorinox A.6144 Kısa Tükenmez Kalem",0,1
11439,63,true-utility-trollydolly-anahtarlik-eos,"True Utility 237 Trolly Dolly Anahtarlık",0,0
11440,63,true-utility-cashstash-kumbarali-anaht-clk-eos,"True Utility 241 Kumbaralı Anahtarlık, Çelik",0,0
11441,63,tramontina-biftek-bicak-kizil-khv-13cm-13749,"Tramontina 21413-095 13cm Biftek Bıçağı",0,0
11442,63,victorinox-77340-18cm-duz-igne,"Victorinox 7.7340 18cm Düz Başlı İğne",61,0
11446,63,tramontina-biftek-bicak-kizil-khv-13cm,"Tramontina 21413-075 Biftek-Steak Bıçağı",0,0
11458,63,true-utility-nebo-tino-fener-300-lmn,"Nebo 6809 Tino 300Lümen Fener",0,1
11461,63,fischer-337-10c-10cm-domates-bicagi,"Fischer 337-10C 10cm Domates Bıçağı",64,0
11469,63,true-utility-cashstashkumbarali-anahtarlikpmb-eos,"True Utility 241P Kumbaralı Anahtarlık, Pembe",0,0
11470,63,true-utility-microtool-cakili-anahtarlik-eos,"True Utility 242 Microtool Çakılı Anahtarlık",0,0
11471,63,true-utility-skeleton-caki-eos,"True Utility 571 Skeleton Çakı",0,0
11472,63,true-utility-jacknife-caki-eos,"True Utility 576 Jacknife Çakı",0,0
11473,63,true-utility-connect-snaptrap-micro-anhtrlk-eos,"True Utility 907 Connect Micro Anahtarlık",0,0
11474,63,true-utility-nebo-lumo-fener-anahtarlik-syh-eos,"Nebo 6095 Lumo Fener Anahtarlık, Siyah",0,0
11475,63,true-utility-nebo-big-larry-2-fener-500-lumen-eos,"Nebo 6737 Big Larry 2 500 Lümen Fener",0,1
11476,63,nebo-6306-big-larry-400-lumen-fener,"Nebo 6306 Big Larry 400 Lümen Fener",0,1
11477,63,trueutility-skeeter-mosq-lantern-sinek-kovucu-eos,"Skeeter Mosq Lantern Sinek Kovucu",0,1
11478,63,vtg-lexicon-frequentflykbnvaliz23x35x55cmsyh-eos,"Victorinox 602101 Lexicon Kabin Boy Valiz",0,0
11481,63,victorinox-605325-professional-20-evrak-cantasi,"Victorinox 605325 Professional 2.0 Evrak Çantası",0,0
11483,63,vtg-airox-globalhrdsdcrryonbvl20x40x55kmavi-eos,"Victorinox 610921 Airox Kabin Boy Valiz",0,0
11484,63,vsa-original-syhkdrsyhkot-kys-kol-saati-eos,"Victorinox 241517 Original Quartz Erkek Kol Saati",0,0
11485,63,vsa-airboss-mechchrkgrikdrkhvkys-kols-eos,"Victorinox 241597 Airboss Otomatik Erkek Kol Saati",0,1
11486,63,vsa-airboss-mechchr-kgri-kdrkhv-kys-kol-saati-eos,"Victorinox 241710 Airboss Otomatik Erkek Kol Saati",0,1
11487,63,-kaukys-syh-tamp-kol-saati-eos-17450,"Victorinox 241719.1 I.N.O.X. Quartz Erkek Kol Saati",0,0
11488,63,vsa-inox-titanyum-gri-kdrgri-kys-kol-saati-eos,"Victorinox 241757 I.N.O.X. Quartz Erkek Kol Saati",0,0
11489,63,vsa-alliance-l-khv-kdrkhv-kys-kol-saati-eos,"Victorinox 241766 Alliance Quartz Erkek Kol Saati",0,1
11490,63,victekmek-bicagi-fibrox-sap-eos,"Victorinox 5.1633.18 Fibrox Ekmek Bıçağı",0,0
11491,63,victswibo-kemik-siyirma-bicagi-esnek15cmsari-eos,"Victorinox 5.8419.15 Swibo Esnek Sıyırma Bıçağı",0,0
11492,63,troika-atac-tutucu,"Troika Ataç Tutucu",0,1
11493,63,victkiwi-ve-domates-soyacagi-pembe-eos,"Victorinox 7.6079.5 Kivi ve Domates Soyacağı, Pembe",0,0
11494,63,victkesilmez-eldiven-soft-m,"Victorinox 7.6036.M Soft Kesilmez Eldiven",0,0
11495,63,wenger-seaforce-syh-kdr-syh-kys-kol-saati-eos,"Wenger 01.0641.117 Seaforce Kol Saati",0,1
11510,63,wenger-city-clas-gmskdrkhvderikys-kol-saati-eos,"Wenger 01.1421.102 City Kol Saati",0,0
11511,63,wenger-attitude-syh-kdrclk-kys-kol-saati-eos,"Wenger 01.1541.107 Attitude Kol Saati",0,0
11512,63,wenger-attitude-byz-kdrmavi-kys-kol-saati-eos,"Wenger 01.1541.113 Attitude Kol Saati",0,0
11516,63,wenger-urban-clas-byzkdrgoldorgu-kyskolsaati-eos,"Wenger 01.1741.112 Urban Kol Saati",0,1
11517,63,wenger-urban-clas-s-gmskdrkhvderikys-kolsaati-eos,"Wenger 01.1741.124 Urban Kol Saati",0,1
11518,63,wenger-urban-clas-chrbyzkdrsyhderi-kyskol-sa-eos,"Wenger 01.1743.118 Urban Kol Saati",0,1
11519,63,wenger-roadster-shykdrsyhd-kys-kolsaati-eos,"Wenger 01.1841.101 Roadster Kol Saati",0,0
11542,63,diplomat-volute-dolmakalem-m-eos,"Diplomat 40310025 Aero Volute Dolma Kalem, Medium Uç",0,1
11544,63,cole-mason-bobbi-185-mm-biber-degirmeni-eos,"Cole & Mason H57271P Bobbi 185mm Biber Değirmeni",0,0
11567,63,troika-schonen-urlaub-anahtarlik,"Troika Schonen Urlaub Anahtarlık",0,0
11569,63,zyliss-soyacakbicakysl,"Zyliss E950001.1 Soyacak + Bıçak, Yeşil",0,0
11570,63,zyliss-soyacakbicakkrm-eos,"Zyliss E950002.1 Soyacak + Bıçak, Kırmızı",0,0
11572,63,zyliss-suzgecli-kasik-eos-16347,"Zyliss E71645.1 Süzgeçli Kaşık",0,0
11577,63,troika-construction-versatil-kalemgms,"Troika Construction Verstail Kalem, Gümüş",0,1
11589,63,troika-seyahat-portfoy-cuzdangri,"Troika Seyahat Portföy Cüzdan, Gri",0,0
11590,63,troika-trolley-organizer-cantasyh,"Troika Trolley Organizer Çanta, Siyah",0,0
11591,63,victorinox-609303-rapid-siyah-soyacak,"Victorinox 6.0930.3 Rapid Siyah Soyacak",0,1
11598,63,troika-bel-cantasisyh,"Troika Bel Çantası",0,0
11607,63,maserin-espo-12,"Maserin ESPO-12-B-1 Espo Çakı",0,1
11608,63,a-caki-seti,"Maserin ESPO-12-A-1 Espo Çakı",0,0
11611,63,troika-notluk-a5tukenmez-kalemsari,"Troika Notluk A5+Tükenmez Kalem, Sarı",0,0
11627,63,buck-mossy-oak-blaze-orange-camo-sapka-eos,"Buck Mossy Oak Camo Şapka",0,0
11645,63,troika-notluk-a5tukenmez-kalemsyh-16854,"Troika Notluk A5+Tükenmez Kalem,Siyah",0,1
11659,63,vtg-brand-collection-deluxe-berekirmizi,"Victorinox 611133 Deluxe Bere, Kırmızı",40,1
11660,63,vtg-brand-collection-deluxe-beregri,"Victorinox 611134 Deluxe Bere, Gri",0,0
11704,63,petromax-feuerhand-fener-buzlu-cami,"Feuerhand 276 Gazlı Fener Buzlu Camı",0,1
11741,63,epicurean-pizza-tahtasi-43x25cmnatural,"Epicurean Natural Pizza Tahtası 43x25cm",0,0
11744,63,troika-blue-cycle-bel-cantasimavi,"Troika Blue Cycle Bel Çantası",0,0
11745,63,troika-kablo-ve-elektronikaksesuar-tasima-cntmavi,"Troika Kablo ve Elektronik Aksesuar Çantası",0,0
11746,63,troika-kleopatra-anahtarlik,"Troika Kleopatra Anahtarlık",0,0
11753,63,troika-business-on-top-organizer-cantakgri,"Troika Business On Top Organizer Çanta",0,0
11754,63,zyliss-soyma-bcg-10cm-tstagiz-krm-stnd-12li-tekli,"Zyliss E920021 10cm Kırmızı Testere Ağızlı Soyma Bıçağı",0,0
11755,63,zyliss-soyma-bicagi-7cm-sari-stand-12li-tekli,"Zyliss E920023.1 7 cm Soyma Bıçağı",0,0
11758,63,buck-264-cavalier-caki-kilitligrikutu,"Buck 264 Cavalier Kilitli Çakı, Gri",0,0
11760,63,buck-658-pursuit-bicakyslblister,"Buck 658 Pursuit Bıçak, Yeşil, Blisterli",0,1
11768,63,zyliss-e920020-renkli-6-parca-blok-set,"Zyliss E920020 Renkli 6 Parça Blok Set",0,0
11770,63,victwright-ls-gomlek-280-gr-mavi-l,"Victorinox M50079 Wright Mavi Gömlek - L",92,0
11771,63,victwright-ls-gomlek-280-gr-mavi-m,"Victorinox M50079 Wright Mavi Gömlek - M",92,0
11772,63,victwright-ls-gomlek-280-gr-mavi-xl,"Victorinox M50079 Wright Mavi Gömlek - XL",93,0
11802,63,celestron-x-cel-lx-5mm-125-mercek,"Celestron X-CEL LX 5mm 1.25"" Mercek",0,0
11803,63,celestron-x-cel-lx-7mm-125-mercek,"Celestron X-CEL LX 7mm 1.25"" Mercek",0,0
11804,63,celestron-x-cel-lx-9mm-125-mercek,"Celestron X-CEL LX 9mm 1.25"" Mercek",0,0
11805,63,celestron-x-cel-lx-18mm-125-mercek,"Celestron X-CEL LX 18mm 1.25"" Mercek",0,1
11874,63,vsa-alliance-mavi-kdr2ton-clk-kys-kol-saati,"Victorinox 241911 Alliance Quartz Erkek Kol Saati",0,1
11875,63,vsa-maverick-khv-kdr2ton-clk-kys-kol-saati,"Victorinox 241951 Maverick Quartz Erkek Kol Saati",0,1
11876,63,vsa-airboss-mechsyh-kdrkhv-deri-kys-kol-saati,"Victorinox 241973 Airboss Otomatik Erkek Kol Saati",0,0
11885,63,teleskop-astromaster-70eq-eos,"Celestron 21062 Astromaster 70EQ Teleskop",0,1
11886,63,mikroskop-kit-28-parca-kilifta-eos,"Celestron 44120 28 parça Mikroskop Seti",0,1
11888,63,petromax-feuerhand-fener-yakma-mekanizmasi-kolu,"Feuerhand 276 Gazlı Fener Yakma Mekanizması Kolu",0,1
11891,63,wenger-seaforce-chrsyh-kdrclk-kys-kol-saati-eos,"Wenger 01.0643.109 Seaforce Chrono Quartz Erkek Kol Saati",0,1
11892,63,wenger-seaforce-chrpetrol-kdrclk-kys-kolsaat-eos,"Wenger 01.0643.115 Seaforce Chrono Quartz Erkek Kol Saati",0,1
11894,63,t-reign-0trg-00h-essentionals-outdoor-3lu-aksesuar-seti-blisterli,"Key-Bak 0TRG-00H T-Reign Essentionals Outdoor 3lü Aksesuar Seti (Blisterli)",0,1
11895,63,vsa-airboss-mechsyh-kdrclk-kys-kol-saati-eos,"Victorinox 241888 Airboss Mekanik Erkek Kol Saati",0,0
11896,63,vsa-fieldforce-sport-chr-syh-sari-kdrsyh-kys-eos,"Victorinox 241892 Fieldforce Sport Quartz Erkek Kol Saati",0,1
11897,63,paracord-kyskol-saati-eos,"Victorinox 241955 I.N.O.X. Quartz Kadın Kol Saati",0,1
11898,63,victorinox-678332-2li-dmts11cm-tirtikli-bckblst,"Victorinox 6.7833.2 2li 12cm Tırtıklı Domates Bıçağı",0,0
11899,63,victorinox-6800119c1b-19cm-duz-sef-bicagi-kirmizi-blisterli,"Victorinox 6.8001.19C1B 19cm Düz Şef Bıçağı, Kırmızı, Blisterli",0,0
11901,63,victorinox-06463b-tirnakmakasli-cakikrmblister,"Victorinox 0.6463.B Tırnak Makaslı Çakı, Kırmızı, Blisterli",0,1
11918,63,victsef-cantasi-rulo-buyuk-boy-gri,"Victorinox 7.4010.82 Büyük Şef Çantası - Boş Rulo",71,1
11921,63,victorinox-7401056-kucuk-sef-cantasi-rulo,"Victorinox 7.4010.56 Küçük Şef Çantası - Boş Rulo",71,1
11929,63,wenger-urban-clas-syh-kdrsyh-msh-kys-kolsaati-eos,"Wenger 01.1741.137 Urban Classic Kol Saati",0,1
11937,63,petromax-feuerhand-fener-cami,"Feuerhand 276 Gazlı Fener Camı",0,0
11939,63,tramontina-jumbo-biftek-bicak-kizilkhv13cm,"Tramontina 21116-075 Jumbo Kızıl Kahverengi Biftek Bıçağı",0,0
11951,63,vsa-inox-37-byz-kdrgms-bezelmavi-kys-kol-saati,"Victorinox 241919 I.N.O.X. V Quartz Kadın Kol Saati",0,1
11962,63,troika-dirdl-anahtarlik,"Troika Dirdl  Anahtarlık",0,0
11974,63,victorinox-30902-venture-bicak-kirmizi,"Victorinox 3.0902 Venture Bıçak, Kırmızı",0,1
11975,63,victorinox-309023-venture-bicak-siyah,"Victorinox 3.0902.3 Venture Bıçak, Siyah",0,1
11976,63,victorinox-309024-venture-bicak-yesil,"Victorinox 3.0902.4 Venture Bıçak, Yeşil",0,1
11977,63,victbileme-tasi-khv,"Victorinox 4.1325 Bileme Taşı, Kahverengi",0,1
11978,63,victventure-pro-kit-bileme-tasiates-yakma-cubugu,"Victorinox 4.0540 Venture Pro Kit, Bileme Taşı + Ateş Çubuğu",0,1
11979,63,victates-yakma-cubugu,"Victorinox 4.1333 Ateş Yakma Çubuğu",0,1
11993,63,0303-131-key-bak,"Key-Bak 0303-131 Kemer Klipsli Anahtarlık Halkası",0,1
11994,63,victorinox-606744-altmont-original-laptop-sirt-cantasi-kirmizi,"Victorinox 606744 Altmont Original Laptop Sırt Çantası, Kırmızı",0,1
12013,63,vsa-241728-night-vision-chronograph,"Victorinox 241728 Night Vision Chrono Quartz Erkek Kol Saati",0,0
12030,63,buck-982-brazen-le2017-bicaks30v-eos,"Buck 982 Brazen 2017 Limitli Üretim Bıçak",0,0
12031,63,buck-408-kalinga-le-buffalo-bicak-eos,"Buck 408 Kalinga Limitli Üretim Bıçak",0,0
12043,63,wenger-seagforce-chr-43siyah-kdrsarikys-kol-saat,"Wenger 01.0643.129 Seaforce Chrono Quartz Erkek Kol Saati",0,1
12052,63,wenger-seaforce-chr-43siyah-kdrclk-kys-kol-saati,"Wenger 01.0643.123 Seaforce Chrono Quartz Erkek Kol Saati",0,1
12088,63,troika-drhtzieher-anahtarlik,"Troika Drhtzieher Anahtarlık",0,0
12114,63,sigg-therm-one-termos-05ltarcin,"Sigg 6022.40 Therm One 0,5L Termos, Tarçın",0,1
12117,63,deri-caki-kilifi-m-koyu-kahve,"Deri Çakı Kılıfı , M , Koyu Kahve",58,1
12118,63,deri-caki-kilifi-l-koyu-kahve,"Deri Çakı Kılıfı , L , Koyu Kahve",59,1
12120,63,buck-499-paklite-guthook-clk-bicak-eos,"Buck 499 Paklite Guthook Bıçak",0,0
12147,63,filmam-kahverengi-deri-caki-kilifi,"Filmam Kahverengi Deri Çakı Kılıfı",20,1
12162,63,diplomat-d10701024-6li-mavi-kartus,"Diplomat D10701024 6lı Mavi Kartuş",0,0
12165,63,teleskop-cametron-firstscope-eos,"Celestron 21023 Cametron Firstscope Teleskop",0,0
12166,63,zyliss-rotary-peynir-rendesi-eos,"Zyliss E11283 Rotary Peynir Rendesi",0,0
12194,63,buck-262-hexam-cakigrikutu,"Buck 262 Hexam Çakı, Gri",0,0
12195,63,buck-263-hiline-caki-kilitligrikutu,"Buck 263 Hi Line Çakı, Gri",0,0
12201,63,diplomat-d20000353-5-guilloche-kalem-seti,"Diplomat D20000353-5 Guilloche Kalem Seti",92,1
12225,63,buck-251-langford-cakiyslkutu,"Buck 251 Langford Çakı, Yeşil",0,0
12229,63,troika-e-bike-anahtarlik,"Troika E-Bike Anahtarlık",0,1
12230,63,troika-love-is-in-the-air-anahtarlik-16760,"Troika Love Is In The Air Anahtarlık",0,0
12231,63,troika-pusula-anahtarlik,"Troika Pusula Anahtarlık",0,0
12240,63,victorinox-611132-bere-gri,"Victorinox 611132 Bere, Gri",34,1
12241,63,victorinox-612486-basic-sapka-siyah,"Victorinox 612486 Basic Şapka, Siyah",40,1
12260,63,troika-koala-baby-anahtarlik,"Troika Koala Baby Anahtarlık",0,0
12287,63,buck-6918-tisort-medium,"Buck Tişört",68,1
12297,63,victswissclassic-ekmek-bck21cmkrmb68631,"Victorinox Swiss Classic 21cm Tırtıklı Ekmek Bıçağı, Kırmızı, Blisterli",0,1
12299,63,victorinox-611130-bere-kirmizi,"Victorinox 611130 Bere, Kırmızı",34,1
12303,63,viictsef-bicagi-fibrox-duz-20cmsyhblister,"Victorinox Fibrox 20cm Düz Şef Bıçağı, Siyah, Blisterli",0,0
12304,63,victsantoku-bicagi-fibrox17cmsyhblister,"Victorinox Fibrox 17cm Santoku Bıçağı, Siyah, Blisterli",0,0
12307,63,optik-tup-edge-hd-925,"Celestron EdgeHD 9.25"" Optik Tüp",0,1
12318,63,buck-385brs-toothpick-kutulu,"Buck 385 Toothpick Çakı",0,0
12319,63,teleskop-powerseeker-76az-eos,"Celestron 21044 Powerseeker 76AZ Teleskop",0,0
12388,63,troika-yes-anahtarlik,"Troika Yes Anahtarlık",0,0
12404,63,troika-volswagen-anahtarlik,"Troika Volkswagen  Anahtarlık",0,0
12406,63,troika-baumhaus-anahtarlik,"Troika Baumhaus Anahtarlık",0,1
12422,63,optik-tup-8,"Celestron EdgeHD 8"" Optik Tüp",0,1
12438,63,buck-239-infusion-caki-g10-yuzeyyslkutu,"Buck 239 Infusion G10 Yüzey Çakı, Yeşil",0,0
12439,63,buck-239-infusion-caki-g10-yuzeysyhkutu,"Buck 239 Infusion G10 Yüzey Çakı, Siyah",0,0
12443,63,victekmek-bicagi-fibrox-tirtikli21cmsyhblister,"Victorinox Fibrox 21cm Tırtıklı Ekmek Bıçağı, Siyah, Blisterli",0,0
12444,63,victorinox-swiss-classic-11cm-tirtikli-domates-bicagi-mavi,"Victorinox Swiss Classic 11cm Tırtıklı Domates Bıçağı, Mavi",0,0
12463,63,victswiss-classic-soyma-bicagi8cmkrm,"Victorinox Swiss Classic 8 cm Düz Soyma Bıçağı, Kırmızı",0,1
12464,63,victswissclassic-biftek-bck-2li-12cmsyhblister,"Victorinox Swiss Classic 12cm Düz Biftek Bıçağı, Siyah, Blisterli",0,1
12472,63,tramontina-kasap-bicagi20cm,"Tramontina 20cm Kasap Bıçağı",0,0
12473,63,tramontina-kasap-bicagi23cm,"Tramontina 23cm Kasap Bıçağı",0,0
12476,63,troika-never-give-up-anahtarlik,"Troika Never Give Up Anahtarlık",0,1
12478,63,troika-pumps-anahtarlik,"Troika Pumps Anahtarlık",0,1
12496,63,celestron-93653-a-1-25-visual-back,"Celestron 1.25"" Visual Back",86,1
12502,63,tramontina-plenus-3adbicak-setsyh-sapli,"Tramontina Plenus 3'lü Bıçak Seti",0,0
12503,63,vsa-journey-auto-1884mavi-kdrclk-kyskol-saati,"Victorinox 242010 Journey 1884 Otomatik Erkek Kol Saati",0,1
12515,63,victorinox-2419931-dive-pro-quartz-erkek-kol-saati,"Victorinox 241993.1 Dive Pro Quartz Erkek Kol Saati",0,1
12516,63,vsa-journey-1884mavi-kdrclk-kys-kol-saati,"Victorinox 241978 Journey 1884 Quartz Erkek Kol Saati",0,1
12529,63,mikroskop-deluxe-handheld-digital-blisterli-eos,"Celestron Deluxe El Tipi Dijital Mikroskop",0,0
12531,63,aero-dolmakalem-syh-trnc-gri-uc-f-16969,"Diplomat 15030123 Aero Dolma Kalem Ucu, Fine",0,0
12532,63,aero-dolmakalem-syh-trnc-gri-uc-b-16970,"Diplomat 15030128 Aero Dolma Kalem Ucu, Bold",0,0
12562,63,muela-kodiak-bicak-10cmsyh-micarta-sapli,"Muela Kodiak 10cm Bıçak, Micarta Sap",0,1
12563,63,khv-micarta-sapli,"Muela Lakhota 12,5cm Bıçak, Micarta Sap",0,1
12564,63,muela-lakhota-bicak-125cmmercan-agaci-sapli,"Muela Lakhota 12,5cm Bıçak, Mercan Sap",0,1
12565,63,muela-husky-bicak-11cmgulagaci-sapli,"Muela Husky 11cm Bıçak, Gül Ağacı Sap",0,1
12566,63,muela-ibex-bicak-8cmzeytinagaci-sapli,"Muela Ibex 8cm Bıçak, Zeytinağacı Sap",0,1
12567,63,muela-leopar-bicak-16cmgeyik-boynuzu-sapli,"Muela Leopar 16cm Bıçak, Geyik Boynuzu Sap",0,0
12568,63,muela-aslan-bicak-16cmgeyik-boynuzu-sapli,"Muela Aslan 16cm Bıçak, Geyik Boynuzu Sap",0,0
12575,63,muela-chevreuil-bicak-22cmmercan-agaci-sapli,"Muela CHEVREUIL-22R Chevreuil 22cm Bıçak, Mercan Sap",0,1
12581,63,mavi-micarta-sapli,"Muela Pointer 12cm Bıçak, Micarta Sap",0,1
12582,63,muela-pointer-bicak-12cmmercan-agaci-sapli,"Muela Pointer 12cm Bıçak, Mercan Sap",0,0
12583,63,muela-navajas-pq-caki-95cmzeytinagaci-yuzeyli,"Muela Navajas PQ 9,5cm Çakı, Zeytniağacı Sap",0,1
12584,63,muela-sabueso-bicak-11cmgeyik-boynuzu-sapli,"Muela Sabueso 11cm Bıçak, Geyik Boynuzu Sap",0,0
12586,63,muela-tuareg-bicak-10cmkhv-micarta-sapli,"Muela Tuareg 10cm Bıçak, Micarta Sap",0,1
12587,63,muela-viking-bicak-11cmsyh-micarta-sapli,"Muela Viking 11cm Bıçak, Micarta Sap",0,1
12624,63,muela-chevreuil-bicak-22cmgeyik-boynuzu-sapli,"Muela CHEVREUIL-22S Chevreuil 22cm Bıçak, Geyik Boynuzu Sap",0,0
12625,63,muela-colibri-bicak-7cmpakkawood-agac-sapli,"Muela COL-7M Colibri 7cm Bıçak, Pakkawood Sap",0,1
12635,63,muela-mirage-bicak-18cmsyh-kaucuk-sapli,"Muela Mirage 18cm Bıçak, Kauçuk Sap",0,1
12636,63,muela-mirage-bicak-23cmsyh-kaucuk-sapli,"Muela Mirage 23cm Bıçak, Kauçuk Sap",0,1
12637,63,muela-mouse-bicak-6cmmercan-agaci-sapli,"Muela Mouse 6cm Bıçak, Mercan Sap",0,0
12643,63,muela-gl-caki-95cm-damascuskingwood-agac-yuzeyli,"Muela GL 9,5cm Damascus Çakı, Kingwood Sap",0,1
12644,63,muela-gl-caki-95cmysl-mercan-agac-yuzey,"Muela GL 9,5cm Yeşil Çakı, Mercan Sap",0,1
12645,63,muela-gl-caki-95cmmercan-agac-yuzeyli,"Muela GL 9,5cm Çakı, Mercan Sap",0,1
12646,63,muela-gredos-bicak-12cmgeyik-boynuzu-sapli,"Muela Gredos 12cm Bıçak, Geyik Boynuzu Sap",0,1
12651,63,muela-ibex-bicak-8cmsyh-micarta-sapli,"Muela Ibex 8cm Bıçak, Micarta Sap",0,0
12652,63,muela-ibex-bicak-8cmmercan-agaci-sapli,"Muela Ibex 8cm Bıçak, Mercan Sap",0,0
12666,63,victorinox-405243-111mm-deri-kilif,"Victorinox 4.0524.3 111mm Deri Kılıf",36,0
12668,63,buck-11606-navy-logo-patch-sapka,"Buck Navy Logo Patch Şapka",85,0
12670,63,buck-11712-vintage-star-tisort-medium,"Buck Vintage Star Tişört - Medium",96,1
12671,63,buck-11713-vintage-star-tisort-large,"Buck Vintage Star Tişört - Large",95,1
12674,63,victorinox-40519-deri-kilif-064-serisi,"Victorinox 4.0519 Deri Kılıf 0.64.. Serisi",42,0
12678,63,vtg-ta-50-deluxe-concealed-bel-cantasi-rfidsyh,"Victorinox 610601 TA 5.0 Deluxe Concealed Bel Çantası, RFID, Siyah",0,1
12680,63,victorinox-610609-ta-50-kisisel-esya-cantasi-siyah,"Victorinox 610609 TA 5.0 Kişisel Eşya Çantası, Siyah",0,0
12681,63,vtg-vx-sport-evo-deluxe-sirt-cantasimavi,"Victorinox 611418 VX Sport Evo Deluxe Sırt Çantası, Mavi",0,1
12682,63,victorinox-611422-vx-sport-evo-sirt-cantasi-valiz-siyah,"Victorinox 611422 VX Sport Evo Sırt Çantası - Valiz, Siyah",0,0
12684,63,vtg-touring-20-city-daypack-sirt-cantasisyh,"Victorinox 612116 Touring 2.0 City Daypack Sırt Çantası, Siyah",0,1
12686,63,vtg-touring-20-traveler-sirt-cantasigri,"Victorinox 612119 Touring 2.0 Traveller Sırt Çantası, Gri",0,1
12704,63,troika-bordeaux-anahtarlik,"Troika Bordeaux Anahtarlık",0,0
12803,63,muela-tanto-bck-18cm-teflon-kaplamasyh-kaucuk-sap,"Muela Tanto 18cm Bıçak, Kauçuk Sap",0,0
12804,63,muela-tanto-bicak-19cmsyh-kaucuk-sapli,"Muela Tanto 19cm Bıçak, Kauçuk Sap",0,1
12805,63,muela-tejon-bicak-16cmgeyik-boynuzu-sapli,"Muela Tejon 16cm Bıçak, Geyik Boynuzu Sap",0,1
12836,63,troika-thank-god-anahtarlik,"Troika Thank God Anahtarlık",0,1
12866,63,optik-tupassy-11-edge-h,"Celestron EdgeHD 11"" Optik Tüp",0,1
12867,63,victrapid-julyen-soyacakbyz,"Victorinox 6.0934 Rapid Beyaz Jülyen Soyacak",0,1
12868,63,victrapid-julyen-soyacaksyh,"Victorinox 6.0934.3 Rapid Siyah Jülyen Soyacak",0,1
12871,63,epicurean-pizza-tahtasi-43x25cmsyh,"Epicurean Siyah Pizza Tahtası 43x25cm",0,1
12872,63,epicurean-pizza-tahtasi-55x36cmnatural,"Epicurean Natural Pizza Tahtası 55x36cm",0,1
12873,63,epicurean-pizza-tahtasi-55x36cmsyh,"Epicurean Siyah Pizza Tahtası 55x36cm",0,1
12887,63,troika-girls-best-friend-frosty-anahtarlik,"Troika Girls Best Friend Frosty Anahtarlık",0,0
12888,63,troika-2-way-key-silver-anahtarlik,"Troika 2-Way Anahtarlık",0,0
12905,63,victorinox-swiss-army-241851-fieldforce-saat,"Victorinox 241851 FieldForce Quartz Erkek Kol Saati",44,1
12907,63,victorinox-swiss-army-241854-fieldforce-kronometreli-saat,"Victorinox 241854 FieldForce Chrono Quartz Erkek Kol Saati",57,1
12909,63,victorinox-swiss-army-241856-fieldforce-kronometreli-saat,"Victorinox 241856 FieldForce Chrono Quartz Erkek Kol Saati",57,1
12924,63,troika-easy-rider-ataslik,"Troika Easy Rider Ataşlık",0,1
12925,63,troika-forever-t1-kalemlik,"Troika Forever T1 Kalemlik",0,1
12926,63,wenger-011731112-metropolitan-donnissima-saat,"Wenger 01.1731.112 Metropolitan Donnissima Saat",47,1
12930,63,buck-239-infusion-caki-g10-yuzeysyhblister,"Buck 239 Infusion G10 Yüzey Çakı, Siyah, Blister",0,0
12931,63,buck-239-infusion-caki-g10-yuzeyayslkutu,"Buck 239 Infusion G10 Yüzey Çakı, Açık Yeşil",0,0
12932,63,buck-239-infusion-cakimavikutu,"Buck 239 Infusion Çakı, Mavi",0,0
12935,63,diplomat-spacetec-gas-refill-blister,"Diplomat D10301265 Spacetec Mavi Gaz Refil",79,0
12938,63,diplomat-kartuj-6li-kutuda-stand-20li-syh,"Diplomat D10275204 6lı Siyah Kartuş",69,0
12944,63,muela-comf-bicak-125cmmercan-agac-saplii,"Muela COMF-11R 12,5cm Bıçak, Mercan Sap",0,1
12945,63,muela-elephant-bicak-16cmfilli-geyik-boyunuzu-sap,"Muela ELEPHANT-16BF Elephant 16cm Bıçak, Geyik Boynuzu Sap",0,0
12946,63,muela-gavilan-bicak-15cmsyh-micarta-sapli,"Muela GAVILAN-M Gavilan 15cm Bıçak, Micarta Sap",0,1
12953,63,muela-bowie-bicak-14cmmercan-agaci-sapli,"Muela BWF-14 Bowie 14cm Bıçak, Mercan Sap",0,1
12954,63,muela-cazorla-bicak-16cmgeyik-boynuzu-sapli,"Muela CAZ-16 Cazorla 16cm Bıçak, Geyik Boynuzu Sap",0,0
12955,63,muela-bowie-bicak-75cmdamascusgeyikboynuzu-sapli,"Muela BW-6DAM Bowie 7,5cm Damascus Bıçak, Geyik Boynuzu Sap",0,0
12956,63,muela-navaja-caki-85cmzeytinagaci-yuzeyli,"Muela Navaja 8,5cm Çakı, Zeytinağacı Sap",0,1
12958,63,victorinox-77342-24cm-igne,"Victorinox 7.7342 24cm Düz Başlı İğne",81,0
12963,63,victorinox-swiss-army-241889-fieldforce-sport-chrono-kol-saati,"Victorinox 241889 FieldForce Chrono Quartz Erkek Kol Saati",0,1
12971,63,muela-gredos-bicak-16cmgeyik-boynuzu-sapli,"Muela Gredos 16cm Bıçak, Geyik Boynuzu Sap",0,0
12972,63,muela-gredos-bicak-165cmgeyik-boynuzu-sapli,"Muela Gredos 16,5cm Bıçak, Geyik Boynuzu Sap",0,0
12978,63,muela-panzer-caki-syh-teflon-kaplama10cmbej,"Muela Panzer 10cm Çakı, Teflon Sap",0,0
12979,63,muela-peccary-bicak-7cmtrnc-canvas-micarta-sapli,"Muela Peccary 7cm Turuncu Bıçak, Kanvas Micarta Sap",0,1
12980,63,muela-peccary-bicak-7cmsyh-canvas-micarta-sapli,"Muela Peccary 7cm Siyah Bıçak, Kanvas Micarta Sap",0,1
12981,63,muela-mustang-bicak-8cmmercan-agaci-sapli,"Muela Mustang 8cm Bıçak, Mercan Sap",0,0
12982,63,muela-navajas-caki-85cm-kilitligrandila-agac-yzy,"Muela Navajas 8,5cm Kilitli Çakı, Grandila Sap",0,1
12983,63,wenger-avenue-mavi-kdrgri-kys-kol-saati,"Wenger 01.1641.119 Avenue Kol Saati",0,0
13015,63,victorinox-77343-20cm-igne,"Victorinox 7.7343 20cm Yamuk Başlı İğne",80,1
13024,63,buck-adult-sapka-yesil,"Buck Adult Şapka, Yeşil",79,1
13025,63,buck-adult-sapka-siyah,"Buck Adult Şapka, Siyah",81,1
13026,63,vtg-altmont-original-laptop-sirt-cantasisyh,"Victorinox 606742 Altmont Original Laptop Sırt Çantası, Siyah",0,1
13034,63,troika-lederhose-anahtarlik,"Troika Lederhose  Anahtarlık",0,0
13036,63,troika-edelcard-kartvizitlik,"Troika Edelcard Kartvizitlik",0,0
13038,63,celestron-94219-11-dovetail-bar-tup-yerlestirme-kizagi,"Celestron 11"" Tüp Yerleştirme Kızağı",93,1
13039,63,troika-barnd-anahtarlik,"Troika Barnd Anahtarlık",0,0
13077,63,u4426479en-ucuz-celestron-93625-universal-1-1-4-t-adaptor-genel-celestron,"Celestron 1.25"" Universal T Adaptörü",44,1
13118,63,victorinox-swiss-army-241910-alliance-saat,"Victorinox 241910 Alliance Quartz Erkek Kol Saati",0,1
13125,63,victorinox-82085-rubis-manikur-seti,"Victorinox 8.2085 Rubis Manikür Seti",36,1
13127,63,buck-thorn-le-2015-damascus-bicak-eos,"Buck Thorn Damascus 2015 Limitli Üretim Bıçak",0,1
13129,63,dreamfarm-pizza-makasikirmizi,"Dreamfarm Scizza Pizza Makası, Kırmızı",0,1
13208,63,diplomat-d41000005-aero-fineliner-m-siyah-refil,"Diplomat D41000005 Aero Fineliner Siyah Refil, Medium",96,1
13241,63,teleskop-astro-fi-5-schmdtcassegrain-16856,"Celestron AstroFi 5"" Wifi Bilgisayar Donanımlı Teleskop",0,0
13244,63,troika-capa-anahtarlikrenkli,"Troika Çapa  Anahtarlık,Renkli",0,0
13245,63,troika-wal-oktopus-anahtarlik,"Troika Wal & Oktopus  Anahtarlık",0,0
13246,63,troika-circle-of-love-anahtarlik,"Troika Circle Of Love Anahtarlık",0,1
13247,63,troika-golf-gti-1976-anahtarlik,"Troika Golf GTI 1976  Anahtarlık",0,0
13248,63,troika-fil-anahtarlik,"Troika Fil  Anahtarlık",0,0
13251,63,victswiss-classic-soyma-bicagi-set6-ad,"Victorinox 6.7836.6C1 Swiss Classic 6'lı Soyma Bıçağı Seti",0,1
13253,63,tramontina-23498,"Tramontina 23498-028 Plenus 6'lı Blok Set",84,1
13256,63,buck-262-hexam-cakiyslkutu,"Buck 262 Hexam Çakı, Yeşil",0,0
13260,63,buck-239-infusion-caki-alu-yuzeysyhkutu,"Buck 239 Infusion Çakı, Siyah",0,0
13261,63,buck-239-infusion-cakitrnckutu,"Buck 239 Infusion Çakı, Turuncu",0,0
13263,63,buck-251-langford-cakisyhkutu,"Buck 251 Langford Çakı, Siyah",0,0
13264,63,victrubis-kutikul-ve-tirnak-makasi,"Victorinox 8.2082.09 Rubis Kütikül ve Tırnak Makası",51,1
13284,63,victorinox-8208309-rubis-tuvarlak-uc-tirnak-makasi,"Victorinox 8.2083.09 Rubis Yuvarlak Uç Tırnak Makası",52,0
13285,63,victorinox-8208408-rubis-cam-torpu,"Victorinox 8.2084.08 Rubis Cam Törpü",36,0
13286,63,victorinox-82086-rubis-duz-uc-cimbiz,"Victorinox 8.2086 Rubis Düz Uç Cımbız",30,1
13287,63,victorinox-82088-rubis-cimbiz,"Victorinox 8.2088 Rubis Cımbız",30,1
13288,63,victorinox-a6140-kucuk-halka,"Victorinox A.6140 Küçük Anahtarlık Halkası",0,1
13289,63,victorinox-a6141-duzbasli-kurdan,"Victorinox A.6141 Düz Başlı Kürdan",0,1
13290,63,victorinox-a61440-tukenmez-kalem-062-063-serisi,"Victorinox A.6144.0 Tükenemz Kalem",0,1
13291,63,victorinox-a6257-kucuk-yay,"Victorinox A.6257 Küçük Makas Pense Yayı",0,1
13292,63,victorinox-a6444-swisscard-tukenmez-kalemi,"Victorinox A.6444 Swisscard Tükenmez Kalemi",0,0
13293,63,feuerhand-276-1-fener-acma-kolu,"Feuerhand 276 Fener Açma Kolu",0,1
13297,63,victorinox-a6142-duz-basli-cimbiz,"Victorinox A.6142 Düz Başlı Cımbız",0,1
13308,63,6v-nicad-pil,"Maglite ARXX075RYAN 6V Nicad Pil",0,0
13314,63,victrubis-cimbiz-duz-ucclk,"Victorinox 8.2087 Düz Uç Cımbız",31,1
13315,63,fischer-17-cm-siyah-satir,"Fischer 17 cm Satır, Siyah",62,1
13318,63,fischer-21-cm-satir-siyah,"Fischer 21 cm Satır, Siyah",36,0
13319,63,victorinox-8211510-credo-10lu-jilet,"Victorinox 8.2115.10 Credo 10lu Jilet",0,1
13333,63,troika-plus-minus-anahtarlikgunmetal,"Troika Plus & Minus Anahtarlık, Gunmetal",0,0
13337,63,troika-ccm20-teelfon-ayagistnd12tekli,"Troika Telefon Ayağı",0,1
13338,63,troika-office-trucker-kalemlik,"Troika Office Trucker Kalemlik",0,1
13362,63,diplomat-skyline-dlmklmderi-kilifkrm-mrkkp-set,"Diplomat D40216080 Skyline Dolma Kalem , Kılıf , Kırmızı Mürekkep Set",55,1
13367,63,diplomat-esteem-tukenmez-kalem-cenevamavi,"Diplomat D40603040 Esteem Ceneva Mavi Tükenmez Kalem",43,1
13369,63,victorinox-405043-naylon-dokuma-kilif-09728-09798-serisi-uyumlu,"Victorinox 4.0504.3 Naylon Dokuma Kılıf",0,1
13370,63,victorinox-40454-silikon-kilif-kahverengi,"Victorinox 4.0454 Silikon Kılıf Kahverengi",0,1
13371,63,victorinox-40453-silikon-kilif-yesil,"Victorinox 4.0453 Silikon Kılıf Yeşil",0,1
13372,63,victorinox-40452-silikon-kilif-pembe,"Victorinox 4.0452 Silikon Kılıf Pembe",0,0
13373,63,victorinox-40451-silikon-kilif-turuncu,"Victorinox 4.0451 Silikon Kılıf Turuncu",0,0
13374,63,victorinox-40450-silikon-kilif-sari,"Victorinox 4.0450 Silikon Kılıf Sarı",0,0
13375,63,victorinox-06223g-classic-sd-caki-kutulu,"Victorinox 0.6223.G Classic SD Çakı Kutulu",0,1
13377,63,victorinox-2419261-fieldforce-kol-saati-136033-caki-set,"Victorinox 241926.1 FieldForce Chrono Quartz Erkek Kol Saati",0,0
13383,63,diplomat-40604040-esteem-tukenmez-kalem,"Diplomat D40604040 Esteem Ceneva Mor Tükenmez Kalem",42,1
13389,63,victorinox-soyacak-ve-sofra-bicagi-seti-2-parca-siyah,"Victorinox 6.7113.23 Soyacak ve Sofra Bıçağı Seti, 2li Set Siyah",99,1
13390,63,diplomat-10301307-metal-05mm-siyah-refil,"Diplomat D10301307 0,5mm Siyah Refil",94,1
13409,63,zyliss-e920022-9cm-turuncu-soyma-bicagi,"Zyliss E920022 9cm Turuncu Soyma Bıçağı",0,0
13410,63,nebo-65391-larry-tilt-120-lumen-fener-tekli,"Nebo 6539.1 Larry Tilt 120 Lümen Fener (Tekli)",0,1
13411,63,zyliss-e716431-kivrik-spatula-tekli,"Zyliss E71643.1 Kıvrık Spatula (Tekli)",0,0
13417,63,trueutility-nebo-newton-fener1000-lumen,"Nebo 0016 Newton 1000 Lümen Fener",0,0
13421,63,troika-chucks-anahtarlik,"Troika Chucks Anahtarlık",0,1
13427,63,victorinox-0622351g-classic-pembe-caki,"Victorinox 0.6223.51G Classic Pembe Çakı",0,0
13428,63,victorinox-06223t5g-classic-seffaf-pembe-caki,"Victorinox 0.6223.T5G Classic Şeffaf Pembe Çakı",0,1
13447,63,tramontina-25925168-supercort-dikis-makasi,"Tramontina 25925-168 Supercort Dikiş Makası",0,1
13448,63,tramontina-25901105-supercort-okul-makasi,"Tramontina 25901-105 Supercort Okul Makası",0,0
13449,63,tramontina-23899077-ultracorte-6li-blok-set,"Tramontina 23899-077 Ultracorte 6lı Blok Set",0,1
13450,63,tramontina-23498449-plenus-3lu-barbeku-seti,"Tramontina 23498-449 Plenus 3lü Barbekü Seti",0,1
13451,63,tramontina-23498064-plenus-4lu-bicak-seti,"Tramontina 23498-064 Plenus 4lü Bıçak Seti",0,1
13452,63,tramontina-23498065-plenus-10li-bicak-seti,"Tramontina 23498-065 Plenus 10lı Bıçak Seti",0,1
13454,63,celestron-72031-skymaster-pro-20x80-durbun,"Celestron Skymaster Pro 20x80mm Porro Dürbün",0,0
13455,63,celestron-72030-skymaster-pro-15x70-durbun,"Celestron Skymaster Pro 15x70mm Porro Dürbün",0,0
13456,63,true-utility-nebo-larry-2-fener-tekli-eos,"Nebo 7002 Larry 2 Fener",0,0
13461,63,victorinox-alliance-xs-kadin-kol-saati,"Victorinox 241842 Alliance Small Quartz Kadın Kol Saati",0,0
13463,63,diplomat-marrakesh-dolmakalem-mkhv-gold,"Diplomat D40213025 Marrakesh Kahverengi Dolma Kalem, Medium Uç",54,1
13478,63,sct-to-2-adapter,"Celestron SCT 2"" Mercek Adaptörü",0,0
13479,63,dew-shield-alimunyum-kapakli-teleskop-koruyucu-6,"Celestron Aliminyum 6"" Kapalı Lens Koruyucu",0,1
13480,63,dew-shield-alimunyum-kapakli-teleskop-koruyucu-8,"Celestron Aliminyum 8"" Kapalı Lens Koruyucu",0,0
13481,63,celestron-aliminyum-925-kapali-lens-koruyucu,"Celestron Aliminyum 9.25"" Kapalı Lens Koruyucu",0,1
13482,63,dew-shield-alimunyum-kapakli-teleskop-koruyucu-11,"Celestron Aliminyum 11"" Kapalı Lens Koruyucu",0,1
13483,63,reducer-lens-7x-edge-hd-11,"Celestron EdgeHD 11"" 7x Redüktör Lens",0,1
13484,63,reducer-lens-7x-edge-hd-9,"Celestron EdgeHD 9.25"" 7x Redüktör Lens",0,0
13485,63,troika-bel-cantasikgri,"Troika Bel Çantası, Koyu Gri",0,1
13486,63,troika-wegweiser-pusula-anahtarlik,"Troika Wegweiser Pusula Anahtarlık",0,0
13487,63,troika-light-beetle-1964-anahtarlik,"Troika Light Beetle 1964  Anahtarlık",0,0
13488,63,troika-uclu-anahtarlik,"Troika Üçlü  Anahtarlık",0,0
13489,63,troika-light-bulli-t1-1962-anahtarlik,"Troika VW T1 Bus  Anahtarlık",0,0
13490,63,troika-plus-minus-anahtarlik,"Troika Plus & Minus Anahtarlık",0,0
13491,63,troika-2-way-key-anahtarliksyh,"Troika 2-Way Key Anahtarlık, Siyah",0,0
13492,63,troika-2-way-key-anahtarlik,"Troika 2-Way Key Anahtarlık",0,0
13493,63,troika-drop-sise-acacakli-anahtarlik,"Troika Drop Şişe Açacaklı Anahtarlık",0,0
13494,63,troika-rosy-anahtarlik,"Troika Rosy Anahtarlık",0,0
13495,63,troika-girls-best-friend-anahtarlik,"Troika Girls Best Friend Anahtarlık",0,1
13496,63,troika-capa-anahtarlikgunmetal,"Troika Çapa Anahtarlık, Gunmetal",0,0
13497,63,troika-welcome-baby-anahtarlik,"Troika Welcome Baby  Anahtarlık",0,1
13498,63,troika-small-peace-anahtarlik,"Troika Small Peace  Anahtarlık",0,1
13501,63,victorinox-7707303-blok,"Victorinox 7.7043.03 Siyah Bıçak Seti Bloğu",37,1
13502,63,wenger-011543118-attitude-chr-kol-saati,"Wenger 01.1543.118 Attitude Chr Kol Saati",0,0
13511,63,victclassic-sd-alox-caki-le-2023aysl,"Victorinox 0.6221.L23 Classic SD Alox Çakı - 2023 Limitli Üretim",0,0
13513,63,fischer-kasap-bicagi-14cmsyh,"Fischer 1010-14 Kasap Bıçağı , 14 cm Siyah",76,1
13514,63,fischer-kasap-bicagi-20cmsyh,"Fischer 1010-20 Kasap Bıçağı , 20 cm Siyah",76,0
13515,63,fischer-kasap-bicagi-25cmsyh,"Fischer 1010-25 Kasap Bıçağı , 25 cm Siyah",76,1
13516,63,fischer-kemik-siyirma-bicagi-14cmsyh,"Fischer 1015-14 Kemik Sıyırma Bıçağı , 14 cm Siyah",76,1
13517,63,fischer-kemik-siyirma-bicagi-kivrik-15cmsyh,"Fischer 1025-15 Kıvrık Kemik Sıyırma Bıçağı , 14 cm Siyah",76,0
13518,63,fischer-bileme-tasi-oval,"Fischer 2622 Oval Bileme Taşı",0,0
13519,63,fischer-silicar-wethstone-bileme-tasi,"Fischer 79995 Silicar Bileme Taşı",0,1
13520,63,fischer-masat-duz-28cmtrnc-sapli,"Fischer G250R 28cm Düz Masat",59,0
13521,63,fischer-masat-oval-25cmsyh-sapli,"Fischer H1030 25cm Oval Masat",61,0
13522,63,fischer-masat-oval-30cmsyh-sapli,"Fischer I2333 30cm Oval Masat",75,1
13523,63,fischer-masat-celik-oval-35cmmavi-sapli,"Ficher J245B 35cm Oval Masat",75,1
13524,63,fischer-masat-celik-oval-35cmsari-sapli,"Ficher J245J 35cm Oval Masat",75,0
13525,63,fischer-masat-celik-oval-35cmsyh-sapli,"Ficher J245N 35cm Oval Masat",75,1
13526,63,fischer-masat-yuvarlak-30cmsyh-sapli,"Ficher N2333 30cm Yuvarlak Masat",79,1
13527,63,fischer-1020-14-genis-kemik-siyirma-bicagi-14-cm-siyah,"Fischer 1020-14 Geniş Kemik Sıyırma Bıçağı , 14 cm Siyah",76,1
13529,63,deri-caki-kilifi-s-koyu-kahve,"Deri Çakı Kılıfı , S , Koyu Kahve",73,1
13530,63,victorinox-606743-altmont-original-laptop-sirt-cantasi-mavi,"Victorinox 606743 Altmont Original Laptop Sırt Çantası, Mavi",0,1
13531,63,victorinox-309033f-venture-pro-bicak-siyah,"Victorinox 3.0903.3F Venture Pro Bıçak, Siyah",0,1
13542,63,victorinox-duomatic-semsiye-siyah,"Victorinox Duomatic Şemsiye, Siyah",0,0
13551,63,prandi-marangoz-baltasi-kerpetenli-800gr-38cm,"Prandi 800gr Kerpetenli Marangoz Baltası, 38cm",0,1
13575,63,fischer-masat-yuvarlak-25cmsyh,"Fischer S1195 25cm Yuvarlak Masat",79,0
13581,63,buck-pembe-camo-sapka-eos,"Buck Şapka, Pembe Kamuflaj",0,1
13586,63,victclassic-sd-paris-style-caki,"Victorinox 0.6223.E221 Classic SD Çakı, Paris Style",0,1
13587,63,victclassic-sd-sdyney-style-caki,"Victorinox 0.6223.E222 Classic SD Çakı, Sydney Style",0,1
13588,63,victclassic-sd-new-york-style-caki,"Victorinox 0.6223.E223 Classic SD Çakı, New York Style",0,1
13589,63,victswiss-card-classic-paris-style,"Victorinox 0.7100.E221 Classic Swiss Card, Paris Style",0,1
13590,63,victswiss-card-classic-sydney-style,"Victorinox 0.7100.E222 Classic Swiss Card, Sydney Style",0,1
13591,63,victswiss-card-classic-new-york-style,"Victorinox 0.7100.E223 Classic Swiss Card, New York Style",0,0
13592,63,victanahtarlik-halkasi-kordonlukgri,"Victorinox 4.1895.E Kordonlu Anahtarlık Halkası, Koyu Gri",0,1
13593,63,victanahtarlik-halkasi-kordonlupembe,"Victorinox 4.1895.N Kordonlu Anahtarlık Halkası, Pembe",0,1
13594,63,victanahtarlik-halkasi-kordonluturkuaz,"Victorinox 4.1895.S Kordonlu Anahtarlık Halkası, Turkuaz",0,1
13595,63,victcaki-tasima-kordonubej,"Victorinox 4.1896.E Çakı Taşıma Kordonu, Bej",0,1
13596,63,gri,"Victorinox 4.1896.N Çakı Taşıma Kordonu, Mavi-Gri",0,1
13597,63,victcaki-tasima-kordonumor,"Victorinox 4.1896.S Çakı Taşıma Kordonu, Mor",0,1
13598,63,kys-kol-saati-15932,"Victorinox 242011 I.N.O.X. Quartz Erkek Kol Saati",0,1
13599,63,vsa-journey18842t-bezelysl-kdrclk-kys-kol-saati,"Victorinox 242012 Journey 1884 Quartz Erkek Kol Saati",0,1
13699,63,victorinox-20cm-siyah-fibrox-kasap-bicagi,"Victorinox 5.5203.20 20cm Siyah Kasap Bıçağı, Kaydırmaz Sap",0,1
13702,63,victorinox-26cm-siyah-pasta-bicagi-blisterli-paket,"Victorinox 5.2933.26B 26cm Siyah Pasta Bıçağı, Blisterli Paket",0,0
13703,63,victorinox-25cm-mavi-siyirma-bicagi,"Victorinox 5.5522.25 25cm Mavi Sıyırma Bıçağı",0,1
13704,63,victorinox-25cm-kirmizi-siyirma-bicagi,"Victorinox 5.5521.25 25cm Kırmızı Sıyırma Bıçağı",0,1
13705,63,victorinox-18cm-kirmizi-siyirma-bicagi-parmak-korumali,"Victorinox 5.5501.18L 18cm Kırmızı Sıyırma Bıçağı, Parmak Korumalı",0,1
13706,63,victorinox-20cm-kirmizi-siyirma-bicagi-parmak-korumali,"Victorinox 5.5501.20L 20cm Kırmızı Sıyırma Bıçağı, Parmak Korumalı",0,1
13710,63,victorinox-76251-akagac-sapli-spatula,"Victorinox 7.6251 8x11cm Akağaç Spatula",60,1
13715,63,victorinox-25cm-sari-fibrox-siyirma-bicagi,"Victorinox 5.5528.25 25cm Sarı Sıyırma Bıçağı",0,1
13719,63,victorinox-242007-maverick-kol-saati,"Victorinox 242007 Maverick Quartz Erkek Kol Saati",0,1
13720,63,6cd-pilli-ampul-eos,"Maglite LWSA601 6C & 6D Ampul",0,1
13724,63,wenger-011641107-avenue-kol-saati,"Wenger 01.1641.107 Avenue Kol Saati",0,0
13725,63,wenger-011541109-attitude-kol-saati,"Wenger 01.1541.109 Attitude Kol Saati",0,0
13726,63,victsatir-590-gr-18cmcam-agaci-sapli,"Victorinox 5.4000.18 590gr Satır, Çam Ağacı",0,1
13742,63,main-knives-mantar-bicagibubinga-agac-sapli,"Main Knives 7000 Mantar Bıçağı, Bubinga",95,1
13744,63,carson-16653,"Carson ER-30 Gözlük Askısı, Siyah",0,1
13746,63,deri-kancali-anahtarliksiyah,"Deri Kancalı Anahtarlık, Siyah",0,1
13747,63,deri-kancali-anahtarlikkoyu-kahve,"Deri Kancalı Anahtarlık, Koyu Kahve",0,1
13749,63,victorinox-242019-inox-erkek-kol-saati,"Victorinox 242019 I.N.O.X. Erkek Kol Saati",0,1
13801,63,tramontina-barbeku-servis-set6-ad,"Tramontina 26499-032 6lı Barbekü Servis Seti",0,1
13813,63,keybak-sidekick-uzatmali-anahtarlik-syhduduk,"Keybak Side Kick Uzatmalı Anahtarlık",0,1
13814,63,fischer-kasap-bicagi-17cmsyh,"Fischer 1010 17cm Kasap Bıçağı, Siyah",0,1
13815,63,fischer-kemik-siyirma-bicagi-kivrik-uc-13cmsyh,"Fischer 1025 13cm Kıvrık Uçlu Kemik Sıyırma Bıçağı, Siyah",0,0
13816,63,fischer-kemik-siyirma-bicagi-14cmsyh-17058,"Fischer 1030 14cm Sıyırma Bıçağı, Siyah",0,1
13817,63,fischer-yuzme-bicagi-16cmsyh,"Fischer 1050 16cm Yüzme Bıçağı, Siyah",0,1
13818,63,fischer-biftek-bicagi-testagz10cmsyh,"Fischer 225-10 12cm Testere Uçlu Kemik Sıyırma Bıçağı, Siyah",0,1
13819,63,fischer-balik-temizleme-aletimavi-sap,"Fischer 2318 Balık Temizleme Aleti, Mavi",0,1
13820,63,fischer-kasap-bicagi-14cmkrm,"Fischer 3010 14cm Kasap Bıçağı, Kırmızı",0,1
13821,63,fischer-kasap-bicagi-17cmkrm,"Fischer 3010 17cm Kasap Bıçağı, Kırmızı",0,1
13822,63,fischer-kasap-bicagi-20cmkrm,"Fischer 3010 20cm Kasap Bıçağı, Kırmızı",0,1
13823,63,fischer-kasap-bicagi-25cmkrm,"Fischer 3010 25cm Kasap Bıçağı, Kırmızı",0,1
13824,63,fischer-kemik-siyirma-bicagi-14cmkrm,"Fischer 3015 14cm Kemik Sıyırma Bıçağı, Kırmızı",0,1
13825,63,fischer-kemik-siyirma-bicagi-14cmkrm-17067,"Fischer 3030 14cm Kemik Sıyırma Bıçağı, Kırmızı",0,1
13826,63,fischer-kasap-bicagi-4-percinli-sap-17cmsyh,"Fischer 310 17cm 4 Perçinli Kasap Bıçağı, Siyah",0,1
13827,63,fischer-kasap-bicagi-4-percinli-sap-20cmsyh,"Fischer 310 20cm 4 Perçinli Kasap Bıçağı, Siyah",0,1
13828,63,fischer-kemik-siyirma-bicagi-4-percin-sap14cmsyh,"Fischer 315 14cm 4 Perçinli Kemik Sıyarma Bıçağı, Siyah",0,1
13829,63,fischer-saplama-ve-kesme-bicagi-4-percin-11cmsyh,"Fischer 320 11cm 4 Perçinli Kemik Sıyarma Bıçağı, Siyah",0,1
13830,63,fischer-celik-balik-ayiklama-masasi,"Fischer 38050 12cm Balık Ayıklama Maşası",0,1
13831,63,fischer-satir-3-percinli-19cm-syh,"Fischer 382 19cm  Perçinli Satır, Siyah",0,1
13832,63,fischer-balik-pulu-ayiklama-aletimavi,"Fischer 6410 Balık Pulu Ayıklama  Aleti, Mavi",0,1
13833,63,fischer-78020-14cm-kemik-siyirma-bicagi-mavi,"Fischer 78020 14cm Kemik Sıyırma Bıçağı, Mavi",0,1
13834,63,fischer-biftek-bicagi-2-percinli-sap-10cmsyh,"Fischer 220-10 12 12cm 1estere Uçlu Kemik Sıyırma Bıçağı, Siyah",0,1
13835,63,fischer-kasap-bicagi-4-percinli-14cmsyh,"Fischer 310 14cm Bıçağı Perçinli, Siyah",0,1
13836,63,fischer-saplama-ve-kesme-bicagi-4-percinli-4cmsyh,"Fischer 320 14cm Bıçağı Pçlu Kemik Sıyırma Bıçağı, Viyah",0,1
13837,63,fischer-peynir-bicagisyh,"Fischer 389Bıçağı",0,1
13838,63,fischer-kemik-siyirma-bicagi-14cmmavi,"Fischer 6030 14cm Sıyırma Bıçağı, Miyah",0,1
13839,63,fischer-78030-14cm-kemik-siyirma-bicagi-mavi,"Fischer 78030 14cm Kemik Sıyırma Bıçağı, Mavi",0,1
13843,63,victkasap-bicagi-parmak-koruyucu-18cmfibroxsyh,"Victorinox 5.5203.18L 18cm Parmak Koruyuculu Kasap Bıçağı",0,1
13859,63,vsa-chrclassic2tgmskdrclkkyskol-saati-eos,"Victorinox 241509 Chrono Classic Quartz Erkek Kol Saati",0,1
13860,63,vsa-night-visionysl-kdrysl-kys-kol-saati-eos,"Victorinox 241595 Night Vision Quartz Erkek Kol Saati",0,0
13861,63,kdrclkkys-kol-sa-eos,"Victorinox 241605 Maverick GS Quartz Erkek Kol Saati",0,0
13862,63,vsa-airboss-mech-chr-syhkdr-syh-kumas-kys-saat-eos,"Victorinox 241716 Airboss Otomatik Erkek Kol Saati",0,1
13864,63,deri-kys-kol-saati-eos,"Victorinox 241787 Maverick Chrono Quartz Erkek Kol Saati",0,1
13865,63,victswiss-classic-domates-bic11cm-testagztrnc,"Victorinox 6.7839.C1 Swiss Classic 11cm Domates Bıçağı, Turuncu",0,1
13881,63,teleskop-spotting-scope-60-mm-zoom-45-eos,"Celestron 52223 60mm Spotting Scope",0,0
13882,63,prandi-german-type-600gr-baltaceviz-agaci-sapli,"Prandi 600gr Alman Tipi Balta, 36cm Ceviz Sap",0,1
13883,63,prandi-calabro-balta-lkayin-agaci-sapli,"Prandi 500gr Calabro Balta, 60cm Kayın Sap",0,1
13884,63,victwg-cigar-7985-mm-caki-krm-eos,"Victorinox 2.5713.E Cigar Çakı",0,0
13885,63,victorinox-5252317-17cm-santoku-bicagi,"Victorinox 5.2523.17 17cm Santoku Bıçağı",0,0
13888,63,victswiss-classic-biftek-bicagi-11cm-duzkenarsyh,"Victorinox 6.7203 Swiss Classic 11cm Biftek Bıçağı, Siyah",0,1
13889,63,victswiss-classic-biftekpizza-bicagi-11cmsyh,"Victorinox 6.7233 Swiss Classic 11cm Biftek&Pizza Bıçağı, Siyah",0,0
13890,63,victswiss-classic-soyma-bicagi-2ad-8cmkrm,"Victorinox 6.7491.2C1 Swiss Classic 2li Soyma Bıçağı Set, Kırmızı",0,1
13891,63,victswiss-classic-soyma-bicagi-set-2ad-8cmsyh,"Victorinox 6.7493.2 Swiss Classic 2li Soyma Bıçağı Set, Siyah",0,1
13892,63,victswiss-classic-katlanir-piknik-bicagi-11cmkrm,"Victorinox 6.7801.FC1 Swiss Classic 11cm Katlanır Piknik Bıçağı, Kırmızı",0,0
13893,63,victswissclassic-katlanir-piknik-bicagi-11cmtrnc,"Victorinox 6.7839.FC1 Swiss Classic 11cm Katlanır Piknik Bıçağı, Turuncu",0,1
13894,63,victswiss-classic-biftek-pizza-bicagi-12cmsyh,"Victorinox 6.7933 Swiss Classic 12cm Biftek&Pizza Bıçağı, Siyah",0,0
13895,63,victswiss-classic-soymabicagi-set2adsivri-ucsyh,"Victorinox 6.7693.2 Swiss Classic 2li Soyma Bıçağı Set, Siyah",0,1
13896,63,victswiss-classic-soyma-bicagiset2adsivri-uckrm,"Victorinox 6.7691.2C1 Swiss Classic 2li Soyma Bıçağı Set, Kırmızı",0,1
13897,63,victswiss-classic-soyma-bicagi-2adsivri-ucmor,"Victorinox 6.7695.2C1 Swiss Classic 2li Soyma Bıçağı Set, Mor",0,0
13898,63,victswiss-classic-soymabicagi-set2adsivriuctrnc,"Victorinox 6.7699.2C1 Swiss Classic 2li Soyma Bıçağı Set, Turuncu",0,1
13899,63,victswiss-classic-soyma-bicagi-set-2ad10cmkrm,"Victorinox 6.7791.2C1 Swiss Classic 2li 10cm Soyma Bıçağı Set, Kırmızı",0,1
13900,63,victswiss-classic-soyma-bicagi-set-2ad10cmsyh,"Victorinox 6.7793.2 Swiss Classic 2li 10cm Soyma Bıçağı Set, Siyah",0,1
13901,63,victswiss-classic-soyma-bicagi-set-2ad10cmmor,"Victorinox 6.7795.2C1 Swiss Classic 2li 10cm Soyma Bıçağı Set, Mor",0,0
13902,63,victswiss-classic-biftekpizza-bicagi-11cmkrm,"Victorinox 6.7231.C1 Swiss Classic 11cm Biftek&Pizza Bıçağı, Kırmızı",0,0
13903,63,victswiss-classic-biftekpizza-bicagi11cmysl,"Victorinox 6.7234.C1 Swiss Classic 11cm Biftek&Pizza Bıçağı, Yeşil",0,0
13904,63,victswiss-classic-biftekpizza-bicagi11cmmor,"Victorinox 6.7235.C1 Swiss Classic 11cm Biftek&Pizza Bıçağı, Mor",0,1
13905,63,victswiss-classic-biftekpizza-bicagi11cmtrnc,"Victorinox 6.7239.C1 Swiss Classic 11cm Biftek&Pizza Bıçağı, Turuncu",0,0
13906,63,victswiss-classic-soyma-bicagi-set-2ad10cmtrnc,"Victorinox 6.7799.2C1 Swiss Classic 2li 10cm Soyma Bıçağı Set, Turuncu",0,1
13907,63,victsiwss-classic-soyma-bicagi-set-2adkrm,"Victorinox 6.7111.2C1 Swiss Classic 2li Bıçak Set, Kırmızı",0,1
13908,63,victswiss-classic-soyma-bicagi-set-2ad,"Victorinox 6.7113.2 Swiss Classic 2li Bıçak Set, Siyah",0,1
13909,63,victswiss-classic-soyma-bicagi-set-3adsyh,"Victorinox 6.7113.34 Swiss Classic 3lü Bıçak Set, Siyah",0,1
13910,63,victswiss-classic-soyma-bicagi-set-2adysl,"Victorinox 6.7114.2C1 Swiss Classic 2li Bıçak Set, Yeşil",0,0
13911,63,victswiss-classic-soyma-bicagisoyacak-setkrm,"Victorinox 6.7111.21C1 Swiss Classic 2li Bıçak ve Soyacak Set, Kırmızı",0,1
13912,63,victswiss-classic-soyma-bicagi-3adkrm,"Victorinox 6.7111.34C1 Swiss Classic 3lü Bıçak Set, Kırmızı",0,0
13913,63,victswiss-classic-soyma-bicagisoyacak-setsyh,"Victorinox 6.7113.21 Swiss Classic 2li Bıçak ve Soyacak Set, Siyah",0,0
13914,63,victswiss-classic-soyma-bicagisoyacak-setsyh-17172,"Victorinox 6.7113.22 Swiss Classic 2li Bıçak ve Soyacak Set, Siyah",0,1
13915,63,victswiss-classic-soyma-bicaklarisoyacak-setsyh,"Victorinox 6.7113.33 Swiss Classic 3lü Bıçak ve Soyacak Set, Siyah",0,1
13916,63,victswiss-classic-soyma-bicagisoyacak-setysl,"Victorinox 6.7114.21C1 Swiss Classic 2li Bıçak ve Soyacak Set, Yeşil",0,1
13917,63,victswiss-classic-piknik-set-3adsyh,"Victorinox 6.7193.3F Swiss Classic 3lü Piknik Seti, Siyah",0,1
13918,63,victswiss-classic-soyma-bicaklarisoyacak-setkrm,"Victorinox 6.7111.33C1 Swiss Classic 3lü Bıçak ve Soyacak Set, Kırmızı",0,0
13919,63,victswiss-classic-bicak-blok-set-7admulticolor,"Victorinox 6.7126.6C1 Swiss Classic 7li Soyma Bıçağı Blok Set, Renkli",0,1
13920,63,victkesme-tahtasisyh-bicak-testkenarsyh,"Victorinox 6.7193F Kesme Tahtası ve Katlanır Bıçak Set, Siyah",0,1
13921,63,victswiss-classic-piknik-set-3adysl,"Victorinox 6.7194.3FC1 Swiss Classic 3lü Piknik Seti, Yeşil",0,1
13922,63,victorinox-671264c1-swiss-classic-5li-biftek-bicagi-blok-set-renkli,"Victorinox 6.7126.4C1 Swiss Classic 5li Biftek Bıçağı Blok Set, Renkli",0,1
13923,63,vsa-inox-41syh-kdrclk-kyl-kol-saati,"Victorinox 242030 I.N.O.X. Quartz Erkek Kol Saati",0,1
13924,63,vsa-inox-41mavi-kdrclk-kys-kol-saati,"Victorinox 242031 I.N.O.X. Quartz Erkek Kol Saati",0,1
13925,63,vsa-swiss-army-automavi-kdrclk-ks-kol-saati,"Victorinox 242045 Swiss Army Otomatik Erkek Kol Saati",0,1
13926,63,vsa-swiss-army-chrmavi-kdrclk-kys-kol-saati,"Victorinox 242045 Swiss Army Chrono Quartz Erkek Kol Saati",0,1
13939,63,buck-112-slim-ranger-cakiyslkutu,"Buck 112 Slim Ranger Çakı, Yeşil",0,1
13940,63,buck-110-slim-hunter-cakiyslkutu,"Buck 110 Slim Hunter Çakı, Yeşil",0,1
13954,63,diplomat-aero-rhomb-chrome-dolmakalem-f,"Diplomat Aero Rhomb Krom Dolma Kalem, F Uç",0,1
13955,63,diplomat-aero-rhomb-chrome-roller-kalem,"Diplomat Aero Rhomb Krom Roller Kalem",0,1
13956,63,diplomat-aero-rhomb-chrome-tukenmez-kalem,"Diplomat Aero Rhomb Krom Tükenmez Kalem",0,1
13957,63,diplomat-esteem-barley-dolmakalem-fsyh,"Diplomat Esteem Barley Siyah Dolma Kalem, F Uç",0,1
13958,63,diplomat-esteem-barley-roller-kalemsyh,"Diplomat Esteem Barley Siyah Roller Kalem",0,1
13959,63,diplomat-traveller-celik-versatil-kalem,"Diplomat Traveller Çelik Versatil Kalem",0,1
13960,63,diplomat-esteem-barley-tukenmez-kalemsyh,"Diplomat Esteem Barley Siyah Tükenmez Kalem",0,1
13961,63,diplomat-traveller-roller-kalem-gri,"Diplomat Traveller Gri Roller Kalem",0,1
13962,63,diplomat-traveller-tukenmez-kalemgri,"Diplomat Traveller Gri Tükenmez Kalem",0,1
13963,63,diplomat-spacetec-q4-tukenmez-kalemsyh,"Diplomat Spactec Q4 Siyah Tükenmez Kalem",0,1
13964,63,diplomat-spacetec-q4-tukenmez-kalemmavi,"Diplomat Spactec Q4 Mavi Tükenmez Kalem",0,1
13965,63,muela-bowie-scout-bicak-16cmabs-bej-sapli,"Muela 5161 Bowie Scout Bej ABS Saplı Bıçak 16cm",0,1
13966,63,muela-scout-bicak-16cm-satinabs-khv-sapli,"Muela 5162 Bowie Scout Kahverengi ABS Saplı Bıçak 16cm",0,1
13967,63,muela-commando-bicak-18cmabs-syh-sapli,"Muela 85-182 Commando Siyah ABS Saplı Bıçak 18cm",0,1
13968,63,muela-bowie-bicak-18cmbej-kaucuk-sapli,"Muela 85-181 Bowie Bej Kauçuk Saplı Bıçak 18cm",0,1
13969,63,muela-kamp-kasik-catal-setikilifli,"Muela Kaşık Çatal Kamp Seti Kılıflı",0,1
13970,63,muela-husky-damascus-bicak-11cmmicarta-syh-sapli,"Muela Husky Siyah Micarta Saplı Damascus Bıçak 11cm",0,0
13971,63,muela-kamping-set-catalkasikbicakkilifta,"Muela Kaşık Çatal Bıçak Kamp Seti Kılıflı",0,1
13972,63,muela-verdugo-cakig10-siyah-sapli,"Muela Verdugo Siyah G10 Saplı Çakı",0,1
13973,63,muela-vibora-karbon-clk-cakimicarta-syh-sapli,"Muela Vibora Siyah Micarta Saplı Karbon Çakı",0,1
13974,63,muela-vibora-cakimicarta-ysl-sapli,"Muela Vibora Yeşil Micarta Saplı Çakı",0,0
13987,63,troika-cd145-notluk-a5tukenmez-kalem-10lu-stand,"Troika CD145 Notluk A5+Tükenmez Kalem 10lu Stand",94,0
14006,63,epicurean-nihale-18x18cmsyh,"Epicurean Siyah Nihale 18cm",0,1
14020,63,06385-cakilarla-uyumlu-deri-el-yapimi-kilif,"0.6385 Çakılar ile uyumlu El Yapımı Koyu Kahve Deri Kılıf",0,1
14055,63,muela-bowie-classic-mercan-agaci-sapli-bicak-eos,"MUELA BOWIE CLASSIC MERCAN AĞACI SAPLI BIÇAK EOS!",0,1
14059,63,rocktol-16-fonksiyonlu-multitool-pense-kilifli,"Rocktol 16 Fonksiyonlu Multitool Pense Kılıflı",0,0
14061,63,prandi-piemonte-balta-300-grdis-budak-agaci-sapli-17351,"Prandi 300Gr Piemonte Balta, 37cm Diş Budak Sap",0,1
14062,63,victorinox-67803f-swiss-classic-11cm-duz-piknik-bicagi,"Victorinox 6.7803.F Swiss Classic 11cm Düz Piknik Bıçağı",0,1
14063,63,victorinox-6711361g-swiss-classic-6-parca-soyma-bicagi-ve-soyacak-seti,"Victorinox 6.7113.61G Swiss Classic 6 Parça Soyma Bıçağı ve Soyacak Seti",0,0
14064,63,victorinox-67833f-swiss-classic-11cm-tirtikli-piknik-bicagi,"Victorinox 6.7833.F Swiss Classic 11cm Tırtıklı Piknik Bıçağı",0,0
14074,63,victclassic-sd-58mm-alox-le2026-cakiglacial-mavi,"Victorinox 0.6221.L26 Classic SD 58mm Alox 2026 Limitli Üretim Çakı, Mavi",0,1
14075,63,victclassic-sd-58mm-cakisiyahblister,"Victorinox 0.6223.3B Classic SD 58mm Çakı, Siyah Blisterli",0,1
14076,63,victpioneer-x-93mm-alox-le-2026-cakiglacier-mavi,"Victorinox 0.8231.L26 Pioneer X 93mm Alox 2026 Limitli Üretim Çakı, Mavi",0,0
14077,63,victevoke-alox-cakikirimizi,"Victorinox 0.9411.D20 Evoke Alox Çakı, Kırmızı",0,0
14078,63,victevoke-alox-le-2026-cakiglacial-mavi,"Victorinox 0.9415.L26 Evoke Alox 2026 Limitli Üretim Çakı, Mavi",0,0
14079,63,victswiss-classic-soyma-bicagi-duz-6cmkirmizi,"Victorinox 6.7301.C1 Swiss Classic 6cm Düz Soyma Bıçağı, Kırmızı",0,1
14081,63,victswiss-classic-sekil-verme-bicagi-6cmkirmizi,"Victorinox 6.7501.C1 Swiss Classic 6cm Şekil Verme Bıçağı, Kırmızı",0,1
14087,63,victorinox-679332b-swiss-classic-12cm-2li-tirtikli-biftek-bicagi-siyah,"Victorinox 6.7933.2B Swiss Classic 12cm 2'li Tırtıklı Biftek Bıçağı, Siyah",0,0
14098,63,victswiss-classic-biftek-bicagi-duz-12cmsiyah,"Victorinox 6.7903 Swiss Classic 12cm Düz Biftek Bıçağı, Siyah",0,1
14112,63,victspatula-offset-8-cmsiyah,"Victorinox 5.2703.10 8cm Offset Spatula, Siyah",0,1
14115,63,victmangal-spatulasi-21cmsiyah,"Victorinox 5.2743.27 21cm Mangal Spatulası, Siyah",0,1
14116,63,victmangal-spatulasi-12cmsiyah,"Victorinox 5.2753.16 12cm Mangal Spatulası, Siyah",0,1
14294,41,full-power-gym-ragtop-spor-tisort-beyaz-siyah-cizgili,"Full Power Gym Ragtop Spor Tişört Beyaz Siyah Çizgili",0,0
14571,41,full-power-gym-rag-top-olympia-serisi-gri,"Full Power Gym Rag Top Olympia  Serisi Gri",0,1
14594,69,universal-animal-cuts-42-paket,"Universal Animal Cuts 42 Paket",0,0
14606,69,olimp-ashwagandha-600-sport-black-series-60-kapsul,"Olimp Ashwagandha 600 Sport Black Series 60 Kapsül",0,0
14658,69,torq-nutrition-boost-one-shot-60-ml-20-adet,"Torq Nutrition Boost One Shot 60 Ml 20 Adet",0,0
14694,69,cellucor-c4-original-pre-workout-396-gr-60-servis,"Cellucor C4 Original Pre-workout 396 Gr 60 Servis",0,0
14695,69,ostrovit-ashwagandha-200-tablet,"Ostrovit Ashwagandha  200 Tablet",0,0
14696,60,samsung-ep-p2900-kablosuz-magnetli-type-c-sarj-kablosu-qi2-25w-siyah,"Samsung EP-P2900 Kablosuz Magnetli Type-C Şarj Kablosu (Qİ2 25W) - Siyah",0,0
14697,60,shaza-nexa-serisi-cift-girisli-type-c-45w-adaptor,"SHAZA Nexa Serisi Çift Girişli TYPE C 45W Adaptör",0,0
14698,60,shaza-nexa-serisi-tek-girisli-type-c-30w-adaptor,"SHAZA Nexa Serisi Tek Girişli TYPE C 30W Adaptör",0,0
14699,60,shaza-nexa-serisi-kendinden-kablolu-100w-adaptor,"SHAZA NEXA Serisi Kendinden Kablolu 100W Adaptör",0,0
14700,60,shaza-nexa-serisi-20-000-mah-100w-kule-tipi-powerbank-gri,"SHAZA Nexa Serisi 20.000 Mah 100W Kule Tipi Powerbank - Gri",0,0
14701,60,shaza-nexa-serisi-20-000-mah-kendinden-kablolu-powerbank-gri,"SHAZA Nexa Serisi 20.000 Mah Kendinden Kablolu Powerbank - Gri",0,0
14702,60,shaza-nexa-serisi-10-000-mah-kendinden-kablolu-powerbank-gri,"SHAZA Nexa Serisi 10.000 Mah Kendinden Kablolu Powerbank - Gri",0,0
14703,60,shaza-nexa-serisi-10-000-mah-slim-magsafe-powerbank-gri,"SHAZA Nexa Serisi 10.000 Mah Slim MagSafe Powerbank - Gri",0,0
14704,60,shaza-nexa-serisi-5-000-mah-slim-powerbank-gri,"SHAZA Nexa Serisi 5.000 Mah Slim Powerbank - Gri",0,0
14705,60,factor-m-10-000-mah-kendinden-kablolu-tasinabilir-sarj-cihazi-beyaz,"Factor-M 10.000 Mah Kendinden Kablolu Taşınabilir Şarj Cihazı- Beyaz",0,0
14706,60,factor-m-type-c-45w-adaptor-kablo-set,"Factor-M TYPE C 45W Adaptör Kablo Set",0,0
14707,60,factor-m-ios-25w-adaptor-kablo-set,"Factor-M IOS 25W Adaptör Kablo Set",0,0
14708,60,factor-m-type-c-25w-adaptor-kablo-set,"Factor-M TYPE C 25W Adaptör Kablo Set",0,0
14709,60,factor-m-tek-girisli-type-c-25w-adaptor,"Factor-M Tek Girişli TYPE C 25W Adaptör",0,0
14710,60,shaza-nexa-serisi-4in1-masaustu-sabit-sarj-standi,"SHAZA Nexa Serisi  4İN1 Masaüstü Sabit Şarj Standı",0,0
14711,60,factor-m-type-c-to-lightning-30w-kablo,"Factor-M TYPE C to Lightning 30W Kablo",0,0
14712,60,factor-m-type-c-to-type-c-60w-kablo,"Factor-M TYPE C to TYPE C 60W Kablo",0,0
14713,60,samsung-60w-adaptor-type-c,"Samsung 60W Adaptör - Type C",0,0
14714,60,shaza-20-000-mah-22-5w-kendinden-kablolu-tasinabilir-sarj-cihazi-beyaz,"SHAZA 20.000 Mah 22.5W Kendinden Kablolu Taşınabilir Şarj Cihazı Beyaz",0,0
14715,60,shaza-20-000-mah-22-5w-kendinden-kablolu-tasinabilir-sarj-cihazi-siyah,"SHAZA 20.000 Mah 22.5W Kendinden Kablolu Taşınabilir Şarj Cihazı Siyah",0,0
14716,60,shaza-10-000-mah-22-5w-kendinden-kablolu-tasinabilir-sarj-cihazi-beyaz,"SHAZA 10.000 Mah 22.5W Kendinden Kablolu Taşınabilir Şarj Cihazı Beyaz",0,0
14717,60,shaza-10-000-mah-22-5w-kendinden-kablolu-tasinabilir-sarj-cihazi-siyah,"SHAZA 10.000 Mah 22.5W Kendinden Kablolu Taşınabilir Şarj Cihazı Siyah",0,0
14718,60,shaza-cift-cikisli-usb-type-c-amp-qc3-0-pd-45w-sarj-adaptoru-ve-orijinal-sarim-type-c-to-type-c-kablo,"SHAZA Çift Çıkışlı Usb Type-C & QC3.0 PD 45W  Şarj Adaptörü ve Orijinal Sarım Type-C To Type-C Kablo",0,0
14719,60,shaza-60w-type-c-to-type-c-orgulu-hizli-sarj-ve-data-kablosu-beyaz,"SHAZA 60W Type-C To Type-C Örgülü Hızlı Şarj ve Data Kablosu Beyaz",0,0
14720,60,shaza-12w-usb-a-to-lightning-orgulu-hizli-sarj-ve-data-kablosu-beyaz,"SHAZA 12W Usb-A To Lightning Örgülü Hızlı Şarj ve Data Kablosu Beyaz",0,0
14721,60,shaza-18w-usb-a-to-type-c-orgulu-hizli-sarj-ve-data-kablosu-beyaz,"SHAZA 18W Usb-A To Type-C Örgülü Hızlı Şarj ve Data Kablosu Beyaz",0,0
14722,60,shaza-3-5mm-jac-to-3-5mm-aux-ses-kablosu,"SHAZA 3.5mm Jac To 3.5mm AUX Ses Kablosu",0,0
14723,60,shaza-3-5mm-jac-to-type-c-aux-ses-kablosu,"SHAZA 3.5mm Jac To Type-C AUX Ses Kablosu",0,0
14724,60,shaza-3-5mm-jac-to-lightning-aux-ses-kablosu,"SHAZA 3.5mm Jac To Lightning AUX Ses Kablosu",0,0
14725,60,samsung-ep-dn975b-type-c-kablo-45w-beyaz,"Samsung EP-DN975B Type C Kablo (45W) - Beyaz",0,0
14727,60,shaza-usb-a-to-lightning-sarj-veri-kablosu,"SHAZA Usb-A To Lightning Şarj/ Veri Kablosu",0,0
14728,60,shaza-type-c-to-type-c-sarj-veri-kablosu,"SHAZA Type-C To Type-C  Şarj/ Veri Kablosu",0,0
14730,60,shaza-type-c-to-lightning-30w-soft-sarj-veri-kablosu,"SHAZA Type-C To Lightning 30W Soft Şarj/ Veri Kablosu",0,0
14731,60,shaza-orijinal-sarim-type-c-to-type-c-sarj-veri-kablosu,"SHAZA Orijinal Sarım Type-C To Type-C Şarj/Veri Kablosu",0,0
14737,60,shaza-orijinal-sarim-usb-a-to-type-c-sarj-veri-kablosu,"SHAZA Orijinal Sarım Usb- A To Type-C Şarj/ Veri Kablosu",0,0
14738,60,shaza-orijinal-sarim-usb-a-to-lightning-sarj-veri-kablosu,"SHAZA Orijinal Sarım Usb- A To Lightning Şarj/ Veri Kablosu",0,0
14739,60,samsung-typec-typec-kablo-25w-siyah,"Samsung TypeC-TypeC Kablo (25W) - Siyah",0,0
14740,60,samsung-typec-typec-kablo-25w-beyaz,"Samsung TypeC TypeC Kablo (25W) - Beyaz",0,0
14741,60,sharge-retro-35-gan-sarj-cihazi,"Sharge Retro 35 GaN Şarj Cihazı",0,0
14742,60,shaza-slim-cift-cikisli-usb-qc3-0-amp-tpe-c-pd-gan-65w-sarj-adaptoru-beyaz,"SHAZA Slim Çift Çıkışlı Usb QC3.0& Tpe-C PD GAN 65W Şarj Adaptörü Beyaz",0,0
14745,60,shaza-cift-cikisli-usb-qc3-0-amp-type-c-pd-gan-65w-sarj-adaptoru-beyaz,"SHAZA Çift Çıkışlı Usb QC3.0& Type-C PD Gan 65W Şarj Adaptörü Beyaz",0,0
14746,60,samsung-ep-t4511n-type-c-hizli-sarj-adaptoru-45w-siyah,"Samsung EP-T4511N Type C Hızlı Şarj Adaptörü (45W) - Siyah",0,0
14749,60,shaza-2-4a-seyahat-sarj-adaptoru,"SHAZA 2.4A Seyahat Şarj Adaptörü",0,0
14750,60,samsung-ep-t4511x-typec-hizli-sarj-aleti-45w-siyah,"Samsung EP-T4511X TypeC Hızlı Şarj Aleti (45W) - Siyah",0,0
14751,60,samsung-ep-t2510x-typec-hizli-sarj-aleti-25w-siyah,"Samsung EP-T2510X TypeC Hızlı Şarj Aleti (25W) - Siyah",0,0
14752,60,shaza-cift-cikisli-usb-qc3-0-amp-type-c-pd-20w-sarj-adaptoru-1500,"SHAZA Çift Çıkışlı Usb QC3.0& Type-C PD 20W  Şarj Adaptörü    1500",0,0
14753,60,shaza-cift-cikisli-usb-qc3-0-amp-type-c-pd-33w-sarj-adaptoru-1000,"SHAZA Çift Çıkışlı Usb QC3.0& Type-C PD 33W  Şarj Adaptörü     1000",0,0
14754,60,shaza-cift-cikisli-usb-qc3-0-amp-type-c-pd-65w-sarj-adaptoru,"SHAZA Çift Çıkışlı Usb QC3.0& Type-C PD 65W  Şarj Adaptörü",0,0
14756,60,samsung-ep-t2510n-type-c-hizli-sarj-adaptoru-25w-siyah,"Samsung EP-T2510N Type C Hızlı Şarj Adaptörü (25W) - Siyah",0,0
14758,60,samsung-type-c-super-hizli-sarj-cihazi-45w-siyah,"Samsung Type C Süper Hızlı Şarj Cihazı (45W) - Siyah",0,0
14759,60,samsung-wall-ikili-hizli-sarj-adaptoru-35w-15w-siyah,"Samsung Wall İkili Hızlı Şarj Adaptörü (35W-15W) - Siyah",0,0
14760,60,tribit-stormbox-mini-plus-12w-ipx7-su-gecirmez-12-saat-oynatma-suresi-5-4-tasinabilir-bluetooth-hoparlor-siyah,"Tribit Stormbox Mini Plus 12W IPX7 Su Geçirmez 12 Saat Oynatma Süresi 5.4 Taşınabilir Bluetooth Hoparlör Siyah",0,0
14761,60,shaza-synthetic-leather-akustik-girisli-80w-60-cm-buyuk-boy-rgb-hoparlor-desenli,"SHAZA Synthetic Leather Akustik Girişli 80W, 60 cm Büyük Boy RGB Hoparlör/Desenli",0,0
14762,60,shaza-synthetic-leather-akustik-girisli-80w-60-cm-buyuk-boy-rgb-hoparlor-turuncu,"SHAZA Synthetic Leather Akustik Girişli 80W, 60 cm Büyük Boy RGB Hoparlör/Turuncu",0,0
14763,60,shaza-synthetic-leather-akustik-girisli-130w-70cm-buyuk-boy-hoparlor-lacivert,"SHAZA Synthetic Leather Akustik Girişli 130W,70cm Büyük Boy Hoparlör/Lacivert",0,0
14764,60,shaza-synthetic-leather-akustik-girisli-130w-70cm-buyuk-boy-hoparlor-siyah,"SHAZA Synthetic Leather Akustik Girişli 130W,70cm Büyük Boy Hoparlör/Siyah",0,0
14765,60,shaza-synthetic-leather-akustik-girisli-130w-70cm-buyuk-boy-hoparlor-kahverengi,"SHAZA Synthetic Leather Akustik Girişli 130W,70cm Büyük Boy Hoparlör/Kahverengi",0,0
14766,60,shaza-synthetic-leather-akustik-girisli-160w-85-cm-buyuk-boy-hoparlor-siyah,"SHAZA Synthetic Leather Akustik Girişli 160W, 85 cm Büyük Boy Hoparlör/Siyah",0,0
14767,60,shaza-synthetic-leather-akustik-girisli160w-85-cm-buyuk-boy-hoparlor-kahverengi,"SHAZA Synthetic Leather Akustik Girişli160W, 85 cm Büyük Boy Hoparlör/Kahverengi",0,0
14768,60,shaza-kulak-disi-klips-bluetooth-kulaklik-siyah,"Shaza Kulak Dışı Klips Bluetooth Kulaklık Siyah",0,0
14769,60,shaza-kulak-disi-klips-bluetooth-kulaklik-bej,"Shaza Kulak Dışı Klips Bluetooth Kulaklık Bej",0,0
14770,60,shaza-kulak-ustu-kablosuz-bluetooth-kulaklik-bej,"SHAZA Kulak Üstü Kablosuz Bluetooth Kulaklık/Bej",0,0
14771,60,shaza-kulak-ustu-kablosuz-bluetooth-kulaklik-siyah,"SHAZA Kulak Üstü Kablosuz Bluetooth Kulaklık/Siyah",0,0
14772,60,shaza-air7-bluetooth-kulaklik-pembe,"SHAZA Air7 Bluetooth Kulaklık Pembe",0,0
14773,60,shaza-air7-bluetooth-kulaklik-mavi,"SHAZA Air7 Bluetooth Kulaklık Mavi",0,0
14774,60,shaza-air8-plus-bluetooth-kulaklik-beyaz,"SHAZA Air8 Plus Bluetooth Kulaklık Beyaz",0,0
14775,60,shaza-air8-plus-bluetooth-kulaklik-siyah,"SHAZA Air8 Plus Bluetooth Kulaklık Siyah",0,0
14776,60,tws-kemik-kulaklik-beyaz,"TWS KEMİK KULAKLIK BEYAZ",0,0
14777,60,tribit-stormbox-mini-plus-12w-ipx7-su-gecirmez-12-saat-oynatma-suresi-5-4-tasinabilir-bluetooth-hoparlor-yesil,"Tribit Stormbox Mini Plus 12W IPX7 Su Geçirmez 12 Saat Oynatma Süresi 5.4 Taşınabilir Bluetooth Hoparlör Yeşil",0,0
14778,60,tribit-pocketgo-7w-ip68-su-gecirmez-20-saat-oynatma-suresi-tasinabilir-bluetooth-hoparlor-yesil,"Tribit PocketGo 7W IP68 Su Geçirmez 20 Saat Oynatma Süresi Taşınabilir Bluetooth Hoparlör Yeşil",0,0
14779,60,tribit-pocketgo-7w-ip68-su-gecirmez-20-saat-oynatma-suresi-tasinabilir-bluetooth-hoparlor-siyah,"Tribit PocketGo 7W IP68 Su Geçirmez 20 Saat Oynatma Süresi Taşınabilir Bluetooth Hoparlör Siyah",0,0
14780,60,tribit-stormbox-mini-plus-12w-ipx7-su-gecirmez-12-saat-oynatma-suresi-5-4-tasinabilir-bluetooth-hoparlor-mavi,"Tribit Stormbox Mini Plus 12W IPX7 Su Geçirmez 12 Saat Oynatma Süresi 5.4 Taşınabilir Bluetooth Hoparlör Mavi",0,0
14781,60,tribit-stormbox-lava-80w-24-saat-oynatma-bt-5-4-43hz-ultra-deep-bass-bluetooth-hoparlor-gri,"Tribit StormBox Lava 80W 24 Saat Oynatma BT 5.4 43Hz Ultra Deep Bass Bluetooth Hoparlör Gri",0,0
14782,60,shaza-8w-rgb-isikli-taraftar-hoparloru-ks-ozel-seri,"SHAZA 8W RGB Işıklı Taraftar Hoparlörü | KS Özel Seri",0,0
14783,60,shaza-8w-rgb-isikli-taraftar-hoparloru-fb-ozel-seri,"SHAZA 8W RGB Işıklı Taraftar Hoparlörü | FB Özel Seri",0,0
14784,60,shaza-8w-rgb-isikli-taraftar-hoparloru-gs-ozel-seri,"SHAZA 8W RGB Işıklı Taraftar Hoparlörü | GS Özel Seri",0,0
14785,60,shaza-8w-rgb-isikli-taraftar-hoparloru-bjk-ozel-seri,"SHAZA 8W RGB Işıklı Taraftar Hoparlörü | BJK Özel Seri",0,0
14786,60,shaza-8w-rgb-isikli-taraftar-hoparloru-tr-ozel-seri,"SHAZA 8W RGB Işıklı Taraftar Hoparlörü | TR Özel Seri",0,0
14787,60,shaza-8w-rgb-isikli-taraftar-hoparloru-ts-ozel-seri,"SHAZA 8W RGB Işıklı Taraftar Hoparlörü | TS Özel Seri",0,0
14788,60,tribit-xsound-go-8-2w-bluetooth-hoparlor-kirmizi,"Tribit XSound Go 8*2W Bluetooth Hoparlör Kırmızı",0,0
14789,60,tribit-xsound-go-8-2w-bluetooth-hoparlor-mavi,"Tribit XSound Go 8*2W Bluetooth Hoparlör Mavi",0,0
14790,60,tribit-xsound-go-8-2w-bluetooth-hoparlor-siyah,"Tribit XSound Go 8*2W Bluetooth Hoparlör Siyah",0,0
14791,60,tribit-stormbox-mini-ipx67-6-2w-bluetooth-hoparlor-mavi,"Tribit Stormbox Mini IPX67 6*2W Bluetooth Hoparlör Mavi",0,0
14792,60,tribit-stormbox-mini-ipx67-6-2w-bluetooth-hoparlor-siyah,"Tribit Stormbox Mini IPX67 6*2W Bluetooth Hoparlör Siyah",0,0
14793,60,tribit-stormbox-mini-ipx67-6-2w-bluetooth-hoparlor-yesil,"Tribit Stormbox Mini IPX67 6*2W Bluetooth Hoparlör Yeşil",0,0
14794,60,tribit-stormbox-pro-40w-bluetooth-hoparlor,"Tribit Stormbox Pro 40W Bluetooth Hoparlör",0,0
14795,60,tribit-xsound-plus-2-30w-bluetooth-hoparlor-mavi,"Tribit Xsound Plus 2 30W Bluetooth Hoparlör Mavi",0,0
14797,60,tribit-aquaease-ipx7-su-gecirmez-18-saat-oynatma-suresi-dahili-mikrofon-isikli-hoparlor-mavi,"Tribit AquaEase IPX7 Su Geçirmez, 18 Saat Oynatma Süresi Dahili Mikrofon Işıklı Hoparlör Mavi",0,0
14798,60,tribit-aquaease-ipx7-su-gecirmez-18-saat-oynatma-suresi-dahili-mikrofon-isikli-hoparlor-pembe,"Tribit AquaEase IPX7 Su Geçirmez, 18 Saat Oynatma Süresi Dahili Mikrofon Işıklı Hoparlör Pembe",0,0
14799,60,tribit-xsound-mega-30w-20-saat-oynatma-suresi-ipx7-su-gecirmez-rgb-tasinabilir-tws-bluetooth-hoparlor-siyah,"Tribit XSound Mega 30W 20 Saat Oynatma Süresi IPX7 Su Geçirmez RGB Taşınabilir TWS Bluetooth Hoparlör Siyah",0,0
14800,60,tribit-stormbox-2-ipx7-su-gecirmez-24-saat-oynatma-suresi-2-17w-tasinabilir-bluetooth-hoparlor-siyah,"Tribit Stormbox 2 IPX7 Su Geçirmez 24 Saat Oynatma Süresi 2*17W Taşınabilir Bluetooth Hoparlör Siyah",0,0
14801,60,samsung-galaxy-a57-seffaf-kilif,"Samsung Galaxy A57 Şeffaf Kılıf",0,0
14802,60,samsung-galaxy-a57-silikon-kilif-koyu-mavi,"Samsung Galaxy A57 Silikon Kılıf-Koyu Mavi",0,0
14803,60,samsung-galaxy-a57-silikon-kilif-gri,"Samsung Galaxy A57 Silikon Kılıf-Gri",0,0
14804,60,samsung-galaxy-a57-silikon-kilif-acik-mavi,"Samsung Galaxy A57 Silikon Kılıf-Açık Mavi",0,0
14805,60,samsung-galaxy-a57-rugged-kilif-siyah,"Samsung Galaxy A57 Rugged Kılıf-Siyah",0,0
14806,60,samsung-galaxy-a57-kart-bolmeli-kilif-siyah,"Samsung Galaxy A57 Kart Bölmeli Kılıf-Siyah",0,0
14807,60,samsung-galaxy-a57-kart-bolmeli-kilif-gri,"Samsung Galaxy A57 Kart Bölmeli Kılıf-Gri",0,0
14808,60,samsung-galaxy-a37-seffaf-kilif,"Samsung Galaxy A37 Şeffaf Kılıf",0,0
14809,60,samsung-galaxy-a37-silikon-kilif-siyah,"Samsung Galaxy A37 Silikon Kılıf-Siyah",0,0
14810,60,samsung-galaxy-a37-silikon-kilif-lila,"Samsung Galaxy A37 Silikon Kılıf-Lila",0,0
14811,60,samsung-galaxy-a37-silikon-kilif-gri,"Samsung Galaxy A37 Silikon Kılıf-Gri",36,0
14812,60,samsung-galaxy-a37-kart-bolmeli-kilif-siyah,"Samsung Galaxy A37 Kart Bölmeli Kılıf-Siyah",43,0
14813,60,samsung-galaxy-a37-kart-bolmeli-kilif-gri,"Samsung Galaxy A37 Kart Bölmeli Kılıf-Gri",41,0
14814,60,samsung-galaxy-s26-silikon-magnet-kilif-mercan,"Samsung Galaxy S26+ Silikon Magnet Kılıf - Mercan",0,0
14815,60,samsung-galaxy-s26-silikon-magnet-kilif-acik-mavi,"Samsung Galaxy S26+ Silikon Magnet Kılıf - Açık Mavi",0,0
14816,60,samsung-galaxy-s26-silikon-magnet-kilif-beyaz,"Samsung Galaxy S26+ Silikon Magnet Kılıf - Beyaz",0,0
14817,60,samsung-galaxy-s26-ince-magnet-kilif-gri,"Samsung Galaxy S26+ İnce Magnet Kılıf - Gri",0,0
14818,60,samsung-galaxy-s26-ince-magnet-kilif-acik-mavi,"Samsung Galaxy S26+ İnce Magnet Kılıf - Açık Mavi",0,0
14819,60,samsung-galaxy-s26-ince-magnet-kilif-lila,"Samsung Galaxy S26+ İnce Magnet Kılıf - Lila",0,0
14820,60,samsung-galaxy-s26-ultra-seffaf-magnet-kilif,"Samsung Galaxy S26 Ultra Şeffaf Magnet Kılıf",0,0
14821,60,samsung-galaxy-s26-ultra-ince-magnet-kilif-acik-mavi,"Samsung Galaxy S26 Ultra İnce Magnet Kılıf - Açık Mavi",0,0
14822,60,samsung-galaxy-s26-ultra-ince-magnet-kilif-siyah,"Samsung Galaxy S26 Ultra İnce Magnet Kılıf - Siyah",0,0
14823,60,samsung-galaxy-s26-ince-magnet-kilif-siyah,"Samsung Galaxy S26+ İnce Magnet Kılıf - Siyah",0,0
14824,60,samsung-galaxy-tab-s11-ultra-ince-klavyeli-kilif-siyah,"Samsung  Galaxy Tab S11 Ultra İnce Klavyeli Kılıf - Siyah",0,0
14825,60,samsung-galaxy-tab-s11-ince-klavyeli-kilif-siyah,"Samsung  Galaxy Tab S11 İnce Klavyeli Kılıf - Siyah",0,0
14826,60,samsung-tab-s10-fe-ince-klavyeli-kilif-galaxy-ai-siyah,"Samsung Tab S10 FE+ İnce Klavyeli Kılıf (Galaxy AI) - Siyah",0,0
14827,60,samsung-tab-s10-fe-klavyeli-mousepadli-kilif-galaxy-ai-siyah,"Samsung Tab S10 FE+ Klavyeli Mousepadli Kılıf (Galaxy AI) - Siyah",0,0
14828,60,samsung-tab-s10-fe-klavyeli-mousepadli-kilif-galaxy-ai-beyaz,"Samsung Tab S10 FE+ Klavyeli Mousepadli Kılıf (Galaxy AI) - Beyaz",0,0
14829,60,samsung-galaxy-tab-s9-ultra-mousepadli-klavyeli-kapakli-kilif-siyah,"Samsung Galaxy Tab S9 Ultra Mousepadli Klavyeli Kapaklı Kılıf - Siyah",0,0
14830,60,samsung-galaxy-tab-s9-mousepadli-klavyeli-kapakli-kilif-siyah,"Samsung Galaxy Tab S9 Mousepadli Klavyeli Kapaklı Kılıf - Siyah",0,0
14831,60,samsung-galaxy-s24-silikon-kilif-beyaz,"Samsung Galaxy S24 Silikon Kılıf -  Beyaz",0,0
14832,60,shaza-nexa-serisi-arac-ici-sarj-122-5w,"SHAZA NEXA Serisi Araç İçi Şarj 122.5W",0,0
14833,60,shaza-airglass-privacy-iki-yonlu-gizlilik-filtreli-akilli-uygulama-kutusu-cam-ekran-koruyucu-samsung-s26-ultra,"SHAZA Aırglass Privacy İki Yönlü Gizlilik Filtreli Akıllı Uygulama Kutusu Cam Ekran Koruyucu Samsung S26 Ultra",0,0
14834,60,shaza-airglass-privacy-iki-yonlu-gizlilik-filtreli-akilli-uygulama-kutusu-cam-ekran-koruyucu-samsung-s26-plus,"SHAZA Aırglass Privacy İki Yönlü Gizlilik Filtreli Akıllı Uygulama Kutusu Cam Ekran Koruyucu Samsung S26 Plus",0,0
14835,60,shaza-airglass-privacy-iki-yonlu-gizlilik-filtreli-akilli-uygulama-kutusu-cam-ekran-koruyucu-samsung-s26,"SHAZA Aırglass Privacy İki Yönlü Gizlilik Filtreli Akıllı Uygulama Kutusu Cam Ekran Koruyucu Samsung S26",0,0
14836,60,shaza-airglass-akilli-uygulama-kutusu-cam-ekran-koruyucu-samsung-s26-ultra,"SHAZA Aırglass Akıllı Uygulama Kutusu Cam Ekran Koruyucu Samsung S26 Ultra",0,0
14837,60,shaza-airglass-akilli-uygulama-kutusu-cam-ekran-koruyucu-samsung-s26-plus,"SHAZA Aırglass Akıllı Uygulama Kutusu Cam Ekran Koruyucu Samsung S26 Plus",0,0
14838,60,shaza-airglass-akilli-uygulama-kutusu-cam-ekran-koruyucu-samsung-s26,"SHAZA Aırglass Akıllı Uygulama Kutusu Cam Ekran Koruyucu Samsung S26",0,0
14839,60,samsung-ej-b7800b-bluetooth-klavye,"Samsung EJ-B7800B Bluetooth Klavye",0,0
14840,60,shaza-360-donebilen-magsafe-arac-ici-telefon-tutucu-siyah,"SHAZA 360 Dönebilen Magsafe Araç İçi Telefon Tutucu Siyah",0,0
14841,60,shaza-360-donebilen-kiskacli-arac-ici-telefon-tutucu-siyah,"SHAZA 360 Dönebilen Kıskaçlı Araç İçi Telefon Tutucu Siyah",0,0
14842,60,samsung-galaxy-s25-ultra-s-pen-siyah,"Samsung Galaxy S25 Ultra S Pen  - Siyah",0,0
14843,60,niimbot-t50-50-150white-round-b1-b21s-b3s,"NIIMBOT T50*50-150WHITE Round(B1,B21S,B3S)",0,0
14844,60,niimbot-b21s-thermal-label-printer-black,"NIIMBOT B21S Thermal Label Printer (Black)",0,0
14845,60,niimbot-t4060-125transparent-b1-b21s-b3s,"NIIMBOT T4060-125TRANSPARENT (B1,B21S,B3S)",0,0
14846,60,niimbot-t50-30-230white-b1-b21s-b3s,"NIIMBOT T50*30-230WHITE (B1,B21S,B3S)",0,0
14847,60,niimbot-t12-5-74-35-65white-d11-d110-d101-h1s,"NIIMBOT T12.5*74+35-65White (D11,D110,D101,H1S)",0,0
14848,60,niimbot-tt14-28-220transparent-d11-d110-d101-h1s,"NIIMBOT TT14*28-220TRANSPARENT (D11,D110,D101,H1S)",0,0
14849,60,niimbot-t15-30-210white-d11-d110-d101-h1s,"NIIMBOT T15*30-210WHITE (D11,D110,D101,H1S)",0,0
14850,60,niimbot-d11-h-thermal-label-printer-pink,"NIIMBOT D11_H Thermal Label Printer (Pink)",0,0
14851,60,niimbot-d11-h-thermal-label-printer-blue,"NIIMBOT D11_H Thermal Label Printer (Blue)",0,0
14852,60,niimbot-d11-h-thermal-label-printer-white,"NIIMBOT D11_H Thermal Label Printer (White)",0,0
14853,60,niimbot-d11-h-thermal-label-printer-black,"NIIMBOT D11_H Thermal Label Printer (Black)",0,0
14854,60,niimbot-d110-m-thermal-label-printer-green,"NIIMBOT D110_M Thermal Label Printer (Green)",0,0
14855,60,niimbot-d110-m-thermal-label-printer-blue,"NIIMBOT D110_M Thermal Label Printer (Blue)",0,0
14856,60,shaza-airglass-uygulama-aparatli-cam-ekran-koruyucu-iphone-17-pro-max,"SHAZA Aırglass Uygulama Aparatlı Cam Ekran Koruyucu Iphone 17 Pro Max",0,0
14857,60,shaza-airglass-uygulama-aparatli-cam-ekran-koruyucu-iphone-17-pro,"SHAZA Aırglass Uygulama Aparatlı Cam Ekran Koruyucu Iphone 17 Pro",0,0
14858,60,shaza-airglass-uygulama-aparatli-cam-ekran-koruyucu-iphone-17-air,"SHAZA Aırglass Uygulama Aparatlı Cam Ekran Koruyucu Iphone 17 Air",0,0
14859,60,shaza-airglass-uygulama-aparatli-cam-ekran-koruyucu-iphone-17,"SHAZA Aırglass Uygulama Aparatlı Cam Ekran Koruyucu Iphone 17",0,0
14860,60,shaza-airglass-privacy-iki-yonlu-gizlilik-filtreli-uygulama-aparatli-cam-ekran-koruyucu-iphone-17-pro-max,"SHAZA Aırglass Privacy İki Yönlü Gizlilik Filtreli Uygulama Aparatlı Cam Ekran Koruyucu Iphone 17 Pro Max",0,0
14861,60,shaza-airglass-privacy-iki-yonlu-gizlilik-filtreli-uygulama-aparatli-cam-ekran-koruyucu-iphone-17-pro,"SHAZA Aırglass Privacy İki Yönlü Gizlilik Filtreli Uygulama Aparatlı Cam Ekran Koruyucu Iphone 17 Pro",0,0
14862,60,shaza-airglass-privacy-iki-yonlu-gizlilik-filtreli-uygulama-aparatli-cam-ekran-koruyucu-iphone-17-air,"SHAZA Aırglass Privacy İki Yönlü Gizlilik Filtreli Uygulama Aparatlı Cam Ekran Koruyucu Iphone 17 Air",0,0
14863,60,shaza-airglass-privacy-iki-yonlu-gizlilik-filtreli-uygulama-aparatli-cam-ekran-koruyucu-iphone-17,"SHAZA Aırglass Privacy İki Yönlü Gizlilik Filtreli Uygulama Aparatlı Cam Ekran Koruyucu Iphone 17",0,0
14864,60,shaza-airglass-uygulama-aparatli-cam-ekran-koruyucu-samsung-galaxy-fold-7,"SHAZA Aırglass Uygulama Aparatlı Cam Ekran Koruyucu Samsung Galaxy Fold 7",0,0
14865,60,shaza-airglass-uygulama-aparatli-cam-ekran-koruyucu-samsung-s23-ultra,"SHAZA Aırglass Uygulama Aparatlı Cam Ekran Koruyucu Samsung S23 Ultra",0,0
14866,60,shaza-airglass-privacy-iki-yonlu-gizlilik-filtreli-uygulama-aparatli-cam-ekran-koruyucu-iphone-16-pro-max,"SHAZA Aırglass  Privacy İki Yönlü Gizlilik Filtreli Uygulama Aparatlı Cam Ekran Koruyucu Iphone 16 Pro Max",0,0
14867,60,shaza-airglass-uygulama-aparatli-cam-ekran-koruyucu-iphone-16-pro,"SHAZA Aırglass  Uygulama Aparatlı Cam Ekran Koruyucu Iphone 16 Pro",0,0
14868,60,shaza-airglass-uygulama-aparatli-cam-ekran-koruyucu-iphone-16,"SHAZA Aırglass  Uygulama Aparatlı Cam Ekran Koruyucu Iphone 16",0,0
14869,60,shaza-airglass-2x-privacy-iki-yonlu-gizlilik-filtreli-uygulama-aparatli-cam-ekran-koruyucu-iphone-15-plus,"SHAZA Aırglass 2X Privacy İki Yönlü Gizlilik Filtreli Uygulama Aparatlı Cam Ekran Koruyucu Iphone 15 Plus",0,0
14870,60,shaza-airglass-2x-privacy-iki-yonlu-gizlilik-filtreli-uygulama-aparatli-cam-ekran-koruyucu-iphone-13-pro-max-14-plus,"SHAZA Aırglass 2X Privacy İki Yönlü Gizlilik Filtreli Uygulama Aparatlı Cam Ekran Koruyucu Iphone 13 Pro Max/14 Plus",0,0
14871,60,shaza-airglass-2x-uygulama-aparatli-cam-ekran-koruyucu-iphone-15,"SHAZA Aırglass 2X Uygulama Aparatlı Cam Ekran Koruyucu Iphone 15",0,0
14872,60,shaza-airglass-2x-uygulama-aparatli-cam-ekran-koruyucu-iphone-13-pro-max-14-plus,"SHAZA Aırglass 2X Uygulama Aparatlı Cam Ekran Koruyucu Iphone 13 Pro Max/14 Plus",0,0
14873,60,shaza-airglass-privacy-iki-yonlu-gizlilik-filtreli-uygulama-aparatli-cam-ekran-koruyucu-iphone-15-pro-max,"SHAZA Aırglass Privacy İki Yönlü Gizlilik Filtreli Uygulama Aparatlı Cam Ekran Koruyucu Iphone 15 Pro Max",0,0
14874,60,shaza-safir-kamera-lens-koruyucu-17-air-acik-sari-light-gold,"SHAZA Safir Kamera Lens Koruyucu 17 Air Açık Sarı (Light Gold)",0,0
14875,60,shaza-safir-kamera-lens-koruyucu-17-air-seffaf,"SHAZA Safir Kamera Lens Koruyucu 17 Air Şeffaf",0,0
14876,60,shaza-safir-kamera-lens-koruyucu-17-air-siyah,"SHAZA Safir Kamera Lens Koruyucu 17 Air Siyah",0,0
14877,60,shaza-safir-kamera-lens-koruyucu-17-air-acik-mavi,"SHAZA Safir Kamera Lens Koruyucu 17 Air Açık Mavi",0,0
14878,60,shaza-safir-kamera-lens-koruyucu-17-air-gumus,"SHAZA Safir Kamera Lens Koruyucu 17 Air Gümüş",0,0
14879,60,shaza-safir-kamera-lens-koruyucu-17-yesil,"SHAZA Safir Kamera Lens Koruyucu 17 Yeşil",0,0
14880,60,shaza-safir-kamera-lens-koruyucu-17-seffaf,"SHAZA Safir Kamera Lens Koruyucu 17 Şeffaf",0,0
14881,60,shaza-safir-kamera-lens-koruyucu-17-siyah,"SHAZA Safir Kamera Lens Koruyucu 17 Siyah",0,0
14882,60,shaza-safir-kamera-lens-koruyucu-17-mor,"SHAZA Safir Kamera Lens Koruyucu 17 Mor",0,0
14883,60,shaza-safir-kamera-lens-koruyucu-17-mavi,"SHAZA Safir Kamera Lens Koruyucu 17 Mavi",0,0
14884,60,shaza-safir-kamera-lens-koruyucu-17-gumus,"SHAZA Safir Kamera Lens Koruyucu 17 Gümüş",0,0
14885,60,shaza-safir-kamera-lens-koruyucu-17-pro-17-pro-max-seffaf,"SHAZA Safir Kamera Lens Koruyucu 17 Pro/ 17 Pro Max Şeffaf",0,0
14886,60,shaza-safir-kamera-lens-koruyucu-17-pro-17-pro-max-turuncu,"SHAZA Safir Kamera Lens Koruyucu 17 Pro/ 17 Pro Max Turuncu",0,0
14887,60,shaza-safir-kamera-lens-koruyucu-17-pro-17-pro-max-gri,"SHAZA Safir Kamera Lens Koruyucu 17 Pro/ 17 Pro Max Gri",0,0
14888,60,shaza-safir-kamera-lens-koruyucu-17-pro-17-pro-max-gumus,"SHAZA Safir Kamera Lens Koruyucu 17 Pro/ 17 Pro Max Gümüş",0,0
14889,60,shaza-safir-kamera-lens-koruyucu-17-pro-17-pro-max-koyu-mavi,"SHAZA Safir Kamera Lens Koruyucu 17 Pro/ 17 Pro Max Koyu Mavi",0,0
14890,60,shaza-safir-kamera-lens-koruyucu-16-pro-16-pro-max-seffaf,"SHAZA Safir Kamera Lens Koruyucu 16 Pro/ 16 Pro Max  Şeffaf",0,0
14891,60,shaza-safir-kamera-lens-koruyucu-16-pro-16-pro-max-gri,"SHAZA Safir Kamera Lens Koruyucu 16 Pro/ 16 Pro Max  Gri",0,0
14892,60,shaza-safir-kamera-lens-koruyucu-16-16-plus-seffaf,"SHAZA Safir Kamera Lens Koruyucu 16/ 16 Plus Şeffaf",0,0
14893,60,shaza-safir-kamera-lens-koruyucu-14-pro-14-pro-max-beyaz,"SHAZA Safir Kamera Lens Koruyucu 14 Pro/ 14 Pro Max  Beyaz",0,0
14894,60,shaza-safir-kamera-lens-koruyucu-14-pro-14-pro-max-gold,"SHAZA Safir Kamera Lens Koruyucu 14 Pro/ 14 Pro Max  Gold",0,0
14895,60,shaza-safir-kamera-lens-koruyucu-14-pro-14-pro-max-siyah,"SHAZA Safir Kamera Lens Koruyucu 14 Pro/ 14 Pro Max  Siyah",0,0
14896,60,shaza-safir-kamera-lens-koruyucu-14-14-plus-mavi,"SHAZA Safir Kamera Lens Koruyucu 14/ 14 Plus Mavi",0,0
14897,60,shaza-safir-kamera-lens-koruyucu-14-14-plus-siyah,"SHAZA Safir Kamera Lens Koruyucu 14/ 14 Plus Siyah",0,0
14898,60,samsung-ei-t5600-smarttag-2-beyaz,"Samsung EI-T5600 SmartTag 2 - Beyaz",0,0
14899,60,samsung-galaxy-tab-s9-fe-amp-s9-fe-s-pen-gri,"Samsung Galaxy Tab S9 FE & S9 FE+ S Pen - Gri",0,0
14900,60,samsung-galaxy-s24-ultra-s-pen-sari,"Samsung Galaxy S24 Ultra S Pen  - Sarı",0,0
14901,60,samsung-galaxy-s23-ultra-s-pen-krem,"Samsung Galaxy S23 Ultra S Pen - Krem",0,0
14902,60,samsung-galaxy-tab-s9-serisi-s-pen-bej,"Samsung Galaxy Tab S9 Serisi S Pen - Bej",0,0
14903,60,samsung-galaxy-tab-s9-serisi-s-pen-siyah,"Samsung Galaxy Tab S9 Serisi S Pen - Siyah",0,0
14904,60,samsung-galaxy-s23-ultra-s-pen-fantom-siyah,"Samsung Galaxy S23 Ultra S Pen - Fantom Siyah",0,0
14905,60,samsung-galaxy-s23-ultra-s-pen-yesil,"Samsung Galaxy S23 Ultra S Pen - Yeşil",0,0
14906,60,samsung-galaxy-s-pen-fold5-edition-siyah,"Samsung Galaxy S Pen Fold5 Edition - Siyah",0,0
14907,60,shaza-nexa-serisi-masaustu-saat,"SHAZA Nexa Serisi Masaüstü Saat",0,0
14908,60,samsung-galaxy-s26-silikon-magnet-kilif-gri,"Samsung Galaxy S26+ Silikon Magnet Kılıf - Gri",0,0
14909,60,samsung-galaxy-s26-ultra-karbon-magnet-kilif-siyah,"Samsung Galaxy S26 Ultra Karbon Magnet Kılıf - Siyah",0,0
14910,60,factor-m-micro-data-kablo-3a-1-20m-turuncu,"Factor-M Mıcro Data Kablo 3A 1.20M Turuncu",0,0
14911,60,factor-m-micro-data-kablo-3a-1-20m-pembe,"Factor-M Mıcro Data Kablo 3A 1.20M Pembe",0,0
14912,60,factor-m-micro-data-kablo-3a-1-20m-mavi,"Factor-M Mıcro Data Kablo 3A 1.20M Mavi",0,0
14913,60,factor-m-lightning-data-kablo-3a-1-20m-mavi,"Factor-M Lıghtnıng  Data Kablo 3A 1.20M Mavi",0,0
14914,60,factor-m-fm-03-kulakici-kulaklik-beyaz,"Factor-m Fm-03 Kulakiçi Kulaklık Beyaz",0,0
14915,60,factor-m-in-ear-kulaklik,"Factor-M In-Ear Kulaklık",0,0
14916,60,yeelight-led-isik-seridi-uzatmasi-1m,"Yeelight LED Işık Şeridi Uzatması (1M)",0,0
14917,60,yeelight-ambiyans-lamba,"Yeelight Ambiyans Lamba",0,0
14918,60,yeelight-kablosuz-sarjli-gece-lambasi,"Yeelight Kablosuz Şarjlı Gece Lambası",0,0
14919,60,sharge-retractable-65-gan-sarj-cihazi-beyaz,"Sharge Retractable 65 GaN Şarj Cihazı Beyaz",0,0
14920,60,sharge-retractable-65-gan-sarj-cihazi-siyah,"Sharge Retractable 65 GaN Şarj Cihazı Siyah",0,0
14921,60,sharge-carbonblade-10-000mah-ultra-hafif-powerbank,"Sharge CarbonBlade 10,000mAh Ultra Hafif PowerBank",0,0
14922,60,sharge-pouch-3-u-1-arada-powerbank,"Sharge Pouch 3 ü 1 arada PowerBank",0,0
14923,60,sharge-carbonmag-10-000mah-magsafe-destekli-powerbank,"Sharge CarbonMag 10,000mAh Magsafe Destekli PowerBank",0,0
14924,60,sharge-140w-yuksek-guclu-ve-seffaf-tasarimli-powerbank-siyah,"Sharge 140W - Yüksek Güçlü ve Şeffaf Tasarımlı Powerbank Siyah",0,0
14925,60,sharge-usb-c-100w-gan-hizli-sarj-cihazi,"Sharge USB-C 100W GaN Hızlı Şarj Cihazı",0,0
14926,60,sharge-s140-140w-pd3-1-gan-hizli-sarj-cihazi-turuncu,"Sharge S140 - 140W PD3.1 GaN Hızlı Şarj Cihazı Turuncu",0,0
14927,60,samsung-eb-p4520x-20-000-mah-powerbank,"Samsung EB-P4520X 20.000 mAh Powerbank",0,0
14928,60,iclever-bth26-gurultu-engelleme-ozellikli-kulaklik-mor-yesil,"iClever BTH26 Gürültü Engelleme Özellikli Kulaklık, Mor-Yeşil",0,0
14929,60,iclever-bth21-isikli-kedi-kulakli-cocuk-bluetooth-kulaklik-mor,"iClever BTH21 Işıklı Kedi Kulaklı Çocuk Bluetooth Kulaklık -Mor",0,0
14930,60,iclever-bth18-led-isikli-cocuk-bluetooth-kulaklik-pembe,"iClever BTH18 LED Işıklı Çocuk Bluetooth Kulaklık -Pembe",0,0
14931,60,iclever-bth18-led-isikli-cocuk-bluetooth-kulaklik-mor,"iClever BTH18 LED Işıklı Çocuk Bluetooth Kulaklık -Mor",0,0
14932,60,iclever-bth18-led-isikli-cocuk-bluetooth-kulaklik-mavi,"iClever BTH18 LED Işıklı Çocuk Bluetooth Kulaklık -Mavi",0,0
14933,60,iclever-bth27-bebek-kucuk-cocuk-bluetooth-kulaklik-siyah,"iClever BTH27 Bebek / Küçük Çocuk Bluetooth Kulaklık -Siyah",0,0
14934,60,iclever-bth26-aktif-gurultu-engelleme-ozellikli-cocuk-bluetooth-kulaklik-mavi,"iClever BTH26 Aktif Gürültü Engelleme Özellikli Çocuk Bluetooth Kulaklık -Mavi",0,0
14935,60,iclever-bth22-cocuk-bluetooth-kulaklik-pembe,"iClever BTH22 Çocuk Bluetooth Kulaklık -Pembe",0,0
14936,60,iclever-bth22-cocuk-bluetooth-kulaklik-mavi,"iClever BTH22 Çocuk Bluetooth Kulaklık -Mavi",0,0
14937,60,iclever-bth20-aktif-gurultu-engelleme-ozellikli-cocuk-bluetooth-kulaklik-pembe,"iClever BTH20 Aktif Gürültü Engelleme Özellikli Çocuk Bluetooth Kulaklık -Pembe",0,0
14938,60,iclever-bth20-aktif-gurultu-engelleme-ozellikli-cocuk-bluetooth-kulaklik-mavi,"iClever BTH20 Aktif Gürültü Engelleme Özellikli Çocuk Bluetooth Kulaklık -Mavi",0,0
14939,60,iclever-bth19-kedi-kulakli-cocuk-bluetooth-kulaklik-mor,"iClever BTH19 Kedi Kulaklı Çocuk Bluetooth Kulaklık -Mor",0,0
14940,60,iclever-bth13-kedi-kulakli-cocuk-bluetooth-kulaklik-mor,"iClever BTH13 Kedi Kulaklı Çocuk Bluetooth Kulaklık -Mor",0,0
14941,60,iclever-bth13-kedi-kulakli-cocuk-bluetooth-kulaklik-pembe,"iClever BTH13 Kedi Kulaklı Çocuk Bluetooth Kulaklık -Pembe",0,0
14942,60,iclever-bth13-kedi-kulakli-cocuk-bluetooth-kulaklik-gradyan-pembe,"iClever BTH13 Kedi Kulaklı Çocuk Bluetooth Kulaklık -Gradyan Pembe",0,0
14943,60,iclever-bth12-cocuk-bluetooth-kulaklik-mor,"iClever BTH12 Çocuk Bluetooth Kulaklık -Mor",0,0
14944,60,iclever-bth12-cocuk-bluetooth-kulaklik-pembe,"iClever BTH12 Çocuk Bluetooth Kulaklık -Pembe",0,0
14945,60,iclever-bth12-cocuk-bluetooth-kulaklik-sicak-pembe,"iClever BTH12 Çocuk Bluetooth Kulaklık -Sıcak Pembe",0,0
14946,60,iclever-bth12-cocuk-bluetooth-kulaklik-gradyan-pembe,"iClever BTH12 Çocuk Bluetooth Kulaklık -Gradyan Pembe",0,0
14947,60,iclever-bth12-cocuk-bluetooth-kulaklik-mavi,"iClever BTH12 Çocuk Bluetooth Kulaklık -Mavi",0,0
14948,60,samsung-galaxy-s26-silikon-magnet-kilif-gece-moru,"Samsung Galaxy S26+ Silikon Magnet Kılıf - Gece Moru",0,0
14949,60,samsung-galaxy-s26-ultra-rugged-magnet-kilif-siyah,"Samsung Galaxy S26 Ultra Rugged Magnet Kılıf - Siyah",0,0
14950,60,samsung-galaxy-s26-ultra-seffaf-kilif,"Samsung Galaxy S26 Ultra Şeffaf Kılıf",0,0
14951,60,samsung-galaxy-s26-ultra-silikon-magnet-kilif-acik-mavi,"Samsung Galaxy S26 Ultra Silikon Magnet Kılıf - Açık Mavi",0,0
14952,60,samsung-galaxy-s26-ultra-silikon-magnet-kilif-mercan,"Samsung Galaxy S26 Ultra Silikon Magnet Kılıf - Mercan",0,0
14953,60,samsung-galaxy-s26-ultra-silikon-magnet-kilif-gri,"Samsung Galaxy S26 Ultra Silikon Magnet Kılıf - Gri",0,0
14954,60,samsung-galaxy-s26-ultra-silikon-magnet-kilif-gece-moru,"Samsung Galaxy S26 Ultra Silikon Magnet Kılıf - Gece Moru",0,0
14955,60,samsung-galaxy-s26-ultra-silikon-magnet-kilif-beyaz,"Samsung Galaxy S26 Ultra Silikon Magnet Kılıf - Beyaz",0,0
14956,60,samsung-galaxy-s26-ultra-silikon-magnet-kilif-siyah,"Samsung Galaxy S26 Ultra Silikon Magnet Kılıf - Siyah",0,0
14957,60,samsung-galaxy-s25-fe-standli-kordonlu-silikon-kilif-beyaz,"Samsung  Galaxy  S25 FE Standlı Kordonlu Silikon Kılıf - Beyaz",0,0
14958,60,samsung-galaxy-s25-fe-standli-kordonlu-silikon-kilif-acik-mavi,"Samsung  Galaxy  S25 FE Standlı Kordonlu Silikon Kılıf - Açık Mavi",0,0
14959,60,samsung-galaxy-s25-fe-standli-kordonlu-silikon-kilif-lacivert,"Samsung  Galaxy  S25 FE Standlı Kordonlu Silikon Kılıf - Lacivert",0,0
14960,60,samsung-galaxy-s25-fe-silikon-kilif-acik-mavi,"Samsung Galaxy S25 FE Silikon Kılıf-Açık Mavi",0,0
14961,60,samsung-galaxy-s25-fe-deri-kilif-lacivert,"Samsung Galaxy S25 FE Deri Kılıf - Lacivert",0,0
14962,60,samsung-galaxy-s25-fe-deri-kilif-taba,"Samsung Galaxy S25 FE Deri Kılıf - Taba",0,0
14963,60,niimbot-d110-m-thermal-label-printer-white,"NIIMBOT D110_M Thermal Label Printer (White)",0,0
14964,60,niimbot-h1s-thermal-label-printer-cream,"NIIMBOT H1S Thermal Label Printer (Cream)",0,0
14965,60,niimbot-b3s-thermal-label-printer-grey,"NIIMBOT B3S Thermal Label Printer (Grey)",0,0
14966,60,niimbot-b21s-thermal-label-printer-red,"NIIMBOT B21S Thermal Label Printer (Red)",0,0
14967,60,niimbot-b1-thermal-label-printer-space-blue,"NIIMBOT B1 Thermal Label Printer (Space Blue)",0,0
15077,68,hardline-amerikan-beyzbol-sapka,"Hardline Amerikan Beyzbol Şapka",31,0
15124,68,bigjoy-bigmass-gh-factors-3000-gr,"Bigjoy BigMass +GH Factors 3000 gr",0,0
15125,68,bigjoy-citruline-malate-300-gr-aromasiz,"BigJoy Citruline Malate 300 gr Aromasız",39,1
15128,68,optimum-nutrition-optimum-gold-standard-casein-protein-tozu-908-gr,"Optimum Nutrition Optimum Gold Standard Casein Protein Tozu 908 gr",58,1
15166,68,agirlik-kemeri1,"Ağırlık Kemeri",22,0
15177,68,trec-nutrition-shaker,"Trec Nutrition Shaker",73,0
15179,68,bulk-nutrition-shaker-600-ml,"Bulk Nutrition Shaker 600 ml",56,1
15209,68,fa-ice-pump-pre-workout-sample-box-185-gr-x-10-adet,"Fa Ice Pump Pre Workout Sample Box 18,5 gr x 10 Adet",52,1
15241,68,massquick-fatburner-l-carnitine-3000-mg-20-shot,"Massquick FatBurner L Carnitine 3000 mg 20 Shot",47,1
15242,68,massquick-dynamo-pre-workout-50-ml-x-20-shot,"MassQuick Dynamo Pre-Workout 50 ml x 20 Shot",44,1
15263,68,granio-dubai-style-bar-40-gr-x-24-adet-antep-fistikli-kadayifli,"Granio Dubai Style Bar 40 gr x 24 Adet Antep Fıstıklı & Kadayıflı",65,1
15264,68,granio-riders-collagen-bar-40-gr-x-24-adet,"Granio Riders Collagen Bar 40 gr x 24 Adet",42,1
15265,68,granio-riders-energy-bar-40-gr-x-24-adet,"Granio Riders Energy Bar 40 gr x 24 Adet",40,1
15266,68,granio-riders-high-protein-bar-50-gr-x-24-adet,"Granio Riders High Protein Bar 50 gr x 24 Adet",46,1
15267,68,granio-riders-protein-bar-40-gr-x-24-adet,"Granio Riders Protein Bar 40 gr x 24 Adet",41,1
15268,68,granio-sutlu-cikolata-kaplamali-tahil-bar-35-gr-x-24-adet,"Granio Sütlü Çikolata Kaplamalı Tahıl Bar 35 gr x 24 Adet",57,1
15451,41,z-konsetp-creatin-ultura-micronized-formula-500-gr,"Z Konsetp Creatin Ultura Mıcronızed Formula 500 gr",0,1
15481,75,animal-pak,"Animal, PAK",0,0
15500,75,amino-collagen-liquid,"Amino Collagen Liquid",21,0
15503,41,stanley-klasik-040-lt-siyah-celik-yemek-termosu,"Stanley Klasik 0.40 lt Siyah Çelik Yemek Termosu",0,0
15521,41,xtr-fitness-pro-series-dambil-20-kg,"XTR Fitness Pro Series Dambıl 20 kg",0,1
15543,41,olympia-joe-weider-weekend-rag-top-beyaz,"Olympia Joe Weider Weekend Rag Top Beyaz",0,1
15550,76,animal-joy-anahtarlik,"ANIMAL JOY ANAHTARLIK",72,1
15599,41,olimp-250-gr-aromasiz-kreatin,"Olimp 250 gr Aromasız Kreatin",0,1
15600,41,nutrend-whey-protein-2250-gr-protein-tozu,"Nutrend Whey Protein 2250 gr Protein Tozu",41,1
15601,41,olimp-glucosamine-plus-60-kapsul-3,"Olimp Glucosamine Plus 60 Kapsül",32,1
15602,41,nutrend-creatine-monohydrate-300-gr-kreatin,"Nutrend Creatine Monohydrate 300 gr Kreatin",43,1
15603,41,sleep-on-melatonin-gummies-30-gummies,"Sleep ON Melatonin Gummies 30 Gummies",37,1
15605,41,c4-preworkout-30servis-karpuz,"C4 PREWORKOUT (30SERVİS) Karpuz",0,1
15606,41,cellucor-c4-pre-workout-shot-60-ml-12-adet,"Cellucor C4 Pre-Workout Shot 60 mL 12 Adet",0,1
15607,41,fa-nutrition-ice-pump-pre-workout-463-gr-ice-citrus-peach,"Fa Nutrition Ice Pump Pre Workout 463 GR Ice Citrus & Peach",59,1
15609,41,applied-nutrition-critical-mass-professional-lean-mass-gainer-6-kg-cilek,"Applied Nutrition Critical Mass Professional Lean Mass Gainer 6 Kg Çilek",0,1
15610,41,kevin-levrone-gold-lean-mass-cikolata-6-kg,"Kevin Levrone Gold Lean Mass, ÇİKOLATA 6 Kg",43,1
15614,41,ocean-plus-omega-3-1200-mg-50-kapsul-balik-yagi,"Ocean Plus Omega-3 1200 mg 50 Kapsül Balık Yağı",47,0
15618,41,newday-magnezyum-complex,"Newday Magnezyum Complex 60 Kapsül",34,1
15619,41,sorvagen-4x4-magnezyum-complex-60-tablet,"SORVAGEN 4x4 MAGNEZYUM COMPLEX - 60 Tablet",42,1
15620,41,nutraxin-magnesium-complex-gida-takviyesi-60-tablet,"Nutraxin Magnesium Complex Gıda Takviyesi, 60 Tablet",52,0
15623,41,under-armour-roland-lux-su-gecirmez-gri-sirt-cantasi,"Under Armour Roland Lux Su geçirmez Gri Sırt Çantası",52,1
15624,41,oakley-enduro-20l-30-unisex-sirt-cantasi,"Oakley ENDURO 20L 3.0 unisex SIRT ÇANTASI",0,1
15660,77,heynut-kavrulmus-tuzlu-fistik-200g,"HeynuT Kavrulmuş Tuzlu Fıstık 200g",89,1
15684,41,yonex-nbg-98-badminton-kordaji-200-m-gumus-gri-12158,"Yonex NBG 98 Badminton Kordajı 200 M Gümüş Gri",29,1
15695,41,yonex-pro-82212x-tenis-ve-spor-cantasi-ayakkabi-bolmeli-12396,"Yonex Pro 82212X Tenis Ve Spor Çantası Ayakkabı Bölmeli",0,0
15700,41,yonex-yy22-muscle-power-20-kirmizi-60-li-poset-cocuk-tenis-topu-12472,"Yonex YY22 Muscle Power 20 Kırmızı 60 lı Poşet Çocuk Tenis Topu",63,1
15701,41,yonex-bg-65-badminton-kordaji-070-mm-10m-amber-beyaz,"Yonex Bg 65 Badminton Kordajı 0.70 mm / 10m - Amber Beyaz",48,0
15702,41,yonex-ezone-jr-25-inc-245-gram-gok-mavi-cift-parca-cocuk-tenis-raketi--12575,"Yonex Ezone Jr 25 İnç 245 Gram Gök Mavi Çift Parça Çocuk Tenis Raketi",54,1
15717,41,yonex-ac-500-canta-kimlik-etiketi-12799,"Yonex Ac 500 Çanta Kimlik Etiketi",33,1
15730,41,yonex-lb0024-erkek-sari-spor-tisort-12907,"Yonex LB0024 Erkek Sarı Spor Tişört",84,1
15754,41,yonex-yy25-16744-erkek-spor-tisort-kirmizi-13784,"Yonex YY25 16744 Erkek Spor Tişört Kırmızı",38,0
15756,41,yy24-yj0036-junior-sort-beyaz-13797,"YY24 YJ0036 JUNIOR ŞORT - BEYAZ",14,1
15768,41,yonex-lb0024-erkek-beyaz-spor-tisort-14730,"Yonex LB0024 Erkek Beyaz Spor Tişört",84,1
15769,41,yonex-lb0024-erkek-kirmizi-spor-tisort-14731,"Yonex LB0024 Erkek Kırmızı Spor Tişört",84,0
15770,41,yonex-lb0024-erkek-siyah-spor-tisort-14732,"Yonex LB0024 Erkek Siyah Spor Tişört",84,0
15818,41,dymatize-elite-whey-protein-powder-23-kg,"Dymatize Elite Whey Protein Powder 2.3 KG",0,1
15849,80,ginkgo-biloba-60-kapsul,"Ginkgo Biloba 60 Kapsül",23,0
15850,80,l-karnitin-yesil-cay-krom-pikolinat-60-kapsul,"L-Karnitin Yeşil Çay Krom Pikolinat 60 Kapsül",45,0
15851,80,burdock-dulavrat-otu-ekstresi-60-kapsul,"Burdock Dulavrat Otu Ekstresi 60 Kapsül",39,0
15852,80,spirulina-90-kapsul,"Spirulina 90 Kapsül",19,0
15853,80,turna-yemisi-biberiye-isirgan-otu-vitamin-b2-60-kapsul,"Turna Yemişi, Biberiye, Isırgan Otu, Vitamin B2 60 Kapsül",57,0
15854,80,lutein-astaksantin-30-kapsul,"Lutein Astaksantin 30 Kapsül",28,0
15855,80,kolin-milk-thistle-enginar-taraxacum-60-kapsul,"Kolin Milk Thistle Enginar Taraxacum 60 Kapsül",46,0
15856,80,rms-mix-formula-reisi-maitake-sitake-mantari-60-kapsul,"Rms Mix Formula Reişi, Maitake, Şitake Mantarı 60 Kapsül",56,0
15857,80,koenzim-q10-100-mg-30-kapsul-west-nutrition,"Koenzim Q10 100 mg 30 Kapsül",28,0
15858,80,saw-palmetto-kabak-cekirdegi-isirgan-likopen-60-kapsul,"Saw Palmetto Kabak Çekirdeği Isırgan Likopen 60 Kapsül",54,0
15859,80,propolis-vitamin-c-60-tablet,"Propolis Vitamin C 60 Tablet",28,0
15860,80,kalsiyum-magnezyum-60-kapsul-tip-2-kolajen-vitamin-d3,"Kalsiyum Magnezyum 60 kapsül-Tip 2 Kolajen-Vitamin D3",53,0
15861,80,nadh-nr-resveratrol-30-kapsul,"Nadh Nr Resveratrol 30 Kapsül",85,0
15862,80,zerdecal-curcumin-karabiber-piperin-ekstresi-30-kapsul,"Zerdeçal (Curcumin) Karabiber (Piperin) Ekstresi 30 Kapsül",58,0
15863,80,kuersetin-karamuk-ekstresi-berberin-cinko-30-kapsul,"Kuersetin Karamuk Ekstresi (Berberin) Çinko 30 Kapsül",53,0
15864,80,alpha-lipoic-acid-alfa-lipoik-asit-600-mg-30-kapsul,"Alpha Lipoic Acid - Alfa Lipoik Asit 600 mg 30 Kapsül",53,0
15865,80,alpha-lipoic-acid-alfa-lipoik-asit-200-mg-60-kapsul,"Alpha Lipoic Acid - Alfa Lipoik Asit 200 mg 60 Kapsül",53,0
15871,80,magnezyum-kompleks-4-lu-form-120-kapsul,"Magnezyum Kompleks 4'lü Form 120 Kapsül",39,0
