oncelik_puani,urun_id,urun_adi,magaza,url,sorun,aciklama_uzunlugu,ayni_aciklamali_urun_sayisi,goruntulenme_90g,satilan_adet
200,9561,"Enervit Protein Bar %26 40 gr Crispy Dark-Choco  1 Adet",Provitanya,https://sportoonline.com/tr/urun/enervit-protein-bar-26-40-gr-crispy-dark-choco-1-adet,ince_aciklama,132,0,0,10
40,9106,"Herbina Melatonin 90 Tablet",ProteinMax,https://sportoonline.com/tr/urun/herbina-melatonin-6419,kopya_aciklama,150,265,0,2
20,6468,"AVESSA PORTATİF BASKETBOL POTASI 1,40-2 MT CPBP-10",Ceysport,https://sportoonline.com/tr/urun/avessa-portatif-basketbol-potasi-140-2-mt-cpbp-10,ince_aciklama,25,0,0,1
20,6691,"Atlama İpi Avessa Kırmızı",Ceysport,https://sportoonline.com/tr/urun/atlama-ipi-avessa-kirmizi,ince_aciklama,54,0,0,1
20,9568,"Eyüp Sabri Tuncer Doğal Çam Özlü Diş Macunu  90 Ml",Provitanya,https://sportoonline.com/tr/urun/eyup-sabri-tuncer-dogal-cam-ozlu-dis-macunu-90-ml,ince_aciklama,127,0,0,1
20,9721,"Multipower Whey Isolate Protein Çikolata 900 gr",Provitanya,https://sportoonline.com/tr/urun/multipower-whey-isolate-protein-cikolata-900-gr,ince_aciklama,124,0,0,1
20,10539,"Bigjoy Creapure Creatine  253 Gr",Provitanya,https://sportoonline.com/tr/urun/bigjoy-creapure-creatine-253-gr,ince_aciklama,109,0,0,1
1,885,"XTR Fitness T-Bar Rowing Sabitleyici Aparat",multiprice,https://sportoonline.com/tr/urun/xtr-fitness-t-bar-rowing-sabitleyici-aparat,ince_aciklama+aciklama_ad_ile_ayni,43,0,1,0
1,904,"JOINFIT PRO Anti-Burst Yoga ve Pilates Topu 75 Cm Koyu Gri",multiprice,https://sportoonline.com/tr/urun/joinfit-pro-anti-burst-yoga-ve-pilates-topu-75-cm-koyu-gri,ince_aciklama+aciklama_ad_ile_ayni,58,0,1,0
1,1740,"Amy Diz Üstü Yoga ve Pilates Çorabı Krem",Norfolk,https://sportoonline.com/tr/urun/amy-diz-ustu-yoga-ve-pilates-corabi-krem,kopya_aciklama,421,3,1,0
1,8898,"Bigjoy Iso Clear Whey Isolate Ice Tea Şeftali 960 gram",ProteinMax,https://sportoonline.com/tr/urun/bigjoy-iso-clear-whey-isolate-6732,kopya_aciklama,150,265,1,0
1,9387,"Applied Endurance Isotonic Energy Gel 60 gr Energy Burst 1 Adet",Provitanya,https://sportoonline.com/tr/urun/applied-endurance-isotonic-energy-gel-60-gr-energy-burst-1-adet,ince_aciklama,140,0,1,0
1,9388,"Applied Endurance Isotonic Energy Gel 60 gr Energy Burst 20 Adet",Provitanya,https://sportoonline.com/tr/urun/applied-endurance-isotonic-energy-gel-60-gr-energy-burst-20-adet,ince_aciklama,141,0,1,0
1,9389,"Applied Endurance Sprint Energy Gel Caffeine 60 gr Energy Burst 20 Adet",Provitanya,https://sportoonline.com/tr/urun/applied-endurance-sprint-energy-gel-caffeine-60-gr-energy-burst-20-adet,ince_aciklama,148,0,1,0
1,9390,"Applied Endurance Sprint Energy Gel Caffeine 60 gr Energy Burst 1 Adet",Provitanya,https://sportoonline.com/tr/urun/applied-endurance-sprint-energy-gel-caffeine-60-gr-energy-burst-1-adet,ince_aciklama,147,0,1,0
1,9392,"Applied Lifestyle Sports Water Bottle Blue  1000 ml",Provitanya,https://sportoonline.com/tr/urun/applied-lifestyle-sports-water-bottle-blue-1000-ml,ince_aciklama,128,0,1,0
1,11356,"Dreamfarm Mini Supoon Silikon Kaşık, Siyah",EYB,https://sportoonline.com/tr/urun/dreamfarm-mini-kasik-siyah,kopya_aciklama,1060,5,1,0
1,11357,"Dreamfarm Mini Supoon Silikon Kaşık, Kırmızı",EYB,https://sportoonline.com/tr/urun/dreamfarm-mini-kasikkirmizi,kopya_aciklama,1060,5,1,0
1,11443,"Dreamfarm Supoon Silikon Kaşık, Siyah",EYB,https://sportoonline.com/tr/urun/dreamfarm-siyirma-kasigi-siyah,kopya_aciklama,1262,5,1,0
1,11444,"Dreamfarm Supoon Silikon Kaşık, Kırmızı",EYB,https://sportoonline.com/tr/urun/dreamfarm-siyirma-kasigikirmizi,kopya_aciklama,1262,5,1,0
1,11556,"Troika Marangoz Kalemi, Sarı",EYB,https://sportoonline.com/tr/urun/troika-marangoz-kalemsari,kopya_aciklama,553,3,1,0
1,11583,"Wenger 01.1441.136 City Classic 42mm Erkek Kol Saati",EYB,https://sportoonline.com/tr/urun/wenger-city-classicgms-kdrclk-kys-kol-saati,kopya_aciklama,865,2,1,0
1,11587,"Victorinox 6.7734.C1 Swiss Classic 10cm Tırtıklı Soyma Bıçağı, Yeşil",EYB,https://sportoonline.com/tr/urun/victorinox-67734c1-swiss-classic-10cm-tirtikli-soyma-bicagi-yesill,kopya_aciklama,606,4,1,0
1,11748,"Victorinox 0.8006.20 Onefold Çakı,Kırmızı",EYB,https://sportoonline.com/tr/urun/victorinox-0800620-onefold-cakikirmizi,kopya_aciklama,1236,2,1,0
1,11749,"Victorinox 0.8006.22 Onefold Çakı,Mavi",EYB,https://sportoonline.com/tr/urun/victorinox-0800622-onefold-cakimavi,kopya_aciklama,1236,2,1,0
1,11787,"Victorinox 0.8216.22 Synergy Çakı,Mavi",EYB,https://sportoonline.com/tr/urun/victorinox-0821622-synergy-cakimavi,kopya_aciklama,1370,3,1,0
1,11788,"Victorinox 0.8216.26 Synergy Çakı,Gümüş",EYB,https://sportoonline.com/tr/urun/victorinox-0821626-synergy-cakigumus,kopya_aciklama,1370,3,1,0
1,11901,"Victorinox 0.6463.B Tırnak Makaslı Çakı, Kırmızı, Blisterli",EYB,https://sportoonline.com/tr/urun/victorinox-06463b-tirnakmakasli-cakikrmblister,aciklama_yok,0,0,1,0
1,11977,"Victorinox 4.1325 Bileme Taşı, Kahverengi",EYB,https://sportoonline.com/tr/urun/victbileme-tasi-khv,aciklama_yok,0,0,1,0
1,12235,"Dreamfarm Supoon Silikon Kaşık, Sarı",EYB,https://sportoonline.com/tr/urun/dreamfarm-siyirma-kasigisari,kopya_aciklama,1262,5,1,0
1,12236,"Dreamfarm Supoon Silikon Kaşık, Yeşil",EYB,https://sportoonline.com/tr/urun/dreamfarm-siyirma-kasigiyesil,kopya_aciklama,1262,5,1,0
1,12301,"Dreamfarm Ograte 6mm Rende, Turuncu",EYB,https://sportoonline.com/tr/urun/dreamfarm-ograte-rendeturuncu,kopya_aciklama,1001,2,1,0
1,12417,"Victorinox 7.4128.3 36cm Siyah Gurme Kesme Tahtası",EYB,https://sportoonline.com/tr/urun/victorinox-741283-gurme-kesme-tahtasi,kopya_aciklama,933,2,1,0
1,12418,"Victorinox 7.4128 36cm Gurme Kesme Tahtası",EYB,https://sportoonline.com/tr/urun/victorinox-74128-gurme-kesme-tahtasi,kopya_aciklama,933,2,1,0
1,12421,"Victorinox 7.4122.3 36cm Siyah Kesme Tahtası",EYB,https://sportoonline.com/tr/urun/victorinox-741223-kesme-tahtasi,kopya_aciklama,809,2,1,0
1,12435,"Dreamfarm Supoon Silikon Kaşık, Mavi",EYB,https://sportoonline.com/tr/urun/dreamfarm-siyirma-kasigi-mavi,kopya_aciklama,1262,5,1,0
1,12437,"Victorinox 7.4120 20cm Kesme Tahtası",EYB,https://sportoonline.com/tr/urun/victorinox-74120-kesme-tahtasi,kopya_aciklama,806,2,1,0
1,12470,"Victorinox 7.4121.3 29cm Siyah Kesme Tahtası",EYB,https://sportoonline.com/tr/urun/victorinox-741213-kesme-tahtasi,kopya_aciklama,809,2,1,0
1,12497,"Victorinox 7.4121 29cm Kesme Tahtası",EYB,https://sportoonline.com/tr/urun/victorinox-74121-kesme-tahtasi,kopya_aciklama,809,2,1,0
1,12591,"Dreamfarm Chopula Spatula, Sarı",EYB,https://sportoonline.com/tr/urun/dreamfarm-chopula-spatula-sari,kopya_aciklama,1158,5,1,0
1,12592,"Dreamfarm Chopula Spatula, Yeşil",EYB,https://sportoonline.com/tr/urun/dreamfarm-chopula-spatula-yesil,kopya_aciklama,1158,5,1,0
1,12627,"Dreamfarm Chopula Spatula, Siyah",EYB,https://sportoonline.com/tr/urun/dreamfarm-chopula-spatula-siyah,kopya_aciklama,1158,5,1,0
1,12628,"Dreamfarm Chopula Spatula, Kırmızı",EYB,https://sportoonline.com/tr/urun/dreamfarm-chopula-spatulakirmizi,kopya_aciklama,1158,5,1,0
1,12706,"Victorinox 7.4122 36cm Kesme Tahtası",EYB,https://sportoonline.com/tr/urun/victorinox-74122-kesme-tahtasi,kopya_aciklama,809,2,1,0
1,12807,"Dreamfarm Chopula Spatula, Mavi",EYB,https://sportoonline.com/tr/urun/dreamfarm-chopula-spatula-mavi,kopya_aciklama,1158,5,1,0
1,12843,"Victorinox 612497 Airox Global Hardside Bavul, Kabin Boy, Siyah",EYB,https://sportoonline.com/tr/urun/vtg-airox-global-hardside-bavul40x20x55cmsyh,kopya_aciklama,494,2,1,0
1,12893,"Dreamfarm Big Lestrain Süzgeç, Siyah",EYB,https://sportoonline.com/tr/urun/dreamfarm-suzgec-kasik-siyah,kopya_aciklama,767,2,1,0
1,12894,"Dreamfarm Big Lestrain Süzgeç, Kırmızı",EYB,https://sportoonline.com/tr/urun/dreamfarm-suzgec-kasikkirmizi,kopya_aciklama,767,2,1,0
1,12929,"Feuerhand 276 Gazlı Fener Kandil Yağı",EYB,https://sportoonline.com/tr/urun/kandil-yagi,ince_aciklama,108,0,1,0
1,13082,"Dreamfarm Mini Supoon Silikon Kaşık, Yeşil",EYB,https://sportoonline.com/tr/urun/dreamfarm-mini-kasikyesil,kopya_aciklama,1060,5,1,0
1,13084,"Dreamfarm Mini Supoon Silikon Kaşık, Sarı",EYB,https://sportoonline.com/tr/urun/dreamfarm-mini-kasik-sari,kopya_aciklama,1060,5,1,0
1,13129,"Dreamfarm Scizza Pizza Makası, Kırmızı",EYB,https://sportoonline.com/tr/urun/dreamfarm-pizza-makasikirmizi,aciklama_yok,0,0,1,0
1,13132,"Dreamfarm Ograte 3mm Rende, Sarı",EYB,https://sportoonline.com/tr/urun/dreamfarm-ograte-rendesari,kopya_aciklama,1001,2,1,0
1,13290,"Victorinox A.6144.0 Tükenemz Kalem",EYB,https://sportoonline.com/tr/urun/victorinox-a61440-tukenmez-kalem-062-063-serisi,aciklama_yok,0,0,1,0
1,13399,"True Utility 7060N Keychain Gri Blisterli Çakı",EYB,https://sportoonline.com/tr/urun/true-utility-7060n-keychain-gri-blisterli-caki,kopya_aciklama,374,2,1,0
1,13699,"Victorinox 5.5203.20 20cm Siyah Kasap Bıçağı, Kaydırmaz Sap",EYB,https://sportoonline.com/tr/urun/victorinox-20cm-siyah-fibrox-kasap-bicagi,aciklama_yok,0,0,1,0
1,13700,"Victorinox 5.6003.15 15cm Siyah Geniş Ağız Sıyırma Bıçağı, Kaydırmaz Sap",EYB,https://sportoonline.com/tr/urun/victorinox-15cm-siyah-fibrox-siyirma-bicagi,ince_aciklama,138,0,1,0
1,15513,"XTR Fitness Pro Series Dambıl 7,5 kg",multiprice,https://sportoonline.com/tr/urun/xtr-fitness-pro-series-dambil-75-kg,kopya_aciklama,1908,7,1,0
1,15516,"XTR Fitness Pro Series Dambıl 2,5 kg",multiprice,https://sportoonline.com/tr/urun/xtr-fitness-pro-series-dambil-25-kg,kopya_aciklama,1908,7,1,0
1,15520,"XTR Fitness Pro Series Dambıl 17,5 kg",multiprice,https://sportoonline.com/tr/urun/xtr-fitness-pro-series-dambil-175-kg,kopya_aciklama,1908,7,1,0
1,15521,"XTR Fitness Pro Series Dambıl 20 kg",multiprice,https://sportoonline.com/tr/urun/xtr-fitness-pro-series-dambil-20-kg,aciklama_yok,0,0,1,0
1,15522,"XTR Fitness Pro Series Dambıl 5 kg",multiprice,https://sportoonline.com/tr/urun/xtr-fitness-pro-series-dambil-5-kg,kopya_aciklama,1908,7,1,0
1,15528,"XTR Fitness Pro Series Dambıl 15 kg",multiprice,https://sportoonline.com/tr/urun/xtr-fitness-pro-series-dambil-15-kg,kopya_aciklama,1908,7,1,0
1,15531,"XTR Fitness Pro Series Dambıl 10 kg",multiprice,https://sportoonline.com/tr/urun/xtr-fitness-pro-series-dambil-10-kg,kopya_aciklama,1908,7,1,0
1,15532,"XTR Fitness Pro Series Dambıl 12,5 kg",multiprice,https://sportoonline.com/tr/urun/xtr-fitness-pro-series-dambil-125-kg,kopya_aciklama,1908,7,1,0
1,15543,"Olympia Joe Weider Weekend Rag Top Beyaz",multiprice,https://sportoonline.com/tr/urun/olympia-joe-weider-weekend-rag-top-beyaz,aciklama_yok,0,0,1,0
1,15550,"ANIMAL JOY ANAHTARLIK","Animal Joy",https://sportoonline.com/tr/urun/animal-joy-anahtarlik,ince_aciklama,72,0,1,0
1,15552,"ANIMAL JOY SHAKER","Animal Joy",https://sportoonline.com/tr/urun/animal-joy-shaker,ince_aciklama,111,0,1,0
1,15559,"CREATINE LANSMAN","Animal Joy",https://sportoonline.com/tr/urun/creatine-lansman,kopya_aciklama,211,2,1,0
1,15560,"CREATINE MONOHYDRATE","Animal Joy",https://sportoonline.com/tr/urun/creatine-monohydrate,kopya_aciklama,211,2,1,0
1,15573,"PRE WORKOUT - GORILLA","Animal Joy",https://sportoonline.com/tr/urun/pre-workout-gorilla,kopya_aciklama,224,2,1,0
1,15578,"PROTEIN PEANUT BUTTER","Animal Joy",https://sportoonline.com/tr/urun/protein-peanut-butter,kopya_aciklama,222,2,1,0
1,15590,"PROTEIN PEANUT BUTTER LANSMAN","Animal Joy",https://sportoonline.com/tr/urun/protein-peanut-butter-lansman,kopya_aciklama,222,2,1,0
1,15592,"PRE WORKOUT - GORILLA","Animal Joy",https://sportoonline.com/tr/urun/animal-rush-pre-workout,kopya_aciklama,224,2,1,0
1,15599,"Olimp 250 gr Aromasız Kreatin",multiprice,https://sportoonline.com/tr/urun/olimp-250-gr-aromasiz-kreatin,aciklama_yok,0,0,1,0
1,15600,"Nutrend Whey Protein 2250 gr Protein Tozu",multiprice,https://sportoonline.com/tr/urun/nutrend-whey-protein-2250-gr-protein-tozu,ince_aciklama+aciklama_ad_ile_ayni,41,0,1,0
1,15601,"Olimp Glucosamine Plus 60 Kapsül",multiprice,https://sportoonline.com/tr/urun/olimp-glucosamine-plus-60-kapsul-3,ince_aciklama+aciklama_ad_ile_ayni,32,0,1,0
1,15602,"Nutrend Creatine Monohydrate 300 gr Kreatin",multiprice,https://sportoonline.com/tr/urun/nutrend-creatine-monohydrate-300-gr-kreatin,ince_aciklama+aciklama_ad_ile_ayni,43,0,1,0
1,15603,"Sleep ON Melatonin Gummies 30 Gummies",multiprice,https://sportoonline.com/tr/urun/sleep-on-melatonin-gummies-30-gummies,ince_aciklama+aciklama_ad_ile_ayni,37,0,1,0
1,15605,"C4 PREWORKOUT (30SERVİS) Karpuz",multiprice,https://sportoonline.com/tr/urun/c4-preworkout-30servis-karpuz,aciklama_yok,0,0,1,0
1,15606,"Cellucor C4 Pre-Workout Shot 60 mL 12 Adet",multiprice,https://sportoonline.com/tr/urun/cellucor-c4-pre-workout-shot-60-ml-12-adet,aciklama_yok,0,0,1,0
1,15607,"Fa Nutrition Ice Pump Pre Workout 463 GR Ice Citrus & Peach",multiprice,https://sportoonline.com/tr/urun/fa-nutrition-ice-pump-pre-workout-463-gr-ice-citrus-peach,ince_aciklama,63,0,1,0
1,15609,"Applied Nutrition Critical Mass Professional Lean Mass Gainer 6 Kg Çilek",multiprice,https://sportoonline.com/tr/urun/applied-nutrition-critical-mass-professional-lean-mass-gainer-6-kg-cilek,aciklama_yok,0,0,1,0
1,15610,"Kevin Levrone Gold Lean Mass, ÇİKOLATA 6 Kg",multiprice,https://sportoonline.com/tr/urun/kevin-levrone-gold-lean-mass-cikolata-6-kg,ince_aciklama+aciklama_ad_ile_ayni,43,0,1,0
1,15618,"Newday Magnezyum Complex 60 Kapsül",multiprice,https://sportoonline.com/tr/urun/newday-magnezyum-complex,ince_aciklama+aciklama_ad_ile_ayni,34,0,1,0
1,15619,"SORVAGEN 4x4 MAGNEZYUM COMPLEX - 60 Tablet",multiprice,https://sportoonline.com/tr/urun/sorvagen-4x4-magnezyum-complex-60-tablet,ince_aciklama+aciklama_ad_ile_ayni,42,0,1,0
1,15623,"Under Armour Roland Lux Su geçirmez Gri Sırt Çantası",multiprice,https://sportoonline.com/tr/urun/under-armour-roland-lux-su-gecirmez-gri-sirt-cantasi,ince_aciklama+aciklama_ad_ile_ayni,52,0,1,0
1,15624,"Oakley ENDURO 20L 3.0 unisex SIRT ÇANTASI",multiprice,https://sportoonline.com/tr/urun/oakley-enduro-20l-30-unisex-sirt-cantasi,aciklama_yok,0,0,1,0
1,15642,"HeynuT %100 Fıstık Ezmesi (Parçacıklı) 800g",HeynuT,https://sportoonline.com/tr/urun/heynut-100-fistik-ezmesi-parcacikli-800g,kopya_aciklama,1249,2,1,0
1,15643,"HeynuT %100 Fıstık Ezmesi (Klasik) 800g",HeynuT,https://sportoonline.com/tr/urun/heynut-100-fistik-ezmesi-klasik-800g,kopya_aciklama,1989,2,1,0
1,15648,"HeynuT Şeker ilavesiz Çikolatalı Fıstık Ezmesi 350g",HeynuT,https://sportoonline.com/tr/urun/heynut-seker-ilavesiz-cikolatali-fistik-ezmesi-350g,kopya_aciklama,1273,2,1,0
1,15649,"HeynuT %100 Fıstık Ezmesi (Klasik) 330g",HeynuT,https://sportoonline.com/tr/urun/heynut-100-fistik-ezmesi-klasik-330g,kopya_aciklama,1989,2,1,0
1,15654,"HeynuT %100 Fıstık Ezmesi (Klasik) 330g x 3 Adet",HeynuT,https://sportoonline.com/tr/urun/heynut-100-fistik-ezmesi-klasik-330g-x-3-adet,kopya_aciklama,1982,2,1,0
1,15655,"HeynuT Kakaolu Fıstık Ezmesi 320g",HeynuT,https://sportoonline.com/tr/urun/heynut-kakaolu-fistik-ezmesi-320g,kopya_aciklama,835,3,1,0
1,15660,"HeynuT Kavrulmuş Tuzlu Fıstık 200g",HeynuT,https://sportoonline.com/tr/urun/heynut-kavrulmus-tuzlu-fistik-200g,ince_aciklama,89,0,1,0
1,15664,"HeynuT Kakaolu Fıstık Ezmesi 320g x 3 Adet",HeynuT,https://sportoonline.com/tr/urun/heynut-kakaolu-fistik-ezmesi-320g-x-3-adet,kopya_aciklama,835,3,1,0
1,15666,"HeynuT %100 Fıstık Ezmesi (Parçacıklı) 800g x 3 Adet",HeynuT,https://sportoonline.com/tr/urun/heynut-100-fistik-ezmesi-parcacikli-800g-x-3-adet,kopya_aciklama,1249,2,1,0
1,15667,"HeynuT %100 Fıstık Ezmesi (Klasik) 800g x 3 Adet",HeynuT,https://sportoonline.com/tr/urun/heynut-100-fistik-ezmesi-klasik-800g-x-3-adet,kopya_aciklama,1982,2,1,0
1,15670,"HeynuT Original Fıstık Ezmesi 320g",HeynuT,https://sportoonline.com/tr/urun/heynut-original-fistik-ezmesi-320g,kopya_aciklama,477,4,1,0
1,15671,"HeynuT Original Şeker İlavesiz Fıstık Ezmesi 320g",HeynuT,https://sportoonline.com/tr/urun/heynut-original-seker-ilavesiz-fistik-ezmesi-320g,kopya_aciklama,477,4,1,0
1,15672,"HeynuT Original Ballı Fıstık Ezmesi 320g x 3 Adet",HeynuT,https://sportoonline.com/tr/urun/heynut-original-balli-fistik-ezmesi-320g-x-3-adet,kopya_aciklama,477,4,1,0
1,15673,"HeynuT Original Şeker İlavesiz Fıstık Ezmesi 320g x 3 Adet",HeynuT,https://sportoonline.com/tr/urun/heynut-original-seker-ilavesiz-fistik-ezmesi-320g-x-3-adet,kopya_aciklama,477,4,1,0
1,15674,"HeynuT Kakaolu Fıstık Ezmesi 800g",HeynuT,https://sportoonline.com/tr/urun/heynut-kakaolu-fistik-ezmesi-800g,kopya_aciklama,835,3,1,0
1,15676,"HeynuT Şeker ilavesiz Çikolatalı Fıstık Ezmesi 800g",HeynuT,https://sportoonline.com/tr/urun/heynut-seker-ilavesiz-cikolatali-fistik-ezmesi-800g,kopya_aciklama,1273,2,1,0
1,15679,"Yonex Mavis 350 (6'lı) Beyaz Badminton Topu - Yeşil Bant",multiprice,https://sportoonline.com/tr/urun/yonex-mavis-350-6li-beyaz-badminton-topu-yesil-bant-11966,kopya_aciklama,2544,3,1,0
1,15684,"Yonex NBG 98 Badminton Kordajı 200 M Gümüş Gri",multiprice,https://sportoonline.com/tr/urun/yonex-nbg-98-badminton-kordaji-200-m-gumus-gri-12158,ince_aciklama,29,0,1,0
1,15700,"Yonex YY22 Muscle Power 20 Kırmızı 60 lı Poşet Çocuk Tenis Topu",multiprice,https://sportoonline.com/tr/urun/yonex-yy22-muscle-power-20-kirmizi-60-li-poset-cocuk-tenis-topu-12472,ince_aciklama+aciklama_ad_ile_ayni,63,0,1,0
1,15702,"Yonex Ezone Jr 25 İnç 245 Gram Gök Mavi Çift Parça Çocuk Tenis Raketi",multiprice,https://sportoonline.com/tr/urun/yonex-ezone-jr-25-inc-245-gram-gok-mavi-cift-parca-cocuk-tenis-raketi--12575,ince_aciklama,54,0,1,0
1,15704,"Yonex Destekli Pedli Zeytin Yeşili Sporcu Brası 46045",multiprice,https://sportoonline.com/tr/urun/yonex-destekli-pedli-zeytin-yesili-sporcu-brasi-46045-12714,kopya_aciklama,785,2,1,0
1,15705,"Yonex Destekli Pedli Mor Sporcu Brası 46045",multiprice,https://sportoonline.com/tr/urun/yonex-destekli-pedli-mor-sporcu-brasi-46045-12715,kopya_aciklama,785,2,1,0
1,15709,"Yonex Tshirt Pembe Kadın 16689",multiprice,https://sportoonline.com/tr/urun/yonex-tshirt-pembe-kadin-16689-12736,kopya_aciklama,805,2,1,0
1,15710,"Yonex Tshirt Lila Kadın 16689",multiprice,https://sportoonline.com/tr/urun/yonex-tshirt-lila-kadin-16689-12737,kopya_aciklama,805,2,1,0
1,15717,"Yonex Ac 500 Çanta Kimlik Etiketi",multiprice,https://sportoonline.com/tr/urun/yonex-ac-500-canta-kimlik-etiketi-12799,ince_aciklama+aciklama_ad_ile_ayni,33,0,1,0
1,15730,"Yonex LB0024 Erkek Sarı Spor Tişört",multiprice,https://sportoonline.com/tr/urun/yonex-lb0024-erkek-sari-spor-tisort-12907,ince_aciklama,84,0,1,0
1,15745,"Yonex YY25 25 inch 230 Gram Çift Parça Mercan Çocuk Raketi",multiprice,https://sportoonline.com/tr/urun/yonex-yy25-25-inch-230-gram-cift-parca-mercan-cocuk-raketi-13768,kopya_aciklama,733,2,1,0
1,15746,"Yonex YY25 23 inch 200 Gram Çift Parça Mercan Çocuk Raketi",multiprice,https://sportoonline.com/tr/urun/yonex-yy25-23-inch-200-gram-cift-parca-mercan-cocuk-raketi-13769,kopya_aciklama,648,2,1,0
1,15747,"Yonex YY25 21 inch 185 Gram Çift Parça Mercan Çocuk Raketi",multiprice,https://sportoonline.com/tr/urun/yonex-yy25-21-inch-185-gram-cift-parca-mercan-cocuk-raketi-13770,kopya_aciklama,617,2,1,0
1,15748,"Yonex YY25 21 inch 185 Gram Çift Parça Mavi Çocuk Raketi",multiprice,https://sportoonline.com/tr/urun/yonex-yy25-21-inch-185-gram-cift-parca-mavi-cocuk-raketi-13771,kopya_aciklama,617,2,1,0
1,15749,"Yonex YY25 23 inch 200 Gram Çift Parça Mavi Çocuk Raketi",multiprice,https://sportoonline.com/tr/urun/yonex-yy25-23-inch-200-gram-cift-parca-mavi-cocuk-raketi-13772,kopya_aciklama,648,2,1,0
1,15750,"Yonex YY25 25 inch 230 Gram Çift Parça Mavi Çocuk Raketi",multiprice,https://sportoonline.com/tr/urun/yonex-yy25-25-inch-230-gram-cift-parca-mavi-cocuk-raketi-13773,kopya_aciklama,733,2,1,0
1,15756,"YY24 YJ0036 JUNIOR ŞORT - BEYAZ",multiprice,https://sportoonline.com/tr/urun/yy24-yj0036-junior-sort-beyaz-13797,ince_aciklama,14,0,1,0
1,15768,"Yonex LB0024 Erkek Beyaz Spor Tişört",multiprice,https://sportoonline.com/tr/urun/yonex-lb0024-erkek-beyaz-spor-tisort-14730,ince_aciklama,84,0,1,0
1,15781,"Yonex YY25 26 inch 240 Gram Mercan Çocuk Raketi",multiprice,https://sportoonline.com/tr/urun/yonex-yy25-26-inch-240-gram-mercan-cocuk-raketi-14914,kopya_aciklama,894,2,1,0
1,15782,"Yonex YY25 26 inch 240 Gram Mavi Çocuk Raketi",multiprice,https://sportoonline.com/tr/urun/yonex-yy25-26-inch-240-gram-mavi-cocuk-raketi-14915,kopya_aciklama,894,2,1,0
1,15789,"Yonex Mavis 350 (6'lı) Beyaz Badminton Topu - Kırmızı Bant",multiprice,https://sportoonline.com/tr/urun/yonex-mavis-350-6li-beyaz-badminton-topu-kirmizi-bant-15460,kopya_aciklama,2544,3,1,0
1,15791,"Yonex Mavis 350 (6'lı) Sarı Badminton Topu - Mavi Bant",multiprice,https://sportoonline.com/tr/urun/yonex-mavis-350-6li-sari-badminton-topu-mavi-bant-15504,kopya_aciklama,2544,3,1,0
1,15818,"Dymatize Elite Whey Protein Powder 2.3 KG",multiprice,https://sportoonline.com/tr/urun/dymatize-elite-whey-protein-powder-23-kg,aciklama_yok,0,0,1,0
0,895,"Boodun Profesyonel Luminous Bisiklet Eldiveni",multiprice,https://sportoonline.com/tr/urun/boodun-profesyonel-luminous-bisiklet-eldiveni,ince_aciklama+aciklama_ad_ile_ayni,45,0,0,0
0,905,"JOINFIT PRO Muscle Relaxation Foam Roller",multiprice,https://sportoonline.com/tr/urun/joinfit-pro-muscle-relaxation-foam-roller,ince_aciklama+aciklama_ad_ile_ayni,41,0,0,0
0,1461,"Lynx PRO Prolen Dry Touch Kısa Kesim Yürüyüş ve Koşu Çorabı Pembe/Turkuaz",Norfolk,https://sportoonline.com/tr/urun/lynx-pro-prolen-dry-touch-kisa-kesim-yuruyus-ve-kosu-corabi-pembe-turkuaz,kopya_aciklama,694,3,0,0
0,1462,"Lynx PRO Prolen Dry Touch Kısa Kesim Yürüyüş ve Koşu Çorabı Yeşil/Mavi",Norfolk,https://sportoonline.com/tr/urun/lynx-pro-prolen-dry-touch-kisa-kesim-yuruyus-ve-kosu-corabi-yesil-mavi,kopya_aciklama,694,3,0,0
0,1464,"Lynx Kısa Kesim Yürüyüş ve Koşu Çorabı 2'li Paket Pembe/Turkuaz",Norfolk,https://sportoonline.com/tr/urun/lynx-kisa-kesim-yuruyus-ve-kosu-corabi-2li-paket-pembe-turkuaz,kopya_aciklama,694,3,0,0
0,1466,"SEVILLA Crew Gelişmiş Nem Kontrollü Light Compression Profesyonel Koşu Çorabı - Siyah",Norfolk,https://sportoonline.com/tr/urun/sevilla-sc-gelismis-nem-kontrollu-compression-profesyonel-kosu-corabi-siyah,kopya_aciklama,914,4,0,0
0,1467,"SEVILLA Crew Gelişmiş Nem Kontrollü Light Compression Profesyonel Koşu Çorabı - Lacivert/Sarı",Norfolk,https://sportoonline.com/tr/urun/sevilla-sc-gelismis-nem-kontrollu-compression-profesyonel-kosu-corabi-mavi,kopya_aciklama,914,4,0,0
0,1468,"SEVILLA Crew Gelişmiş Nem Kontrollü Light Compression Profesyonel Koşu Çorabı - Pembe",Norfolk,https://sportoonline.com/tr/urun/sevilla-sc-gelismis-nem-kontrollu-compression-profesyonel-kosu-corabi-pembe,kopya_aciklama,914,4,0,0
0,1469,"SEVILLA Crew Gelişmiş Nem Kontrollü Light Compression Profesyonel Koşu Çorabı - Beyaz",Norfolk,https://sportoonline.com/tr/urun/sevilla-sc-gelismis-nem-kontrollu-compression-profesyonel-kosu-corabi-beyaz,kopya_aciklama,914,4,0,0
0,1470,"SEVILLA Gelişmiş Nem Kontrollü Light Compression Profesyonel Koşu Çorabı - Beyaz",Norfolk,https://sportoonline.com/tr/urun/sevilla-gelismis-nem-kontrollu-compression-profesyonel-kosu-corabi-beyaz,kopya_aciklama,1115,3,0,0
0,1471,"SEVILLA Gelişmiş Nem Kontrollü Light Compression Profesyonel Koşu Çorabı - Lacivert/Sarı",Norfolk,https://sportoonline.com/tr/urun/sevilla-gelismis-nem-kontrollu-compression-profesyonel-kosu-corabi-lacivert-sari,kopya_aciklama,1115,3,0,0
0,1472,"BIBURY %70 Merino Yünlü Eldiven Ekru",Norfolk,https://sportoonline.com/tr/urun/bibury-70-merino-yunlu-eldiven-ekru,kopya_aciklama,1203,6,0,0
0,1473,"LEONARDO Kids Merino Yünü Outdoor Yürüyüş Çocuk Çorabı 2'li Paket Gri",Norfolk,https://sportoonline.com/tr/urun/leonardo-kids-merino-yunu-outdoor-yuruyus-cocuk-corabi-2li-paket-gri-1,kopya_aciklama,959,3,0,0
0,1474,"LEONARDO Kids Merino Yünü Outdoor Yürüyüş Çocuk Çorabı 2'li Paket Siyah/Magenta",Norfolk,https://sportoonline.com/tr/urun/leonardo-kids-merino-yunu-outdoor-yuruyus-cocuk-corabi-2li-paket-gri,kopya_aciklama,959,3,0,0
0,1475,"LEONARDO Kids Merino Yünü Outdoor Yürüyüş Çocuk Çorabı 2'li Paket Siyah",Norfolk,https://sportoonline.com/tr/urun/leonardo-kids-merino-yunu-outdoor-yuruyus-cocuk-corabi-2li-paket-siyah,kopya_aciklama,959,3,0,0
0,1478,"Courchevel Merinos Yünü Hafif Çocuk Kayak Çorabı Buz Mavi 1 Çift",Norfolk,https://sportoonline.com/tr/urun/courchevel-merinos-yunu-hafif-cocuk-kayak-corabi-buz-mavi-1-cift,kopya_aciklama,1034,2,0,0
0,1479,"Courchevel Merinos Yünü Hafif Çocuk Kayak Çorabı Pembe 1 Çift",Norfolk,https://sportoonline.com/tr/urun/courchevel-merinos-yunu-hafif-cocuk-kayak-corabi-pembe-1-cift,kopya_aciklama,1034,2,0,0
0,1480,"Winter Set %70 Merino Yünü Termal Bere Boyunluk ve Eldiven 3'lü Kış Seti - Ekru",Norfolk,https://sportoonline.com/tr/urun/winter-set-70-merino-yunu-termal-bere-boyunluk-ve-eldiven-3lu-kis-seti-ekru,kopya_aciklama,1268,4,0,0
0,1481,"Barkley Yastıklamalı Pamuklu Günlük Spor Çorap 2'li Paket Topuk Gri - Beyaz",Norfolk,https://sportoonline.com/tr/urun/barkley-yastiklamali-pamuklu-gunluk-spor-corap-2li-paket-topuk-gri-beyaz,kopya_aciklama,831,3,0,0
0,1484,"DOVER %70 Merino Yünlü Termal Boyunluk Ekru",Norfolk,https://sportoonline.com/tr/urun/dover-70-merino-yunlu-termal-boyunluk-ekru,kopya_aciklama,1216,6,0,0
0,1485,"DOVER %70 Merino Yünlü Termal Boyunluk Antrasit",Norfolk,https://sportoonline.com/tr/urun/dover-70-merino-yunlu-termal-boyunluk-antrasit,kopya_aciklama,1216,6,0,0
0,1487,"Winter Set %70 Merino Yünü Termal Bere ve Eldiven 2'li Kış Seti - Yeşil",Norfolk,https://sportoonline.com/tr/urun/winter-set-70-merino-yunu-termal-bere-ve-eldiven-2li-kis-seti-yesil,kopya_aciklama,1164,2,0,0
0,1489,"Winter Set %70 Merino Yünü Termal Bere ve Eldiven 2'li Kış Seti - Lacivert",Norfolk,https://sportoonline.com/tr/urun/winter-set-70-merino-yunu-termal-bere-ve-eldiven-2li-kis-seti-lacivert,kopya_aciklama,1164,2,0,0
0,1492,"JOSEPH Comfort Fit Tenderhold Pamuklu Diyabet Çorabı 2'li Paket Orman Yeşili",Norfolk,https://sportoonline.com/tr/urun/joseph-comfort-fit-tenderhold-pamuklu-diyabet-corabi-2li-paket-orman-yesili,kopya_aciklama,1063,16,0,0
0,1493,"STOCKHOLM Merinos Yünü İnce Örgü Premium Gündelik Günlük Çorap 3'lü Paket Çizgili",Norfolk,https://sportoonline.com/tr/urun/stockholm-merinos-yunu-ince-orgu-premium-gundelik-gunluk-corap-3lu-paket-cizgili,kopya_aciklama,749,3,0,0
0,1494,"SEVILLA Gelişmiş Nem Kontrollü Light Compression Profesyonel Koşu Çorabı - Siyah/Gri",Norfolk,https://sportoonline.com/tr/urun/sevilla-gelismis-nem-kontrollu-compression-profesyonel-kosu-corabi-siyah-gri,kopya_aciklama,1115,3,0,0
0,1496,"LEONARDO Merino Yünü Outdoor Yürüyüş Çorabı 2'li Paket Jet Black",Norfolk,https://sportoonline.com/tr/urun/leonardo-merino-yunu-outdoor-yuruyus-corabi-2li-paket-jet-black,kopya_aciklama,959,9,0,0
0,1499,"Helsinki İnce Örgü Merinos Yünü Günlük Çocuk Çorabı 2'li Paket Pembe",Norfolk,https://sportoonline.com/tr/urun/helsinki-ince-orgu-merinos-yunu-gunluk-cocuk-corabi-2li-paket-pembe,kopya_aciklama,817,3,0,0
0,1500,"NASUH 2.0 — Kalın -Tam Yastıklamalı - Zorlu Doğa ve Ekstrem Soğuk Hava İçin Outdoor Termal Yürüyüş Çorabı Kırmızı",Norfolk,https://sportoonline.com/tr/urun/nasuh-2-0-kalin-tam-yastiklamali-zorlu-doga-ve-ekstrem-soguk-hava-icin-outdoor-termal-yuruyus-corabi-kirmizi,kopya_aciklama,2294,2,0,0
0,1501,"NASUH 2.0 — Kalın -Tam Yastıklamalı - Zorlu Doğa ve Ekstrem Soğuk Hava İçin Outdoor Termal Yürüyüş Çorabı Siyah",Norfolk,https://sportoonline.com/tr/urun/nasuh-2-0-kalin-tam-yastiklamali-zorlu-doga-ve-ekstrem-soguk-hava-icin-outdoor-termal-yuruyus-corabi-siyah,kopya_aciklama,2294,2,0,0
0,1502,"SHELDON LC Düşük Kesim Merino Yünü Outdoor Yürüyüş Çorapları 2'li Paket Mor/Mavi",Norfolk,https://sportoonline.com/tr/urun/sheldon-lc-dusuk-kesim-merino-yunu-outdoor-yuruyus-coraplari-2li-paket-mor-mavi,kopya_aciklama,934,10,0,0
0,1503,"SHELDON LC Düşük Kesim Merino Yünü Outdoor Yürüyüş Çorapları 2'li Paket Sarı/Turuncu",Norfolk,https://sportoonline.com/tr/urun/sheldon-lc-dusuk-kesim-merino-yunu-outdoor-yuruyus-coraplari-2li-paket-sari-turuncu,kopya_aciklama,934,10,0,0
0,1508,"Yogi Pamuklu Günlük Konforlu Çocuk Çorabı 3'lü Paket Siyah/Kırmızı/Gri",Norfolk,https://sportoonline.com/tr/urun/yogi-pamuklu-gunluk-konforlu-cocuk-corabi-3lu-paket-siyah-kirmizi-gri,kopya_aciklama,420,6,0,0
0,1509,"Yogi Pamuklu Günlük Konforlu Çocuk Çorabı 3'lü Paket Pembe/Mavi/Sarı",Norfolk,https://sportoonline.com/tr/urun/yogi-pamuklu-gunluk-konforlu-cocuk-corabi-3lu-paket-pembe-mavi-sari,kopya_aciklama,420,6,0,0
0,1510,"Yogi Pamuklu Günlük Konforlu Çocuk Çorabı 3'lü Paket Lacivert/Krem/Gri",Norfolk,https://sportoonline.com/tr/urun/yogi-pamuklu-gunluk-konforlu-cocuk-corabi-3lu-paket-lacivert-krem-gri,kopya_aciklama,420,6,0,0
0,1511,"Yogi Pamuklu Günlük Konforlu Çocuk Çorabı 3'lü Paket Beyaz",Norfolk,https://sportoonline.com/tr/urun/yogi-pamuklu-gunluk-konforlu-cocuk-corabi-3lu-paket-beyaz,kopya_aciklama,420,6,0,0
0,1512,"Yogi Pamuklu Günlük Konforlu Çocuk Çorabı 3'lü Paket Yeşil/Pembe/Mor",Norfolk,https://sportoonline.com/tr/urun/yogi-pamuklu-gunluk-konforlu-cocuk-corabi-3lu-paket-yesil-pembe-mor,kopya_aciklama,420,6,0,0
0,1513,"Yogi Pamuklu Günlük Konforlu Çocuk Çorabı 3'lü Paket Turuncu/Mavi/Sarı",Norfolk,https://sportoonline.com/tr/urun/yogi-pamuklu-gunluk-konforlu-cocuk-corabi-3lu-paket-turuncu-mavi-sari,kopya_aciklama,420,6,0,0
0,1514,"Mario Günlük Çocuk Çorabı 2'li Paket Yeşil/Mor",Norfolk,https://sportoonline.com/tr/urun/mario-gunluk-cocuk-corabi-2li-paket-yesil-mor,kopya_aciklama,423,3,0,0
0,1515,"Mario Günlük Çocuk Çorabı 2'li Paket Sarı/Kırmızı",Norfolk,https://sportoonline.com/tr/urun/mario-gunluk-cocuk-corabi-2li-paket-sari-kirmizi,kopya_aciklama,423,3,0,0
0,1516,"Mario Günlük Çocuk Çorabı 2'li Paket Lacivert/Mavi",Norfolk,https://sportoonline.com/tr/urun/mario-gunluk-cocuk-corabi-2li-paket-lacivert-mavi,kopya_aciklama,423,3,0,0
0,1521,"VOYAGER 2.0 Termal Merinos Yünlü Tam Yastıklı Outdoor Yürüyüş Çorabı - Siyah",Norfolk,https://sportoonline.com/tr/urun/voyager-2-0-termal-merinos-yunlu-tam-yastikli-outdoor-yuruyus-corabi-siyah,kopya_aciklama,1480,2,0,0
0,1522,"VOYAGER 2.0 Termal Merinos Yünlü Tam Yastıklı Outdoor Yürüyüş Çorabı - Lacivert",Norfolk,https://sportoonline.com/tr/urun/voyager-2-0-termal-merinos-yunlu-tam-yastikli-outdoor-yuruyus-corabi-lacivert,kopya_aciklama,1480,2,0,0
0,1523,"VIGO Erkek %100 Pamuk Oval Kesim Bisiklet Yaka Basic Tişört Siyah",Norfolk,https://sportoonline.com/tr/urun/vigo-erkek-100-pamuk-oval-kesim-bisiklet-yaka-basic-tisort-siyah,kopya_aciklama,1369,4,0,0
0,1525,"VIGO Erkek %100 Pamuk Oval Kesim Bisiklet Yaka Basic Tişört Lacivert",Norfolk,https://sportoonline.com/tr/urun/vigo-erkek-100-pamuk-oval-kesim-bisiklet-yaka-basic-tisort-lacivert,kopya_aciklama,1369,4,0,0
0,1526,"VIGO Erkek %100 Pamuk Oval Kesim Bisiklet Yaka Basic Tişört Gri",Norfolk,https://sportoonline.com/tr/urun/vigo-erkek-100-pamuk-oval-kesim-bisiklet-yaka-basic-tisort-gri,kopya_aciklama,1369,4,0,0
0,1528,"VIGO Erkek %100 Pamuk Oval Kesim Bisiklet Yaka Basic Tişört Beyaz",Norfolk,https://sportoonline.com/tr/urun/vigo-erkek-100-pamuk-oval-kesim-bisiklet-yaka-basic-tisort-beyaz,kopya_aciklama,1369,4,0,0
0,1531,"Winter Set %70 Merino Yünü Termal Bere Boyunluk ve Eldiven 3'lü Kış Seti - Krem",Norfolk,https://sportoonline.com/tr/urun/70-merino-yunu-termal-bere-boyunluk-ve-eldiven-3lu-kis-seti-krem,kopya_aciklama,1268,4,0,0
0,1532,"Winter Set %70 Merino Yünü Termal Bere Boyunluk ve Eldiven 3'lü Kış Seti - Lacivert",Norfolk,https://sportoonline.com/tr/urun/70-merino-yunu-termal-bere-boyunluk-ve-eldiven-3lu-kis-seti-lacivert,kopya_aciklama,1268,4,0,0
0,1534,"Winter Set %70 Merino Yünü Termal Bere Boyunluk ve Eldiven 3'lü Kış Seti - Siyah",Norfolk,https://sportoonline.com/tr/urun/70-merino-yunu-termal-bere-boyunluk-ve-eldiven-3lu-kis-seti-siyah,kopya_aciklama,1268,4,0,0
0,1536,"Tokyo Unisex %80 Pamuk Babet Çorap 2'li Siyah",Norfolk,https://sportoonline.com/tr/urun/tokyo-unisex-80-pamuk-babet-corap-2li-siyah,kopya_aciklama,479,2,0,0
0,1537,"Tokyo Unisex %80 Pamuk Babet Çorap 2'li Beyaz",Norfolk,https://sportoonline.com/tr/urun/tokyo-unisex-80-pamuk-babet-corap-2li-beyaz,kopya_aciklama,479,2,0,0
0,1538,"Tokyo Unisex %80 Pamuk Babet Çorap 3'lü Siyah/Beyaz/Gri",Norfolk,https://sportoonline.com/tr/urun/tokyo-unisex-80-pamuk-babet-corap-3lu-siyah-beyaz-gri,kopya_aciklama,479,3,0,0
0,1539,"Tokyo Unisex %80 Pamuk Babet Çorap 3'lü Siyah",Norfolk,https://sportoonline.com/tr/urun/tokyo-unisex-80-pamuk-babet-corap-3lu-siyah,kopya_aciklama,479,3,0,0
0,1540,"Tokyo Unisex %80 Pamuk Babet Çorap 3'lü Beyaz",Norfolk,https://sportoonline.com/tr/urun/tokyo-unisex-80-pamuk-babet-corap-3lu-beyaz,kopya_aciklama,479,3,0,0
0,1541,"STOCKHOLM Merinos Yünü İnce Örgü Premium Gündelik Günlük Çorap 3'lü Paket Siyah",Norfolk,https://sportoonline.com/tr/urun/stockholm-merinos-yunu-ince-orgu-premium-gundelik-gunluk-corap-3lu-paket-siyah,kopya_aciklama,749,3,0,0
0,1542,"STOCKHOLM Merinos Yünü İnce Örgü Premium Gündelik Günlük Çorap 3'lü Paket Lacivert Tonları",Norfolk,https://sportoonline.com/tr/urun/stockholm-merinos-yunu-ince-orgu-premium-gundelik-gunluk-corap-3lu-paket-lacivert-tonlari,kopya_aciklama,749,3,0,0
0,1543,"STOCKHOLM Merinos Yünü İnce Örgü Premium Gündelik Günlük Çorap 3'lü Paket Kahve Tonları",Norfolk,https://sportoonline.com/tr/urun/stockholm-merinos-yunu-ince-orgu-premium-gundelik-gunluk-corap-3lu-paket-kahve-tonlari,kopya_aciklama,748,4,0,0
0,1544,"STOCKHOLM Merinos Yünü İnce Örgü Premium Gündelik Günlük Çorap 3'lü Paket Gri Tonları",Norfolk,https://sportoonline.com/tr/urun/stockholm-merinos-yunu-ince-orgu-premium-gundelik-gunluk-corap-3lu-paket-gri-tonlari,kopya_aciklama,748,4,0,0
0,1545,"STOCKHOLM Merinos Yünü İnce Örgü Premium Gündelik Günlük Çorap 3'lü Paket Gri Çizgili",Norfolk,https://sportoonline.com/tr/urun/stockholm-merinos-yunu-ince-orgu-premium-gundelik-gunluk-corap-3lu-paket,kopya_aciklama,748,4,0,0
0,1546,"STOCKHOLM Merinos Yünü İnce Örgü Premium Gündelik Günlük Çorap 3'lü Paket Beyaz/Gri/Bordo",Norfolk,https://sportoonline.com/tr/urun/stockholm-merinos-yunu-ince-orgu-premium-gundelik-gunluk-corap-3lu-paket-beyaz-gri-bordo,kopya_aciklama,748,4,0,0
0,1548,"Sidney Görünmez Ultra Hafif Pamuk Günlük Çorap 2'li Paket Siyah",Norfolk,https://sportoonline.com/tr/urun/sidney-gorunmez-ultra-hafif-pamuk-gunluk-corap-2li-paket-siyah,kopya_aciklama,369,2,0,0
0,1549,"Sidney Görünmez Ultra Hafif Pamuk Günlük Çorap 2'li Paket Beyaz",Norfolk,https://sportoonline.com/tr/urun/sidney-gorunmez-ultra-hafif-pamuk-gunluk-corap-2li-paket-beyaz,kopya_aciklama,369,2,0,0
0,1551,"SHELDON QTR Çeyrek Kesim Merino Yünü Outdoor Yürüyüş Çorapları 2'li Paket Siyah",Norfolk,https://sportoonline.com/tr/urun/sheldon-qtr-ceyrek-kesim-merino-yunu-outdoor-yuruyus-coraplari-2li-paket-siyah,kopya_aciklama,940,3,0,0
0,1552,"SHELDON QTR Çeyrek Kesim Merino Yünü Outdoor Yürüyüş Çorapları 2'li Paket Lacivert",Norfolk,https://sportoonline.com/tr/urun/sheldon-qtr-ceyrek-kesim-merino-yunu-outdoor-yuruyus-coraplari-2li-paket-lacivert,kopya_aciklama,940,3,0,0
0,1553,"SHELDON QTR Çeyrek Kesim Merino Yünü Outdoor Yürüyüş Çorapları 2'li Paket Gri",Norfolk,https://sportoonline.com/tr/urun/sheldon-qtr-ceyrek-kesim-merino-yunu-outdoor-yuruyus-coraplari-2li-paket-gri,kopya_aciklama,940,3,0,0
0,1554,"SHELDON Merino Yünü Outdoor Yürüyüş Çorapları 2'li Paket Siyah",Norfolk,https://sportoonline.com/tr/urun/sheldon-merino-yunu-outdoor-yuruyus-coraplari-2li-paket-acik-siyah,kopya_aciklama,937,4,0,0
0,1555,"SHELDON Merino Yünü Outdoor Yürüyüş Çorapları 2'li Paket Açık Gri",Norfolk,https://sportoonline.com/tr/urun/sheldon-merino-yunu-outdoor-yuruyus-coraplari-2li-paket-acik-gri,kopya_aciklama,937,4,0,0
0,1556,"SHELDON Merino Yünü Outdoor Yürüyüş Çorapları 2'li Paket Lacivert",Norfolk,https://sportoonline.com/tr/urun/sheldon-merino-yunu-outdoor-yuruyus-coraplari-2li-paket-lacivert,kopya_aciklama,937,4,0,0
0,1557,"SHELDON Merino Yünü Outdoor Yürüyüş Çorapları 2'li Paket Gri",Norfolk,https://sportoonline.com/tr/urun/sheldon-merino-yunu-outdoor-yuruyus-coraplari-2li-paket-gri,kopya_aciklama,937,4,0,0
0,1558,"SHELDON LC Düşük Kesim Merino Yünü Outdoor Yürüyüş Çorapları 2'li Paket Yeşil",Norfolk,https://sportoonline.com/tr/urun/sheldon-lc-dusuk-kesim-merino-yunu-outdoor-yuruyus-coraplari-2li-paket-yesil,kopya_aciklama,934,10,0,0
0,1559,"SHELDON LC Düşük Kesim Merino Yünü Outdoor Yürüyüş Çorapları 2'li Paket Rose",Norfolk,https://sportoonline.com/tr/urun/sheldon-lc-dusuk-kesim-merino-yunu-outdoor-yuruyus-coraplari-2li-paket-rose,kopya_aciklama,934,10,0,0
0,1560,"SHELDON LC Düşük Kesim Merino Yünü Outdoor Yürüyüş Çorapları 2'li Paket Siyah",Norfolk,https://sportoonline.com/tr/urun/sheldon-lc-dusuk-kesim-merino-yunu-outdoor-yuruyus-coraplari-2li-paket-siyah,kopya_aciklama,934,10,0,0
0,1561,"SHELDON LC Düşük Kesim Merino Yünü Outdoor Yürüyüş Çorapları 2'li Paket Mavi",Norfolk,https://sportoonline.com/tr/urun/sheldon-lc-dusuk-kesim-merino-yunu-outdoor-yuruyus-coraplari-2li-paket-mavi,kopya_aciklama,934,10,0,0
0,1562,"SHELDON LC Düşük Kesim Merino Yünü Outdoor Yürüyüş Çorapları 2'li Paket Magenta",Norfolk,https://sportoonline.com/tr/urun/sheldon-lc-dusuk-kesim-merino-yunu-outdoor-yuruyus-coraplari-2li-paket-magenta,kopya_aciklama,934,10,0,0
0,1564,"SHELDON LC Düşük Kesim Merino Yünü Outdoor Yürüyüş Çorapları 2'li Paket Krem",Norfolk,https://sportoonline.com/tr/urun/sheldon-lc-dusuk-kesim-merino-yunu-outdoor-yuruyus-coraplari-2li-paket-krem,kopya_aciklama,934,10,0,0
0,1565,"SHELDON LC Düşük Kesim Merino Yünü Outdoor Yürüyüş Çorapları 2'li Paket Gri",Norfolk,https://sportoonline.com/tr/urun/sheldon-lc-dusuk-kesim-merino-yunu-outdoor-yuruyus-coraplari-2li-paket-gri,kopya_aciklama,934,10,0,0
0,1566,"SHELDON LC Düşük Kesim Merino Yünü Outdoor Yürüyüş Çorapları 2'li Paket Açık Gri",Norfolk,https://sportoonline.com/tr/urun/sheldon-lc-dusuk-kesim-merino-yunu-outdoor-yuruyus-coraplari-2li-paket-acik-gri,kopya_aciklama,934,10,0,0
0,1568,"RIO Stretch+ Teknolojili Yastıklamalı Ekstra Geniş Pamuklu Rahat Çorap 2'li Paket Siyah",Norfolk,https://sportoonline.com/tr/urun/rio-stretch-teknolojili-yastiklamali-ekstra-genis-pamuklu-rahat-corap-2li-paket-siyah,kopya_aciklama,765,2,0,0
0,1571,"RIO Stretch+ Teknolojili Yastıklamalı Ekstra Geniş Pamuklu Rahat Çorap 2'li Paket Kırmızı",Norfolk,https://sportoonline.com/tr/urun/rio-stretch-teknolojili-yastiklamali-ekstra-genis-pamuklu-rahat-corap-2li-paket-kirmizi,kopya_aciklama,765,2,0,0
0,1577,"PETER Yün Stretch+ Teknolojisine Sahip Tam Yastıklı Ekstra Genişleyen Çorap 2 Çift Paket Siyah",Norfolk,https://sportoonline.com/tr/urun/peter-yun-stretch-teknolojisine-sahip-tam-yastikli-ekstra-genisleyen-corap-2-cift-paket-siyah,kopya_aciklama,544,3,0,0
0,1579,"PETER Yün Stretch+ Teknolojisine Sahip Tam Yastıklı Ekstra Genişleyen Çorap 2 Çift Paket Krem",Norfolk,https://sportoonline.com/tr/urun/peter-yun-stretch-teknolojisine-sahip-tam-yastikli-ekstra-genisleyen-corap-2-cift-paket-krem,kopya_aciklama,544,3,0,0
0,1580,"PETER Yün Stretch+ Teknolojisine Sahip Tam Yastıklı Ekstra Genişleyen Çorap 2 Çift Paket Gri",Norfolk,https://sportoonline.com/tr/urun/peter-yun-stretch-teknolojisine-sahip-tam-yastikli-ekstra-genisleyen-corap-2-cift-paket-gri,kopya_aciklama,544,3,0,0
0,1582,"OSCAR Stretch+ Teknolojisine Sahip Yün Diyabet Dostu Çorap 2 Çift Paket Siyah",Norfolk,https://sportoonline.com/tr/urun/oscar-stretch-teknolojisine-sahip-yun-diyabet-dostu-corap-2-cift-paket-siyah,kopya_aciklama,547,2,0,0
0,1583,"OSCAR Stretch+ Teknolojisine Sahip Yün Diyabet Dostu Çorap 2 Çift Paket Lacivert",Norfolk,https://sportoonline.com/tr/urun/oscar-stretch-teknolojisine-sahip-yun-diyabet-dostu-corap-2-cift-paket-lacivert,kopya_aciklama,547,2,0,0
0,1590,"NORWICK %70 Merino Yünü Çocuk Beresi Siyah",Norfolk,https://sportoonline.com/tr/urun/norwick-70-merino-yunu-cocuk-beresi-siyah,kopya_aciklama,1135,7,0,0
0,1591,"NORWICK %70 Merino Yünü Bere Fuşya",Norfolk,https://sportoonline.com/tr/urun/norwick-70-merino-yunu-bere-fusya,kopya_aciklama,1135,7,0,0
0,1592,"NORWICK %70 Merino Yünü Bere Krem",Norfolk,https://sportoonline.com/tr/urun/norwick-70-merino-yunu-bere-krem,kopya_aciklama,1135,7,0,0
0,1593,"NORWICK %70 Merino Yünü Bere Antrasit",Norfolk,https://sportoonline.com/tr/urun/norwick-70-merino-yunu-bere-antrasit,kopya_aciklama,1135,7,0,0
0,1595,"NORWICK %70 Merino Yünü Bere Kırmızı",Norfolk,https://sportoonline.com/tr/urun/norwick-70-merino-yunu-bere-kirmizi,kopya_aciklama,1135,7,0,0
0,1598,"NORWICK %70 Merino Yünü Bere Yeşil",Norfolk,https://sportoonline.com/tr/urun/norwick-70-merino-yunu-bere-yesil,kopya_aciklama,1135,7,0,0
0,1600,"NORWICK %70 Merino Yünü Bere Lacivert",Norfolk,https://sportoonline.com/tr/urun/norwick-70-merino-yunu-bere-lacivert,kopya_aciklama,1135,7,0,0
0,1603,"Morgan Stretch+ Teknolojisine Sahip Yün - Ekstra Geniş Diz Altı Ödem Çorabı Lacivert",Norfolk,https://sportoonline.com/tr/urun/morgan-stretch-teknolojisine-sahip-yun-ekstra-genis-diz-alti-odem-corabi-lacivert,kopya_aciklama,582,2,0,0
0,1604,"Morgan Stretch+ Teknolojisine Sahip Yün - Ekstra Geniş Diz Altı Ödem Çorabı Gri",Norfolk,https://sportoonline.com/tr/urun/morgan-stretch-teknolojisine-sahip-yun-ekstra-genis-diz-alti-odem-corabi-gri,kopya_aciklama,582,2,0,0
0,1605,"Montreal Ekstra Yastıklamalı Pamuk Günlük Spor Çorabı 2'li Paket Sarı/Yeşil",Norfolk,https://sportoonline.com/tr/urun/montreal-ekstra-yastiklamali-pamuk-gunluk-spor-corabi-2li-paket-sari-yesil,kopya_aciklama,836,4,0,0
0,1606,"Montreal Ekstra Yastıklamalı Pamuk Günlük Spor Çorabı 2'li Paket Siyah",Norfolk,https://sportoonline.com/tr/urun/montreal-ekstra-yastiklamali-pamuk-gunluk-spor-corabi-2li-paket-siyah,kopya_aciklama,836,4,0,0
0,1607,"Montreal Ekstra Yastıklamalı Pamuk Günlük Spor Çorabı 2'li Paket Lacivert/Gri",Norfolk,https://sportoonline.com/tr/urun/montreal-ekstra-yastiklamali-pamuk-gunluk-spor-corabi-2li-paket-lacivert-gri,kopya_aciklama,836,4,0,0
0,1608,"Montreal Ekstra Yastıklamalı Pamuk Günlük Spor Çorabı 2'li Paket Beyaz",Norfolk,https://sportoonline.com/tr/urun/montreal-ekstra-yastiklamali-pamuk-gunluk-spor-corabi-2li-paket-beyaz,kopya_aciklama,836,4,0,0
0,1609,"JOSEPH Comfort Fit Tenderhold Pamuklu Diyabet Çorabı 2'li Paket Somon",Norfolk,https://sportoonline.com/tr/urun/joseph-comfort-fit-tenderhold-pamuklu-diyabet-corabi-2li-paket-somon,kopya_aciklama,1063,16,0,0
0,1610,"MERCURY Antibakteriyel Kaydırmaz Tabanlı Şardonlu Günlük Ev Çorabı - Siyah 1 Çift Paket",Norfolk,https://sportoonline.com/tr/urun/mercury-antibakteriyel-kaydirmaz-tabanli-sardonlu-gunluk-ev-corabi-siyah-1-cift-paket,kopya_aciklama,1599,2,0,0
0,1611,"MERCURY Antibakteriyel Kaydırmaz Tabanlı Şardonlu Günlük Ev Çorabı - Gri 1 Çift Paket",Norfolk,https://sportoonline.com/tr/urun/mercury-antibakteriyel-kaydirmaz-tabanli-sardonlu-gunluk-ev-corabi-gri-1-cift-paket,kopya_aciklama,1599,2,0,0
0,1614,"Lizard Multi-Sport Kaydırmaz Tabanlı Spor Çorabı Turuncu",Norfolk,https://sportoonline.com/tr/urun/lizard-multi-sport-kaydirmaz-tabanli-spor-corabi-turuncu,kopya_aciklama,1125,2,0,0
0,1616,"Lizard Multi-Sport Kaydırmaz Tabanlı Spor Çorabı Siyah",Norfolk,https://sportoonline.com/tr/urun/lizard-multi-sport-kaydirmaz-tabanli-spor-corabi-siyah,kopya_aciklama,1125,2,0,0
0,1620,"Leonardo QTR Merinos Yünü Yastıklamalı Bisiklet/Yürüyüş Çorabı 2'li Paket Mor/Mavi",Norfolk,https://sportoonline.com/tr/urun/leonardo-qtr-merinos-yunu-yastiklamali-bisiklet-yuruyus-corabi-2li-paket-mor-mavi,kopya_aciklama,961,5,0,0
0,1621,"Leonardo QTR Merinos Yünü Yastıklamalı Bisiklet/Yürüyüş Çorabı 2'li Paket Sarı/Turuncu",Norfolk,https://sportoonline.com/tr/urun/leonardo-qtr-merinos-yunu-yastiklamali-bisiklet-yuruyus-corabi-2li-paket-sari-turuncu,kopya_aciklama,961,5,0,0
0,1622,"Leonardo QTR Merinos Yünü Yastıklamalı Bisiklet/Yürüyüş Çorabı 2'li Paket Siyah/Magenta",Norfolk,https://sportoonline.com/tr/urun/leonardo-qtr-merinos-yunu-yastiklamali-bisiklet-yuruyus-corabi-2li-paket-siyah-magenta,kopya_aciklama,961,5,0,0
0,1623,"Leonardo QTR Merinos Yünü Yastıklamalı Bisiklet/Yürüyüş Çorabı 2'li Paket Siyah",Norfolk,https://sportoonline.com/tr/urun/leonardo-qtr-merinos-yunu-yastiklamali-bisiklet-yuruyus-corabi-2li-paket-siyah,kopya_aciklama,961,5,0,0
0,1625,"Leonardo QTR Merinos Yünü Yastıklamalı Bisiklet/Yürüyüş Çorabı 2'li Paket Gri",Norfolk,https://sportoonline.com/tr/urun/leonardo-qtr-merinos-yunu-yastiklamali-bisiklet-yuruyus-corabi-2li-paket-gri,kopya_aciklama,961,5,0,0
0,1626,"LEONARDO Merino Yünü Outdoor Yürüyüş Çorabı 2'li Paket Yeşil",Norfolk,https://sportoonline.com/tr/urun/leonardo-merino-yunu-outdoor-yuruyus-corabi-2li-paket-yesil,kopya_aciklama,959,9,0,0
0,1627,"LEONARDO Merino Yünü Outdoor Yürüyüş Çorabı 2'li Paket Siyah/Magenta",Norfolk,https://sportoonline.com/tr/urun/leonardo-merino-yunu-outdoor-yuruyus-corabi-2li-paket-siyah-magenta,kopya_aciklama,959,9,0,0
0,1628,"LEONARDO Merino Yünü Outdoor Yürüyüş Çorabı 2'li Paket Siyah",Norfolk,https://sportoonline.com/tr/urun/leonardo-merino-yunu-outdoor-yuruyus-corabi-2li-paket-siyah,kopya_aciklama,959,9,0,0
0,1629,"LEONARDO Merino Yünü Outdoor Yürüyüş Çorabı 2'li Paket Sarı/Turuncu",Norfolk,https://sportoonline.com/tr/urun/leonardo-merino-yunu-outdoor-yuruyus-corabi-2li-paket-sari-turuncu,kopya_aciklama,959,9,0,0
0,1630,"LEONARDO Merino Yünü Outdoor Yürüyüş Çorabı 2'li Paket Mor/Mavi",Norfolk,https://sportoonline.com/tr/urun/leonardo-merino-yunu-outdoor-yuruyus-corabi-2li-paket-mor-mavi,kopya_aciklama,959,9,0,0
0,1632,"LEONARDO Merino Yünü Outdoor Yürüyüş Çorabı 2'li Paket Kahverengi",Norfolk,https://sportoonline.com/tr/urun/leonardo-merino-yunu-outdoor-yuruyus-corabi-2li-paket-kahverengi,kopya_aciklama,959,9,0,0
0,1633,"LEONARDO Merino Yünü Outdoor Yürüyüş Çorabı 2'li Paket Lacivert",Norfolk,https://sportoonline.com/tr/urun/leonardo-merino-yunu-outdoor-yuruyus-corabi-2li-paket-lacivert,kopya_aciklama,959,9,0,0
0,1634,"LEONARDO Merino Yünü Outdoor Yürüyüş Çorabı 2'li Paket Gri",Norfolk,https://sportoonline.com/tr/urun/leonardo-merino-yunu-outdoor-yuruyus-corabi-2li-paket-gri,kopya_aciklama,959,9,0,0
0,1636,"JOSEPH Comfort Fit Tenderhold Pamuklu Diyabet Çorabı 2'li Paket Siyah",Norfolk,https://sportoonline.com/tr/urun/joseph-comfort-fit-tenderhold-pamuklu-diyabet-corabi-2li-paket-siyah,kopya_aciklama,1063,16,0,0
0,1637,"JOSEPH Comfort Fit Tenderhold Pamuklu Diyabet Çorabı 2'li Paket Şarap",Norfolk,https://sportoonline.com/tr/urun/joseph-comfort-fit-tenderhold-pamuklu-diyabet-corabi-2li-paket-sarap,kopya_aciklama,1063,16,0,0
0,1638,"JOSEPH Comfort Fit Tenderhold Pamuklu Diyabet Çorabı 2'li Paket Menekşe",Norfolk,https://sportoonline.com/tr/urun/joseph-comfort-fit-tenderhold-pamuklu-diyabet-corabi-2li-paket-menekse,kopya_aciklama,1063,16,0,0
0,1639,"JOSEPH Comfort Fit Tenderhold Pamuklu Diyabet Çorabı 2'li Paket Mavi",Norfolk,https://sportoonline.com/tr/urun/joseph-comfort-fit-tenderhold-pamuklu-diyabet-corabi-2li-paket-mavi,kopya_aciklama,1063,16,0,0
0,1640,"JOSEPH Comfort Fit Tenderhold Pamuklu Diyabet Çorabı 2'li Paket Lacivert",Norfolk,https://sportoonline.com/tr/urun/joseph-comfort-fit-tenderhold-pamuklu-diyabet-corabi-2li-paket-lacivert,kopya_aciklama,1063,16,0,0
0,1641,"JOSEPH Comfort Fit Tenderhold Pamuklu Diyabet Çorabı 2'li Paket Krem",Norfolk,https://sportoonline.com/tr/urun/joseph-comfort-fit-tenderhold-pamuklu-diyabet-corabi-2li-paket-krem,kopya_aciklama,1063,16,0,0
0,1642,"JOSEPH Comfort Fit Tenderhold Pamuklu Diyabet Çorabı 2'li Paket Kahverengi",Norfolk,https://sportoonline.com/tr/urun/joseph-comfort-fit-tenderhold-pamuklu-diyabet-corabi-2li-paket-kahverengi,kopya_aciklama,1063,16,0,0
0,1643,"JOSEPH Comfort Fit Tenderhold Pamuklu Diyabet Çorabı 2'li Paket Gül",Norfolk,https://sportoonline.com/tr/urun/joseph-comfort-fit-tenderhold-pamuklu-diyabet-corabi-2li-paket-gul,kopya_aciklama,1063,16,0,0
0,1644,"JOSEPH Comfort Fit Tenderhold Pamuklu Diyabet Çorabı 2'li Paket Gri",Norfolk,https://sportoonline.com/tr/urun/joseph-comfort-fit-tenderhold-pamuklu-diyabet-corabi-2li-paket-gri,kopya_aciklama,1063,16,0,0
0,1645,"JOSEPH Comfort Fit Tenderhold Pamuklu Diyabet Çorabı 2'li Paket Deniz Sisi",Norfolk,https://sportoonline.com/tr/urun/joseph-comfort-fit-tenderhold-pamuklu-diyabet-corabi-2li-paket-deniz-sisi,kopya_aciklama,1063,16,0,0
0,1646,"JOSEPH Comfort Fit Tenderhold Pamuklu Diyabet Çorabı 2'li Paket Denim Mavi",Norfolk,https://sportoonline.com/tr/urun/joseph-comfort-fit-tenderhold-pamuklu-diyabet-corabi-2li-paket-denim-mavi,kopya_aciklama,1063,16,0,0
0,1647,"JOSEPH Comfort Fit Tenderhold Pamuklu Diyabet Çorabı 2'li Paket Beyaz",Norfolk,https://sportoonline.com/tr/urun/joseph-comfort-fit-tenderhold-pamuklu-diyabet-corabi-2li-paket-beyaz,kopya_aciklama,1063,16,0,0
0,1648,"JOSEPH Comfort Fit Tenderhold Pamuklu Diyabet Çorabı 2'li Paket Ateş Kırmızı",Norfolk,https://sportoonline.com/tr/urun/joseph-comfort-fit-tenderhold-pamuklu-diyabet-corabi-2li-paket-ates-kirmizi,kopya_aciklama,1063,16,0,0
0,1649,"JOSEPH Comfort Fit Tenderhold Pamuklu Diyabet Çorabı 2'li Paket Antrasit",Norfolk,https://sportoonline.com/tr/urun/joseph-comfort-fit-tenderhold-pamuklu-diyabet-corabi-2li-paket-antrasit,kopya_aciklama,1063,16,0,0
0,1651,"IZZY Multi-Sport Ultra Hafif Düşük Kesim Çorap 3'lü Paket Siyah",Norfolk,https://sportoonline.com/tr/urun/izzy-multi-sport-ultra-hafif-dusuk-kesim-corap-3lu-paket-siyah,kopya_aciklama,558,5,0,0
0,1652,"IZZY Multi-Sport Ultra Hafif Düşük Kesim Çorap 3'lü Paket Sarı/Mavi/Kırmızı",Norfolk,https://sportoonline.com/tr/urun/izzy-multi-sport-ultra-hafif-dusuk-kesim-corap-3lu-paket-sari-mavi-kirmizi,kopya_aciklama,558,5,0,0
0,1653,"IZZY Multi-Sport Ultra Hafif Düşük Kesim Çorap 3'lü Paket Sarı/Gri/Lacivert",Norfolk,https://sportoonline.com/tr/urun/izzy-multi-sport-ultra-hafif-dusuk-kesim-corap-3lu-paket-sari-gri-lacivert,kopya_aciklama,558,5,0,0
0,1654,"IZZY Multi-Sport Ultra Hafif Düşük Kesim Çorap 3'lü Paket Gri",Norfolk,https://sportoonline.com/tr/urun/izzy-multi-sport-ultra-hafif-dusuk-kesim-corap-3lu-paket-gri,kopya_aciklama,558,5,0,0
0,1656,"IZZY Multi-sport Ultra Hafif Düşük Kesim Çorap 3'lü Paket Beyaz",Norfolk,https://sportoonline.com/tr/urun/izzy-multi-sport-ultra-hafif-dusuk-kesim-corap-3lu-paket-beyaz,kopya_aciklama,558,5,0,0
0,1657,"IBEX Yastıklı Outdoor Yürüyüş Çorabı Mavi 1 Çift",Norfolk,https://sportoonline.com/tr/urun/ibex-yastikli-outdoor-yuruyus-corabi-mavi-1-cift,kopya_aciklama,709,3,0,0
0,1658,"IBEX Yastıklı Outdoor Yürüyüş Çorabı Gri 1 Çift",Norfolk,https://sportoonline.com/tr/urun/ibex-yastikli-outdoor-yuruyus-corabi-gri-1-cift,kopya_aciklama,709,3,0,0
0,1659,"IBEX Yastıklı Outdoor Yürüyüş Çorabı Siyah 1 Çift",Norfolk,https://sportoonline.com/tr/urun/ibex-yastikli-outdoor-yuruyus-corabi-siyah-1-cift,kopya_aciklama,709,3,0,0
0,1661,"Helsinki İnce Örgü Merinos Yünü Günlük Çocuk Çorabı 2'li Paket Mavi",Norfolk,https://sportoonline.com/tr/urun/helsinki-ince-orgu-merinos-yunu-gunluk-cocuk-corabi-2li-paket-mavi,kopya_aciklama,817,3,0,0
0,1662,"Helsinki İnce Örgü Merinos Yünü Günlük Çocuk Çorabı 2'li Paket Gri",Norfolk,https://sportoonline.com/tr/urun/helsinki-ince-orgu-merinos-yunu-gunluk-cocuk-corabi-2li-paket-gri,kopya_aciklama,817,3,0,0
0,1663,"Gabby Merinos Yünü ve Bambu Tam Yastıklı Termal Outdoor Çorabı Koyu Siyah",Norfolk,https://sportoonline.com/tr/urun/gabby-merinos-yunu-ve-bambu-tam-yastikli-termal-outdoor-corabi-koyu-siyah,kopya_aciklama,1026,5,0,0
0,1664,"Gabby Merinos Yünü ve Bambu Tam Yastıklı Termal Outdoor Çorabı Mavi",Norfolk,https://sportoonline.com/tr/urun/gabby-merinos-yunu-ve-bambu-tam-yastikli-termal-outdoor-corabi-mavi,kopya_aciklama,1026,5,0,0
0,1665,"Gabby Merinos Yünü ve Bambu Tam Yastıklı Termal Outdoor Çorabı Siyah",Norfolk,https://sportoonline.com/tr/urun/gabby-merinos-yunu-ve-bambu-tam-yastikli-termal-outdoor-corabi-siyah,kopya_aciklama,1026,5,0,0
0,1666,"Gabby Merinos Yünü ve Bambu Tam Yastıklı Termal Outdoor Çorabı Kahverengi",Norfolk,https://sportoonline.com/tr/urun/gabby-merinos-yunu-ve-bambu-tam-yastikli-termal-outdoor-corabi-kahverengi,kopya_aciklama,1026,5,0,0
0,1667,"Gabby Merinos Yünü ve Bambu Tam Yastıklı Termal Outdoor Çorabı Fuşya",Norfolk,https://sportoonline.com/tr/urun/gabby-merinos-yunu-ve-bambu-tam-yastikli-termal-outdoor-corabi-fusya,kopya_aciklama,1026,5,0,0
0,1668,"Fresh Premium Siyah Pamuklu Günlük Spor Çorap 3'lü Paket",Norfolk,https://sportoonline.com/tr/urun/fresh-premium-siyah-pamuklu-gunluk-spor-corap-3lu-paket,kopya_aciklama,726,3,0,0
0,1669,"Fresh Premium Beyaz/Siyah/Gri Pamuklu Günlük Spor Çorap 3'lü Paket",Norfolk,https://sportoonline.com/tr/urun/fresh-premium-beyaz-siyah-gri-pamuklu-gunluk-spor-corap-3lu-paket,kopya_aciklama,726,3,0,0
0,1671,"Fresh Premium Gri/Mavi/Lacivert Pamuklu Günlük Spor Çorap 3'lü Paket",Norfolk,https://sportoonline.com/tr/urun/fresh-premium-gri-mavi-lacivert-pamuklu-gunluk-spor-corap-3lu-paket,kopya_aciklama,726,3,0,0
0,1675,"EDINBURGH Comfot Fit Sağlık Çorabı Gri 2'li Paket",Norfolk,https://sportoonline.com/tr/urun/edinburgh-comfot-fit-saglik-corabi-gri-2li-paket,kopya_aciklama,780,2,0,0
0,1676,"EDINBURGH Comfot Fit Sağlık Çorabı Siyah 2'li Paket",Norfolk,https://sportoonline.com/tr/urun/edinburgh-comfot-fit-saglik-corabi-siyah-2li-paket,kopya_aciklama,780,2,0,0
0,1679,"DAPHNE Alpaka Yün Bere ve Eldiven Seti (Kahverengi)",Norfolk,https://sportoonline.com/tr/urun/daphne-alpaka-yun-bere-ve-eldiven-seti-kahverengi,kopya_aciklama,1154,2,0,0
0,1680,"DAPHNE Alpaka Yün Bere ve Eldiven Seti (Gri)",Norfolk,https://sportoonline.com/tr/urun/daphne-alpaka-yun-bere-ve-eldiven-seti-gri,kopya_aciklama,1154,2,0,0
0,1681,"Courchevel Merinos Yünü Hafif Kayak Çorabı Siyah",Norfolk,https://sportoonline.com/tr/urun/courchevel-merinos-yunu-hafif-kayak-corabi-siyah,kopya_aciklama,990,4,0,0
0,1682,"Courchevel Merinos Yünü Hafif Kayak Çorabı Pembe",Norfolk,https://sportoonline.com/tr/urun/courchevel-merinos-yunu-hafif-kayak-corabi-pembe,kopya_aciklama,990,4,0,0
0,1683,"Courchevel Merinos Yünü Hafif Kayak Çorabı Mavi",Norfolk,https://sportoonline.com/tr/urun/courchevel-merinos-yunu-hafif-kayak-corabi-mavi,kopya_aciklama,990,4,0,0
0,1684,"Courchevel Merinos Yünü Hafif Kayak Çorabı Lacivert",Norfolk,https://sportoonline.com/tr/urun/courchevel-merinos-yunu-hafif-kayak-corabi-lacivert,kopya_aciklama,990,4,0,0
0,1686,"Contractor Çelik Başlıklı İş Botları için Yastıklı ve Takviyeli Termal Çorap Gri",Norfolk,https://sportoonline.com/tr/urun/contractor-celik-baslikli-is-botlari-icin-yastikli-ve-takviyeli-termal-corap-gri,kopya_aciklama,798,3,0,0
0,1687,"Contractor Çelik Başlıklı İş Botları için Yastıklı ve Takviyeli Termal Çorap Beyaz",Norfolk,https://sportoonline.com/tr/urun/contractor-celik-baslikli-is-botlari-icin-yastikli-ve-takviyeli-termal-corap-beyaz,kopya_aciklama,798,3,0,0
0,1688,"Contractor Çelik Başlıklı İş Botları için Yastıklı ve Takviyeli Termal Çorap Siyah",Norfolk,https://sportoonline.com/tr/urun/contractor-celik-baslikli-is-botlari-icin-yastikli-ve-takviyeli-termal-corap-siyah,kopya_aciklama,798,3,0,0
0,1694,"CHEETAH Koşu Spor Performans ve Antreman Çorabı Yeşil 2'li Paket",Norfolk,https://sportoonline.com/tr/urun/cheetah-kosu-spor-performans-ve-antreman-corabi-yesil-2li-paket,kopya_aciklama,686,4,0,0
0,1695,"CHEETAH Koşu Spor Performans ve Antreman Çorabı Siyah 2'li Paket",Norfolk,https://sportoonline.com/tr/urun/cheetah-kosu-spor-performans-ve-antreman-corabi-siyah-2li-paket,kopya_aciklama,686,4,0,0
0,1696,"CHEETAH Koşu Spor Performans ve Antreman Çorabı Pembe 2'li Paket",Norfolk,https://sportoonline.com/tr/urun/cheetah-kosu-spor-performans-ve-antreman-corabi-pembe-2li-paket,kopya_aciklama,686,4,0,0
0,1697,"CHEETAH Koşu Spor Performans ve Antreman Çorabı Beyaz 2'li Paket",Norfolk,https://sportoonline.com/tr/urun/cheetah-kosu-spor-performans-ve-antreman-corabi-beyaz-2li-paket,kopya_aciklama,686,4,0,0
0,1698,"Caretta Çevre Dostu Repreve® Düşük Kesim Koşu ve Yürüyüş Çorabı 3'lü Paket Gri-Sarı-Mavi",Norfolk,https://sportoonline.com/tr/urun/caretta-cevre-dostu-repreve-dusuk-kesim-kosu-ve-yuruyus-corabi-3lu-paket-gri-sari-mavi,kopya_aciklama,1162,4,0,0
0,1699,"Caretta Çevre Dostu Repreve® Düşük Kesim Koşu ve Yürüyüş Çorabı 3'lü Paket Siyah",Norfolk,https://sportoonline.com/tr/urun/caretta-cevre-dostu-repreve-dusuk-kesim-kosu-ve-yuruyus-corabi-3lu-paket-siyah,kopya_aciklama,1162,4,0,0
0,1700,"Caretta Çevre Dostu Repreve® Düşük Kesim Koşu ve Yürüyüş Çorabı 3'lü Paket Beyaz",Norfolk,https://sportoonline.com/tr/urun/caretta-cevre-dostu-repreve-dusuk-kesim-kosu-ve-yuruyus-corabi-3lu-paket-beyaz,kopya_aciklama,1162,4,0,0
0,1701,"Caretta Çevre Dostu Repreve® Düşük Kesim Koşu ve Yürüyüş Çorabı 3'lü Paket Mavi-Fuşya-Antrasit",Norfolk,https://sportoonline.com/tr/urun/caretta-cevre-dostu-repreve-dusuk-kesim-kosu-ve-yuruyus-corabi-3lu-paket-mavi-fusya-antrasit,kopya_aciklama,1162,4,0,0
0,1702,"Cambridge Stretch+ Teknolojisine Sahip Ekstra Comfort Fit Bambu Çorap Siyah 2'li Paket",Norfolk,https://sportoonline.com/tr/urun/cambridge-stretch-teknolojisine-sahip-ekstra-comfort-fit-bambu-corap-siyah-2li-paket,kopya_aciklama,2818,3,0,0
0,1703,"Cambridge Stretch+ Teknolojisine Sahip Ekstra Comfort Fit Bambu Çorap Lacivert 2'li Paket",Norfolk,https://sportoonline.com/tr/urun/cambridge-stretch-teknolojisine-sahip-ekstra-comfort-fit-bambu-corap-lacivert-2li-paket,kopya_aciklama,2818,3,0,0
0,1704,"Cambridge Stretch+ Teknolojisine Sahip Ekstra Comfort Fit Bambu Çorap Antrasit 2'li Paket",Norfolk,https://sportoonline.com/tr/urun/cambridge-stretch-teknolojisine-sahip-ekstra-comfort-fit-bambu-corap-antrasit-2li-paket,kopya_aciklama,2818,3,0,0
0,1705,"BRUGES Merino Yünlü Mantar ve Koku Önler Parmaklı Çorap 1 Çift Paket Yeşil",Norfolk,https://sportoonline.com/tr/urun/bruges-merino-yunlu-mantar-ve-koku-onler-parmakli-corap-1-cift-paket-yesil,kopya_aciklama,1155,5,0,0
0,1706,"BRUGES Merino Yünlü Mantar ve Koku Önler Parmaklı Çorap 1 Çift Paket Siyah",Norfolk,https://sportoonline.com/tr/urun/bruges-merino-yunlu-mantar-ve-koku-onler-parmakli-corap-1-cift-paket-siyah,kopya_aciklama,1155,5,0,0
0,1708,"BRUGES Merino Yünlü Mantar ve Koku Önler Parmaklı Çorap 1 Çift Paket Lacivert",Norfolk,https://sportoonline.com/tr/urun/bruges-merino-yunlu-mantar-ve-koku-onler-parmakli-corap-1-cift-paket-lacivert,kopya_aciklama,1155,5,0,0
0,1709,"BRUGES Merino Yünlü Mantar ve Koku Önler Parmaklı Çorap 1 Çift Paket Krem",Norfolk,https://sportoonline.com/tr/urun/bruges-merino-yunlu-mantar-ve-koku-onler-parmakli-corap-1-cift-paket-krem,kopya_aciklama,1155,5,0,0
0,1710,"BRUGES Merino Yünlü Mantar ve Koku Önler Parmaklı Çorap 1 Çift Paket Gri",Norfolk,https://sportoonline.com/tr/urun/bruges-merino-yunlu-mantar-ve-koku-onler-parmakli-corap-1-cift-paket-gri,kopya_aciklama,1155,5,0,0
0,1711,"BRODY Günlük Konforlu Pamuklu Çorap 3'lü Paket Siyah",Norfolk,https://sportoonline.com/tr/urun/brody-gunluk-konforlu-pamuklu-corap-3lu-paket-siyah,kopya_aciklama,644,5,0,0
0,1712,"BRODY Günlük Konforlu Pamuklu Çorap 3'lü Paket Sarı/Turuncu/Kırmızı",Norfolk,https://sportoonline.com/tr/urun/brody-gunluk-konforlu-pamuklu-corap-3lu-paket-sari-turuncu-kirmizi,kopya_aciklama,644,5,0,0
0,1713,"BRODY Günlük Konforlu Pamuklu Çorap 3'lü Paket Mavi/Gri/Siyah",Norfolk,https://sportoonline.com/tr/urun/brody-gunluk-konforlu-pamuklu-corap-3lu-paket-mavi-gri-siyah,kopya_aciklama,644,5,0,0
0,1714,"BRODY Günlük Konforlu Pamuklu Çorap 3'lü Paket Lacivert",Norfolk,https://sportoonline.com/tr/urun/brody-gunluk-konforlu-pamuklu-corap-3lu-paket-lacivert,kopya_aciklama,644,5,0,0
0,1715,"BRODY Günlük Konforlu Pamuklu Çorap 3'lü Paket Antrasit",Norfolk,https://sportoonline.com/tr/urun/brody-gunluk-konforlu-pamuklu-corap-3lu-paket-antrasit,kopya_aciklama,644,5,0,0
0,1716,"BRISTOL N-Twist Teknolojili Bambu-Yün Bükümlü Bere - Siyah",Norfolk,https://sportoonline.com/tr/urun/bristol-n-twist-teknolojili-bambu-yun-bukumlu-bere-siyah,kopya_aciklama,976,2,0,0
0,1717,"BRISTOL N-Twist Teknolojili Bambu-Yün Bükümlü Bere - Lacivert",Norfolk,https://sportoonline.com/tr/urun/bristol-n-twist-teknolojili-bambu-yun-bukumlu-bere-lacivert,kopya_aciklama,976,2,0,0
0,1718,"BRIGHTON N-Twist Teknolojili Bambu-Pamuk Bükümlü Parmaklı Çorap 1 Çift - Siyah",Norfolk,https://sportoonline.com/tr/urun/brighton-n-twist-teknolojili-bambu-pamuk-bukumlu-parmakli-corap-1-cift-siyah,kopya_aciklama,1105,3,0,0
0,1719,"BRIGHTON N-Twist Teknolojili Bambu-Pamuk Bükümlü Parmaklı Çorap 1 Çift - Mavi",Norfolk,https://sportoonline.com/tr/urun/brighton-n-twist-teknolojili-bambu-pamuk-bukumlu-parmakli-corap-1-cift-mavi,kopya_aciklama,1105,3,0,0
0,1720,"BRIGHTON N-Twist Teknolojili Bambu-Pamuk Bükümlü Parmaklı Çorap 1 Çift - Gri",Norfolk,https://sportoonline.com/tr/urun/brighton-n-twist-teknolojili-bambu-pamuk-bukumlu-parmakli-corap-1-cift-gri,kopya_aciklama,1105,3,0,0
0,1721,"Tenderhold Boot Siyah Thermal Sağlık Çorabı 1 Çift Paket",Norfolk,https://sportoonline.com/tr/urun/tenderhold-boot-siyah-thermal-saglik-corabi-1-cift-paket,kopya_aciklama,387,2,0,0
0,1722,"Tenderhold Boot Gri Thermal Sağlık Çorabı 1 Çift Paket",Norfolk,https://sportoonline.com/tr/urun/tenderhold-boot-gri-thermal-saglik-corabi-1-cift-paket,kopya_aciklama,387,2,0,0
0,1723,"BIBURY %70 Merino Yünlü Eldiven Yeşil",Norfolk,https://sportoonline.com/tr/urun/bibury-70-merino-yunlu-eldiven-yesil,kopya_aciklama,1203,6,0,0
0,1724,"BIBURY %70 Merino Yünlü Eldiven Siyah",Norfolk,https://sportoonline.com/tr/urun/bibury-70-merino-yunlu-eldiven-siyah,kopya_aciklama,1203,6,0,0
0,1725,"BIBURY %70 Merino Yünlü Eldiven Lacivert",Norfolk,https://sportoonline.com/tr/urun/bibury-70-merino-yunlu-eldiven-lacivert,kopya_aciklama,1203,6,0,0
0,1726,"BIBURY %70 Merino Yünlü Eldiven Krem",Norfolk,https://sportoonline.com/tr/urun/bibury-70-merino-yunlu-eldiven-krem,kopya_aciklama,1203,6,0,0
0,1727,"BIBURY %70 Merino Yünlü Eldiven Gri",Norfolk,https://sportoonline.com/tr/urun/bibury-70-merino-yunlu-eldiven-gri,kopya_aciklama,1203,6,0,0
0,1728,"Barkley Yastıklamalı Pamuklu Günlük Spor Çorap 2'li Paket Siyah",Norfolk,https://sportoonline.com/tr/urun/barkley-yastiklamali-pamuklu-gunluk-spor-corap-2li-paket-siyah,kopya_aciklama,831,3,0,0
0,1729,"Barkley Yastıklamalı Pamuklu Günlük Spor Çorap 2'li Paket Beyaz",Norfolk,https://sportoonline.com/tr/urun/barkley-yastiklamali-pamuklu-gunluk-spor-corap-2li-paket-beyaz,kopya_aciklama,831,3,0,0
0,1731,"Aspen Termal Kayak ve Snowboard Çorabı Yeşil",Norfolk,https://sportoonline.com/tr/urun/aspen-termal-kayak-ve-snowboard-corabi-yesil,kopya_aciklama,583,4,0,0
0,1732,"Aspen Termal Kayak ve Snowboard Çorabı Siyah",Norfolk,https://sportoonline.com/tr/urun/aspen-termal-kayak-ve-snowboard-corabi-siyah,kopya_aciklama,583,4,0,0
0,1735,"Aspen Termal Kayak ve Snowboard Çorabı Lacivert",Norfolk,https://sportoonline.com/tr/urun/aspen-termal-kayak-ve-snowboard-corabi-lacivert,kopya_aciklama,583,4,0,0
0,1736,"Aspen Termal Kayak ve Snowboard Çorabı Kırmızı",Norfolk,https://sportoonline.com/tr/urun/aspen-termal-kayak-ve-snowboard-corabi-kirmizi,kopya_aciklama,583,4,0,0
0,1737,"Aspen Kids Termal Kayak ve Snowboard Çocuk Çorabı Yeşil",Norfolk,https://sportoonline.com/tr/urun/aspen-kids-termal-kayak-ve-snowboard-cocuk-corabi-yesil,kopya_aciklama,672,3,0,0
0,1738,"Aspen Kids Termal Kayak ve Snowboard Çocuk Çorabı Lacivert",Norfolk,https://sportoonline.com/tr/urun/aspen-kids-termal-kayak-ve-snowboard-cocuk-corabi-lacivert,kopya_aciklama,672,3,0,0
0,1739,"Aspen Kids Termal Kayak ve Snowboard Çocuk Çorabı Pembe",Norfolk,https://sportoonline.com/tr/urun/aspen-kids-termal-kayak-ve-snowboard-cocuk-corabi-pembe,kopya_aciklama,672,3,0,0
0,1741,"Amy Diz Üstü Yoga ve Pilates Çorabı Pembe",Norfolk,https://sportoonline.com/tr/urun/amy-diz-ustu-yoga-ve-pilates-corabi-pembe,kopya_aciklama,421,3,0,0
0,1742,"Amy Diz Üstü Yoga ve Pilates Çorabı Antrasit",Norfolk,https://sportoonline.com/tr/urun/amy-diz-ustu-yoga-ve-pilates-corabi-antrasit,kopya_aciklama,421,3,0,0
0,1743,"Amsterdam Bambu ve Pamuk Yumuşak Günlük Çorap 2'li Paket Siyah/Gri",Norfolk,https://sportoonline.com/tr/urun/amsterdam-bambu-ve-pamuk-yumusak-gunluk-corap-2li-paket-siyah-gri,kopya_aciklama,503,5,0,0
0,1744,"Amsterdam Bambu ve Pamuk Yumuşak Günlük Çorap 2'li Paket Mint",Norfolk,https://sportoonline.com/tr/urun/amsterdam-bambu-ve-pamuk-yumusak-gunluk-corap-2li-paket-mint,kopya_aciklama,503,5,0,0
0,1745,"Amsterdam Bambu ve Pamuk Yumuşak Günlük Çorap 2'li Paket Lacivert/Kırmızı",Norfolk,https://sportoonline.com/tr/urun/amsterdam-bambu-ve-pamuk-yumusak-gunluk-corap-2li-paket-lacivert-kirmizi,kopya_aciklama,503,5,0,0
0,1746,"Amsterdam Bambu ve Pamuk Yumuşak Günlük Çorap 2'li Paket Kahverengi/Hardal",Norfolk,https://sportoonline.com/tr/urun/amsterdam-bambu-ve-pamuk-yumusak-gunluk-corap-2li-paket-kahverengi-hardal,kopya_aciklama,503,5,0,0
0,1747,"Amsterdam Bambu ve Pamuk Yumuşak Günlük Çorap 2'li Paket İndigo",Norfolk,https://sportoonline.com/tr/urun/amsterdam-bambu-ve-pamuk-yumusak-gunluk-corap-2li-paket-indigo,kopya_aciklama,503,5,0,0
0,1749,"APOLLO Kahverengi Lüks İtalyan Alpaka Yünü Yumuşak Gündelik Konforlu Kışlık Çorap",Norfolk,https://sportoonline.com/tr/urun/apollo-kahverengi-luks-italyan-alpaka-yunu-yumusak-gundelik-konforlu-kislik-corap,kopya_aciklama,1079,2,0,0
0,1750,"APOLLO Gri Lüks İtalyan Alpaka Yünü Yumuşak Gündelik Konforlu Kışlık Çorap",Norfolk,https://sportoonline.com/tr/urun/apollo-gri-luks-italyan-alpaka-yunu-yumusak-gundelik-konforlu-kislik-corap,kopya_aciklama,1079,2,0,0
0,1752,"Alfie Minderli Diyabet Ve Ödem Dostu Günlük/yürüyüş Çorabı Kırmızı",Norfolk,https://sportoonline.com/tr/urun/alfie-minderli-diyabet-ve-odem-dostu-gunluk-yuruyus-corabi-kirmizi,kopya_aciklama,1528,4,0,0
0,1753,"Alfie Minderli Diyabet Ve Ödem Dostu Günlük/yürüyüş Çorabı Lacivert",Norfolk,https://sportoonline.com/tr/urun/alfie-minderli-diyabet-ve-odem-dostu-gunluk-yuruyus-corabi-lacivert,kopya_aciklama,1528,4,0,0
0,1756,"Alfie Minderli Diyabet Ve Ödem Dostu Günlük/yürüyüş Çorabı Siyah",Norfolk,https://sportoonline.com/tr/urun/alfie-minderli-diyabet-ve-odem-dostu-gunluk-yuruyus-corabi-siyah,kopya_aciklama,1528,4,0,0
0,1757,"Alfie Minderli Diyabet Ve Ödem Dostu Günlük/yürüyüş Çorabı Yeşil",Norfolk,https://sportoonline.com/tr/urun/alfie-minderli-diyabet-ve-odem-dostu-gunluk-yuruyus-corabi-yesil,kopya_aciklama,1528,4,0,0
0,1758,"DOVER %70 Merino Yünlü Termal Boyunluk Krem",Norfolk,https://sportoonline.com/tr/urun/dover-70-merino-yunlu-termal-boyunluk-krem,kopya_aciklama,1216,6,0,0
0,1759,"DOVER %70 Merino Yünlü Termal Boyunluk Lacivert",Norfolk,https://sportoonline.com/tr/urun/dover-70-merino-yunlu-termal-boyunluk-lacivert,kopya_aciklama,1216,6,0,0
0,1760,"DOVER %70 Merino Yünlü Termal Boyunluk Gri",Norfolk,https://sportoonline.com/tr/urun/dover-70-merino-yunlu-termal-boyunluk-gri,kopya_aciklama,1216,6,0,0
0,1761,"DOVER %70 Merino Yünlü Termal Boyunluk Siyah",Norfolk,https://sportoonline.com/tr/urun/dover-70-merino-yunlu-termal-boyunluk-siyah,kopya_aciklama,1216,6,0,0
0,1768,"Everlast Elite 2 Kırmızı Boks Ayakkabısı",Everlast,https://sportoonline.com/tr/urun/everlast-elite-2-kirmizi-boks-ayakkabisi,kopya_aciklama,333,3,0,0
0,1773,"Everlast Ayarlanabilir Siyah El Yayı",Everlast,https://sportoonline.com/tr/urun/everlast-ayarlanabilir-siyah-el-yayi,aciklama_yok,0,0,0,0
0,1774,"Everlast Dot Collection Comfort Fit Beyaz Kadın Atlet",Everlast,https://sportoonline.com/tr/urun/everlast-dot-collection-comfort-fit-beyaz-kadin-atlet,kopya_aciklama,574,2,0,0
0,1775,"Everlast 1910 Training Taş Rengi Erkek Tişört",Everlast,https://sportoonline.com/tr/urun/everlast-1910-training-tas-rengi-erkek-tisort,kopya_aciklama,550,2,0,0
0,1776,"Everlast 1910 Training Gri Erkek Tişört",Everlast,https://sportoonline.com/tr/urun/everlast-1910-training-gri-erkek-tisort,kopya_aciklama,550,2,0,0
0,1777,"Everlast 1910 Training Taş Rengi Erkek Atlet",Everlast,https://sportoonline.com/tr/urun/everlast-1910-training-tas-rengi-erkek-atlet,kopya_aciklama,549,2,0,0
0,1778,"Everlast 1910 Training Gri Erkek Atlet",Everlast,https://sportoonline.com/tr/urun/everlast-1910-training-gri-erkek-atlet,kopya_aciklama,549,2,0,0
0,1781,"Everlast Iconic Rest Oversize Gri Melanj Erkek Tişört",Everlast,https://sportoonline.com/tr/urun/everlast-iconic-rest-oversize-gri-melanj-erkek-tisort,kopya_aciklama,548,4,0,0
0,1782,"Everlast Choice Of Champs Comfort Fit Beyaz Erkek Tişört",Everlast,https://sportoonline.com/tr/urun/everlast-choice-of-champs-comfort-fit-beyaz-erkek-tisort,kopya_aciklama,642,2,0,0
0,1783,"Everlast Choice Of Champs Comfort Fit Açık Siyah Erkek Tişört",Everlast,https://sportoonline.com/tr/urun/everlast-choice-of-champs-comfort-fit-acik-siyah-erkek-tisort,kopya_aciklama,642,2,0,0
0,1784,"Everlast Choice Of Champs Comfort Fit Beyaz Erkek Kolsuz Tişört",Everlast,https://sportoonline.com/tr/urun/everlast-choice-of-champs-comfort-fit-beyaz-erkek-kolsuz-tisort,kopya_aciklama,841,2,0,0
0,1785,"Everlast Choice Of Champs Comfort Fit Açık Siyah Erkek Kolsuz Tişört",Everlast,https://sportoonline.com/tr/urun/everlast-choice-of-champs-comfort-fit-acik-siyah-erkek-kolsuz-tisort,kopya_aciklama,841,2,0,0
0,1789,"Everlast Boxing Heritage Oversize Açık Yaka Hardal Erkek Tişört",Everlast,https://sportoonline.com/tr/urun/everlast-boxing-heritage-oversize-acik-yaka-hardal-erkek-tisort,aciklama_yok,0,0,0,0
0,1790,"Everlast Boxing Heritage Oversize Beyaz Erkek Tişört",Everlast,https://sportoonline.com/tr/urun/everlast-boxing-heritage-oversize-beyaz-erkek-tisort,kopya_aciklama,584,2,0,0
0,1791,"Everlast Boxing Heritage Oversize Açık Gri Erkek Tişört",Everlast,https://sportoonline.com/tr/urun/everlast-boxing-heritage-oversize-acik-gri-erkek-tisort,kopya_aciklama,584,2,0,0
0,1793,"Everlast Iconic Rest Oversize Beyaz Erkek Tişört",Everlast,https://sportoonline.com/tr/urun/everlast-iconic-rest-oversize-beyaz-erkek-tisort,kopya_aciklama,548,4,0,0
0,1794,"Everlast Iconic Rest Oversize Siyah Erkek Tişört",Everlast,https://sportoonline.com/tr/urun/everlast-iconic-rest-oversize-siyah-erkek-tisort,kopya_aciklama,548,4,0,0
0,1795,"Everlast Iconic Rest Oversize Füme Erkek Tişört",Everlast,https://sportoonline.com/tr/urun/everlast-iconic-rest-oversize-fume-erkek-tisort,kopya_aciklama,548,4,0,0
0,1797,"Everlast Boxing Heritage Oversize Hardal Erkek Kolsuz Sweatshirt",Everlast,https://sportoonline.com/tr/urun/everlast-boxing-heritage-oversize-hardal-erkek-kolsuz-sweatshirt,aciklama_yok,0,0,0,0
0,1799,"Everlast Boxing Heritage Regular Hardal Erkek Şort",Everlast,https://sportoonline.com/tr/urun/everlast-boxing-heritage-regular-hardal-erkek-sort,aciklama_yok,0,0,0,0
0,1802,"Everlast Dot Collection Regular Beyaz Erkek Tişört",Everlast,https://sportoonline.com/tr/urun/everlast-dot-colleciton-regular-beyaz-erkek-tisort,kopya_aciklama,431,2,0,0
0,1803,"Everlast Dot Collection Regular Siyah Erkek Tişört",Everlast,https://sportoonline.com/tr/urun/everlast-dot-colleciton-regular-siyah-erkek-tisort,kopya_aciklama,431,2,0,0
0,1805,"Everlast Dot Collection Comfort Fit Beyaz Erkek Tişört",Everlast,https://sportoonline.com/tr/urun/everlast-dot-collection-comfort-fit-beyaz-erkek-tisort,kopya_aciklama,489,2,0,0
0,1806,"Everlast Dot Collection Comfort Fit Siyah Erkek Tişört",Everlast,https://sportoonline.com/tr/urun/everlast-dot-collection-comfort-fit-siyah-erkek-tisort,kopya_aciklama,489,2,0,0
0,1810,"Everlast Dot Collection Comfort Fit İndigo Kadın Atlet",Everlast,https://sportoonline.com/tr/urun/everlast-dot-collection-comfort-fit-indigo-kadin-atlet,kopya_aciklama,574,2,0,0
0,1824,"Everlast Graphic Collection Comfort Fit Beyaz Erkek Tişört",Everlast,https://sportoonline.com/tr/urun/everlast-graphic-collection-comfort-fit-beyaz-erkek-tisort,kopya_aciklama,515,2,0,0
0,1825,"Everlast Graphic Collection Comfort Fit Koyu Gri Erkek Tişört",Everlast,https://sportoonline.com/tr/urun/everlast-graphic-collection-comfort-fit-koyu-gri-erkek-tisort,kopya_aciklama,515,2,0,0
0,1826,"Everlast Graphic Boxing Collection Comfort Fit Beyaz Kadın Tişört",Everlast,https://sportoonline.com/tr/urun/everlast-graphic-boxing-collection-comfort-fit-beyaz-kadin-tisort,kopya_aciklama,635,2,0,0
0,1827,"Everlast Graphic Boxing Collection Comfort Fit Füme Kadın Tişört",Everlast,https://sportoonline.com/tr/urun/everlast-graphic-boxing-collection-comfort-fit-fume-kadin-tisort,kopya_aciklama,635,2,0,0
0,1828,"Everlast Graphic Collection Comfort Fit Beyaz Kadın Tişört",Everlast,https://sportoonline.com/tr/urun/everlast-graphic-collection-comfort-fit-beyaz-kadin-tisort,kopya_aciklama,588,2,0,0
0,1829,"Everlast Graphic Collection Comfort Fit İndigo Kadın Tişört",Everlast,https://sportoonline.com/tr/urun/everlast-graphic-colleciton-comfort-fit-indigo-kadin-tisort,kopya_aciklama,588,2,0,0
0,1839,"Everlast 1910 16oz Classic Training Gloves Beyaz Boks Eldiveni",Everlast,https://sportoonline.com/tr/urun/everlast-1910-16oz-classic-training-gloves-beyaz-boks-eldiveni,ince_aciklama+aciklama_ad_ile_ayni,62,0,0,0
0,1840,"Everlast 1910 Classic 16oz Training Gloves Siyah Boks Eldiveni",Everlast,https://sportoonline.com/tr/urun/everlast-1910-classic-16oz-training-gloves-siyah-boks-eldiveni,aciklama_yok,0,0,0,0
0,1841,"Everlast 1910 Classic 14oz Training Gloves Siyah Boks Eldiveni",Everlast,https://sportoonline.com/tr/urun/everlast-1910-classic-14oz-training-gloves-siyah-boks-eldiveni,aciklama_yok,0,0,0,0
0,1846,"Everlast 1910 Classic 12oz Training Gloves Siyah Boks Eldiveni",Everlast,https://sportoonline.com/tr/urun/everlast-1910-classic-12oz-training-gloves-siyah-boks-eldiveni,ince_aciklama,115,0,0,0
0,1854,"Everlast Powerlock 2R Training Siyah/Gold Boks Eldiveni",Everlast,https://sportoonline.com/tr/urun/everlast-powerlock-2r-training-siyah-gold-boks-eldiveni,aciklama_yok,0,0,0,0
0,1855,"Everlast 1910 Classic 16oz Training Gloves Kahverengi Boks Eldiveni",Everlast,https://sportoonline.com/tr/urun/everlast-1910-classic-16oz-training-gloves-kahverengi-boks-eldiveni,aciklama_yok,0,0,0,0
0,1857,"Everlast 1910 14oz Classic Training Gloves Beyaz Boks Eldiveni",Everlast,https://sportoonline.com/tr/urun/everlast-1910-14oz-classic-training-gloves-beyaz-boks-eldiveni,aciklama_yok,0,0,0,0
0,1860,"Everlast Trademark Bej Şapka",Everlast,https://sportoonline.com/tr/urun/everlast-trademark-bej-sapka,kopya_aciklama,368,3,0,0
0,1861,"Everlast Trademark Antrasit Şapka",Everlast,https://sportoonline.com/tr/urun/everlast-trademark-antrasit-sapka,kopya_aciklama,368,3,0,0
0,1862,"Everlast Trademark Haki Şapka",Everlast,https://sportoonline.com/tr/urun/everlast-trademark-haki-sapka,kopya_aciklama,368,3,0,0
0,1863,"Everlast 1910 Bej Şapka",Everlast,https://sportoonline.com/tr/urun/everlast-1910-bej-sapka,kopya_aciklama,362,3,0,0
0,1874,"Ever Classics Comfort Logo Koyu Bej Erkek Tişört",Everlast,https://sportoonline.com/tr/urun/ever-classics-comfort-logo-koyu-bej-erkek-tisort,kopya_aciklama,638,2,0,0
0,1880,"Everlast Evergel Fastwrap Siyah Bandaj",Everlast,https://sportoonline.com/tr/urun/everlast-evergel-fastwrap-siyah-bandaj,aciklama_yok,0,0,0,0
0,1882,"Everlast Elite Kırmızı El Sargısı",Everlast,https://sportoonline.com/tr/urun/everlast-elite-kirmizi-el-sargisi,aciklama_yok,0,0,0,0
0,1883,"Everlast Spark Printed Siyah El Sargısı",Everlast,https://sportoonline.com/tr/urun/everlast-spark-printed-siyah-el-sargisi,aciklama_yok,0,0,0,0
0,1885,"Everlast Core El Sargısı 3'lü Set",Everlast,https://sportoonline.com/tr/urun/everlast-core-el-sargisi-3lu-set,aciklama_yok,0,0,0,0
0,1889,"Everlast Powerlock 2R Training 14 Oz Gri Boks Eldiveni",Everlast,https://sportoonline.com/tr/urun/everlast-powerlock-2r-training-14-oz-gri-boks-eldiveni,aciklama_yok,0,0,0,0
0,1892,"Everlast  Greatness Siyah Bere",Everlast,https://sportoonline.com/tr/urun/everlast-greatness-siyah-bere,kopya_aciklama,203,5,0,0
0,1893,"Everlast 1910 Siyah Bere",Everlast,https://sportoonline.com/tr/urun/everlast-1910-siyah-bere,kopya_aciklama,203,5,0,0
0,1894,"Everlast Trademark Gri Bere",Everlast,https://sportoonline.com/tr/urun/everlast-trademark-gri-bere,kopya_aciklama,203,5,0,0
0,1895,"Everlast Trademark Yeşil  Bere",Everlast,https://sportoonline.com/tr/urun/everlast-trademark-yesil-bere,kopya_aciklama,203,5,0,0
0,1896,"Everlast Heritage Champıons Siyah Bere",Everlast,https://sportoonline.com/tr/urun/everlast-heritage-champions-siyah-bere,kopya_aciklama,203,5,0,0
0,1897,"Everlast 1910 Training WMN Beyaz Kadın Atlet",Everlast,https://sportoonline.com/tr/urun/everlast-1910-training-wmn-beyaz-kadin-atlet,aciklama_yok,0,0,0,0
0,1919,"Everlast Heritage Champions Lacivert Unisex Sweatshirt",Everlast,https://sportoonline.com/tr/urun/everlast-heritage-champions-lacivert-unisex-sweatshirt,kopya_aciklama,526,2,0,0
0,1921,"Everlast Heritage Champions Gri Unisex Sweatshirt",Everlast,https://sportoonline.com/tr/urun/everlast-heritage-champions-gri-unisex-sweatshirt,kopya_aciklama,526,2,0,0
0,1935,"Ever Relaxed Rib Wmn Beyaz Kadın Uzun Kollu Tişört",Everlast,https://sportoonline.com/tr/urun/ever-relaxed-rib-wmn-beyaz-kadin-uzun-kollu-tisort,kopya_aciklama,427,2,0,0
0,1936,"Ever Relaxed Rib Wmn Mürdüm Kadın Uzun Kollu Tişört",Everlast,https://sportoonline.com/tr/urun/ever-relaxed-rib-wmn-murdum-kadin-uzun-kollu-tisort,kopya_aciklama,427,2,0,0
0,1938,"Everlast Cool Relax Wmn Vizon Kadın Crop Sweatshirt",Everlast,https://sportoonline.com/tr/urun/everlast-cool-relax-wmn-vizon-kadin-crop-sweatshirt,kopya_aciklama,530,2,0,0
0,1939,"Everlast Cool Relax Wmn Antrasit Kadın Crop Sweatshirt",Everlast,https://sportoonline.com/tr/urun/everlast-cool-relax-wmn-antrasit-kadin-crop-sweatshirt,kopya_aciklama,530,2,0,0
0,1941,"Everfit Training Essentials Koyu İndigo Kadın Flare Tayt",Everlast,https://sportoonline.com/tr/urun/everfit-training-essentials-koyu-indigo-kadin-flare-tayt,kopya_aciklama,1347,2,0,0
0,1945,"Everfit Training Essentials Haki Kadın Flare Tayt",Everlast,https://sportoonline.com/tr/urun/everfit-training-essentials-haki-kadin-flare-tayt,kopya_aciklama,1347,2,0,0
0,1961,"Ever Classics Comfort Logo Gri Erkek Tişört",Everlast,https://sportoonline.com/tr/urun/ever-classics-comfort-logo-gri-erkek-tisort,kopya_aciklama,638,2,0,0
0,1963,"Everlast Glove Kırmızı Anahtarlık",Everlast,https://sportoonline.com/tr/urun/everlast-glove-kirmizi-anahtarlik,ince_aciklama,99,0,0,0
0,1964,"Everlast Glove Siyah Anahtarlık",Everlast,https://sportoonline.com/tr/urun/everlast-glove-siyah-anahtarlik,ince_aciklama,99,0,0,0
0,1970,"Everlast Glove Kahverengi Anahtarlık",Everlast,https://sportoonline.com/tr/urun/everlast-glove-kahverengi-anahtarlik,ince_aciklama,99,0,0,0
0,1971,"Everlast Glove Beyaz Anahtarlık",Everlast,https://sportoonline.com/tr/urun/everlast-glove-beyaz-anahtarlik,ince_aciklama,99,0,0,0
0,1973,"Everlast Powerlock 2R 16oz Training Gloves Beyaz Boks Eldiveni",Everlast,https://sportoonline.com/tr/urun/everlast-powerlock-2r-16oz-training-gloves-beyaz-boks-eldiveni,aciklama_yok,0,0,0,0
0,1975,"Everlast Powerlock 2R 16oz Training Gloves Siyah Boks Eldiveni",Everlast,https://sportoonline.com/tr/urun/everlast-powerlock-2r-16oz-training-gloves-boks-eldiveni,aciklama_yok,0,0,0,0
0,1976,"Everlast Powerlock 2R 10oz Training Gloves Boks Eldiveni",Everlast,https://sportoonline.com/tr/urun/everlast-powerlock-2r-10oz-training-gloves-boks-eldiveni,aciklama_yok,0,0,0,0
0,1977,"Everfit Training Essentials Haki Erkek Şort",Everlast,https://sportoonline.com/tr/urun/everfit-training-essentials-haki-erkek-sort,kopya_aciklama,556,2,0,0
0,1980,"Everfit Training Essentials Siyah Erkek Şort",Everlast,https://sportoonline.com/tr/urun/everfit-training-essentials-siyah-erkek-sort,kopya_aciklama,556,2,0,0
0,1984,"Ever Classics Wmn Füme Kadın Basic Crop Atlet",Everlast,https://sportoonline.com/tr/urun/ever-classics-wmn-fume-kadin-basic-crop-atlet,kopya_aciklama,644,2,0,0
0,1985,"Ever Classics Wmn Siyah Kadın Basic Crop Atlet",Everlast,https://sportoonline.com/tr/urun/ever-classics-wmn-siyah-kadin-basic-crop-atlet,kopya_aciklama,644,2,0,0
0,2010,"Everlast Elite 2 Lacivert Boks Ayakkabısı",Everlast,https://sportoonline.com/tr/urun/everlast-elite-2-lacivert-boks-ayakkabisi,kopya_aciklama,333,3,0,0
0,2011,"Everlast Elite 2 Siyah Boks Ayakkabısı",Everlast,https://sportoonline.com/tr/urun/everlast-elite-2-siyah-boks-ayakkabisi,kopya_aciklama,333,3,0,0
0,2013,"Everlast 1910 Classic 14oz Training Gloves Kahverengi Boks Eldiveni",Everlast,https://sportoonline.com/tr/urun/everlast-1910-classic-14oz-training-gloves-kahverengi-boks-eldiveni,ince_aciklama,115,0,0,0
0,2015,"Everlast Core Paddle",Everlast,https://sportoonline.com/tr/urun/everlast-core-paddle,aciklama_yok,0,0,0,0
0,2016,"Everlast 1910 Focus Mitts Siyah Lapa",Everlast,https://sportoonline.com/tr/urun/everlast-1910-focus-mitts-siyah-lapa,aciklama_yok,0,0,0,0
0,2018,"Everlast Core Kırmızı Bandaj",Everlast,https://sportoonline.com/tr/urun/everlast-core-kirmizi-bandaj,aciklama_yok,0,0,0,0
0,2019,"Everlast 1910 Classic 12oz Training Gloves Kahverengi Boks Eldiveni",Everlast,https://sportoonline.com/tr/urun/everlast-1910-classic-12oz-training-gloves-kahverengi-boks-eldiveni,aciklama_yok,0,0,0,0
0,2020,"Everlast Core Mavi Bandaj",Everlast,https://sportoonline.com/tr/urun/everlast-core-mavi-bandaj,aciklama_yok,0,0,0,0
0,2025,"Everlast Elite Nevatear Siyah Boks Torbası",Everlast,https://sportoonline.com/tr/urun/everlast-elite-nevatear-siyah-boks-torbasi,aciklama_yok,0,0,0,0
0,2026,"Everlast Evergel Hand Wraps Siyah/Pembe El Sargısı",Everlast,https://sportoonline.com/tr/urun/everlast-evergel-hand-wraps-siyah-pembe-el-sargisi,aciklama_yok,0,0,0,0
0,2028,"Everlast Elite 2 Siyah/Gold Boks Eldiveni",Everlast,https://sportoonline.com/tr/urun/everlast-elite-2-siyah-gold-boks-eldiveni,aciklama_yok,0,0,0,0
0,2029,"Everlast Powerlock 2R 14oz Training Gloves Siyah Boks Eldiveni",Everlast,https://sportoonline.com/tr/urun/everlast-powerlock-2r-14oz-training-gloves-boks-eldiveni,aciklama_yok,0,0,0,0
0,2030,"Everlast Powerlock 2R 12oz Training Gloves Siyah Boks Eldiveni",Everlast,https://sportoonline.com/tr/urun/everlast-powerlock-2r-12oz-training-gloves-siyah-boks-eldiveni,aciklama_yok,0,0,0,0
0,2033,"Everlast Atlama İpi 335 cm",Everlast,https://sportoonline.com/tr/urun/everlast-atlama-ipi-335-cm,aciklama_yok,0,0,0,0
0,2034,"Everlast Core Punch Mitts Siyah Lapa",Everlast,https://sportoonline.com/tr/urun/everlast-core-punch-mitts-siyah-lapa,aciklama_yok,0,0,0,0
0,2035,"Everlast Powerlock 2R 14oz Training Gloves Beyaz Boks Eldiveni",Everlast,https://sportoonline.com/tr/urun/everlast-powerlock-2r-14oz-training-gloves-beyaz-boks-eldiveni,aciklama_yok,0,0,0,0
0,2036,"Everlast Powerlock 2R 12oz Training Gloves Beyaz Boks Eldiveni",Everlast,https://sportoonline.com/tr/urun/everlast-powerlock-2r-12oz-training-gloves-beyaz-boks-eldiveni,aciklama_yok,0,0,0,0
0,2037,"Everlast Powerlock 2R 10oz Training Gloves Beyaz Boks Eldiveni",Everlast,https://sportoonline.com/tr/urun/everlast-powerlock-2r-10oz-training-gloves-beyaz-boks-eldiveni,aciklama_yok,0,0,0,0
0,2039,"Everlast Core Beyaz Bandaj",Everlast,https://sportoonline.com/tr/urun/everlast-core-beyaz-bandaj,aciklama_yok,0,0,0,0
0,2061,"Ever Relaxed Rib Siyah Kadın Thick-Strapped Atlet",Everlast,https://sportoonline.com/tr/urun/ever-relaxed-rib-siyah-kadin-thick-strapped-atlet,kopya_aciklama,816,2,0,0
0,2062,"Ever Relaxed Rib Beyaz Kadın Thick-Strapped Atlet",Everlast,https://sportoonline.com/tr/urun/ever-relaxed-rib-beyaz-kadin-thick-strapped-atlet,kopya_aciklama,816,2,0,0
0,2070,"Everlast Logo Nakışlı 2'lü Siyah Çorap",Everlast,https://sportoonline.com/tr/urun/everlast-logo-nakis-corap-2li-siyah,kopya_aciklama,399,2,0,0
0,2071,"Everlast Logo Nakışlı 2'li Beyaz Çorap",Everlast,https://sportoonline.com/tr/urun/everlast-logo-nakis-corap-2li-beyaz,kopya_aciklama,399,2,0,0
0,2073,"Everlast 1910 Antrasit Şapka",Everlast,https://sportoonline.com/tr/urun/everlast-1910-sapka-antrasit,kopya_aciklama,362,3,0,0
0,2077,"Ever Essentials Beyaz Kadın Sweatshirt",Everlast,https://sportoonline.com/tr/urun/ever-essentials-beyaz-kadin-sweatshirt,kopya_aciklama,996,2,0,0
0,2085,"Everlast Econ Haki Şapka",Everlast,https://sportoonline.com/tr/urun/everlast-econ-sapka-haki,kopya_aciklama,362,3,0,0
0,2086,"Everlast Classics Haki Şapka",Everlast,https://sportoonline.com/tr/urun/everlast-classics-sapka-haki,kopya_aciklama,361,2,0,0
0,2088,"Everlast Econ Lacivert Şapka",Everlast,https://sportoonline.com/tr/urun/everlast-econ-sapka-indigo,kopya_aciklama,362,3,0,0
0,2089,"Everlast Classics Lacivert Şapka",Everlast,https://sportoonline.com/tr/urun/everlast-classics-sapka-indigo,kopya_aciklama,361,2,0,0
0,2090,"Everlast Heritage Bej Şapka",Everlast,https://sportoonline.com/tr/urun/everlast-heritage-sapka-bej,kopya_aciklama,343,2,0,0
0,2092,"Everlast Econ Siyah Şapka",Everlast,https://sportoonline.com/tr/urun/everlast-econ-sapka-siyah,kopya_aciklama,362,3,0,0
0,2096,"Everlast Heritage Beyaz Şapka",Everlast,https://sportoonline.com/tr/urun/everlast-heritage-sapka-beyaz,kopya_aciklama,343,2,0,0
0,2097,"Everlast Essential Haki Çorap",Everlast,https://sportoonline.com/tr/urun/everlast-essential-corap-haki,kopya_aciklama,445,5,0,0
0,2098,"Everlast Essential Mor Çorap",Everlast,https://sportoonline.com/tr/urun/everlast-essential-corap-mor,kopya_aciklama,445,5,0,0
0,2099,"Everlast Essential Gri Melanj Çorap",Everlast,https://sportoonline.com/tr/urun/everlast-essential-corap-gri-melanj,kopya_aciklama,445,5,0,0
0,2100,"Everlast Classics 3'lü Karma Çorap",Everlast,https://sportoonline.com/tr/urun/everlast-classics-corap-3lu-karma,kopya_aciklama,277,3,0,0
0,2103,"Everlast Econ 3'lü Karma Babet Çorap",Everlast,https://sportoonline.com/tr/urun/everlast-econ-babet-corap-3lu-karma,kopya_aciklama,250,3,0,0
0,2104,"Everlast Champions Siyah Çorap",Everlast,https://sportoonline.com/tr/urun/everlast-champions-corap-siyah,kopya_aciklama,413,2,0,0
0,2105,"Everlast Essential Siyah Çorap",Everlast,https://sportoonline.com/tr/urun/everlast-essential-corap-siyah,kopya_aciklama,445,5,0,0
0,2106,"Everlast Classics 3'lü Siyah Çorap",Everlast,https://sportoonline.com/tr/urun/everlast-classics-corap-3lu-siyah,kopya_aciklama,277,3,0,0
0,2107,"Everlast Stripe Econ 3'lü Siyah Çorap",Everlast,https://sportoonline.com/tr/urun/everlast-stripe-econ-corap-3lu-siyah,kopya_aciklama,393,2,0,0
0,2108,"Everlast Econ 3'lü Siyah Patik Çorap",Everlast,https://sportoonline.com/tr/urun/everlast-econ-patik-corap-3lu-siyah,kopya_aciklama,339,2,0,0
0,2109,"Everlast Econ 3'lü Siyah Babet Çorap",Everlast,https://sportoonline.com/tr/urun/everlast-econ-babet-corap-3lu-siyah,kopya_aciklama,250,3,0,0
0,2110,"Everlast Champions Beyaz Çorap",Everlast,https://sportoonline.com/tr/urun/everlast-champions-corap-beyaz,kopya_aciklama,413,2,0,0
0,2111,"Everlast Essential Beyaz Çorap",Everlast,https://sportoonline.com/tr/urun/everlast-essential-corap-beyaz,kopya_aciklama,445,5,0,0
0,2112,"Everlast Classics 3'lü Beyaz Çorap",Everlast,https://sportoonline.com/tr/urun/everlast-classics-corap-3lu-beyaz,kopya_aciklama,277,3,0,0
0,2113,"Everlast Stripe Econ 3'lü Beyaz Çorap",Everlast,https://sportoonline.com/tr/urun/everlast-stripe-econ-corap-3lu-beyaz,kopya_aciklama,393,2,0,0
0,2114,"Everlast Econ 3'lü Beyaz Patik Çorap",Everlast,https://sportoonline.com/tr/urun/everlast-econ-patik-corap-3lu-beyaz,kopya_aciklama,339,2,0,0
0,2115,"Everlast Econ 3'lü Beyaz Babet Çorap",Everlast,https://sportoonline.com/tr/urun/everlast-econ-babet-corap-3lu-beyaz,kopya_aciklama,250,3,0,0
0,2119,"Everlast 1910 Siyah Şapka",Everlast,https://sportoonline.com/tr/urun/everlast-1910-sapka-siyah,kopya_aciklama,362,3,0,0
0,2175,"Ever Relaxed Regular Antrasit Erkek Eşofman Altı",Everlast,https://sportoonline.com/tr/urun/ever-relaxed-regular-antrasit-erkek-esofman-alti,kopya_aciklama,826,2,0,0
0,2177,"Ever Relaxed Regular Siyah Erkek Eşofman Altı",Everlast,https://sportoonline.com/tr/urun/ever-relaxed-regular-siyah-erkek-esofman-alti,kopya_aciklama,826,2,0,0
0,2266,"Ever Essentials Oversize Kum Erkek Tişört",Everlast,https://sportoonline.com/tr/urun/ever-essentials-oversize-kum-erkek-tisort,kopya_aciklama,592,2,0,0
0,2267,"Ever Essentials Oversize Beyaz Erkek Tişört",Everlast,https://sportoonline.com/tr/urun/ever-essentials-oversize-beyaz-erkek-tisort,kopya_aciklama,592,2,0,0
0,2273,"Ever Essentials Siyah Kadın Sweatshirt",Everlast,https://sportoonline.com/tr/urun/ever-essentials-siyah-kadin-sweatshirt,kopya_aciklama,996,2,0,0
0,2291,"Ever Classics Wmn Comfort Lila Kadın Crop Tişört",Everlast,https://sportoonline.com/tr/urun/ever-classics-wmn-oversize-lila-kadin-crop-tisort,kopya_aciklama,634,2,0,0
0,2293,"Ever Classics Wmn Comfort Su Yeşili Kadın Crop Tişört",Everlast,https://sportoonline.com/tr/urun/ever-classics-wmn-oversize-su-yesili-kadin-crop-tisort,kopya_aciklama,634,2,0,0
0,2296,"Ever Classics Wmn Lila Kadın Jogger",Everlast,https://sportoonline.com/tr/urun/ever-classics-wmn-lila-kadin-esofman-alti,kopya_aciklama,733,2,0,0
0,2297,"Ever Classics Wmn Siyah Kadın Jogger",Everlast,https://sportoonline.com/tr/urun/ever-classics-wmn-siyah-kadin-esofman-alti,kopya_aciklama,733,2,0,0
0,2430,"El Boyamalı Pers – Haçlı Temalı Satranç Takımı – Polyester Taşlı Ahşap Kapaklı Kutu","Grand Gift Store",https://sportoonline.com/tr/urun/el-boyamali-pers-hacli-temali-satranc-takimi-polyester-tasli-ahsap-kapakli-kutu,aciklama_yok,0,0,0,0
0,2442,"Ahşap Satranç Takımı – Metal Taşlı MERDUZ36B","Grand Gift Store",https://sportoonline.com/tr/urun/ahsap-satranc-takimi-metal-tasli-merduz36b,kopya_aciklama,956,2,0,0
0,2443,"Ahşap Satranç Takımı – Metal Taşlı MERDUZ30B","Grand Gift Store",https://sportoonline.com/tr/urun/ahsap-satranc-takimi-metal-tasli-merduz30b,kopya_aciklama,956,2,0,0
0,2445,"Ahşap Satranç Takımı – Metal Taşlı MERDUZ36S","Grand Gift Store",https://sportoonline.com/tr/urun/ahsap-satranc-takimi-metal-tasli-merduz36s,kopya_aciklama,1031,2,0,0
0,2446,"Ahşap Satranç Takımı – Metal Taşlı MERDUZ30S","Grand Gift Store",https://sportoonline.com/tr/urun/ahsap-satranc-takimi-metal-tasli-merduz30s,kopya_aciklama,1031,2,0,0
0,2451,"El Yapımı Ceviz Desenli Ahşap Satranç Takımı – Metal Taşlı DC36","Grand Gift Store",https://sportoonline.com/tr/urun/el-yapimi-ceviz-desenli-ahsap-satranc-takimi-metal-tasli-dc36,kopya_aciklama,842,2,0,0
0,2452,"El Yapımı Ceviz Desenli Ahşap Satranç Takımı – Metal Taşlı CD30","Grand Gift Store",https://sportoonline.com/tr/urun/el-yapimi-ceviz-desenli-ahsap-satranc-takimi-metal-tasli-cd30,kopya_aciklama,842,2,0,0
0,2469,"Saklamalı Satranç Roma Oymalı SC38S","Grand Gift Store",https://sportoonline.com/tr/urun/saklamali-satranc-roma-oymali-sc38s,aciklama_yok,0,0,0,0
0,3273,"Muscle Pump Havlu","Muscle Pump",https://sportoonline.com/tr/urun/muscle-pump-havlu,ince_aciklama,124,0,0,0
0,3281,"Muscle Pump Vita-Pack Vitamin Mineral 60 Kapsül","Muscle Pump",https://sportoonline.com/tr/urun/muscle-pump-vita-pack-vitamin-mineral-60-kapsul,kopya_aciklama,240,2,0,0
0,3292,"Muscle Pump Wpc Instant Whey Kurabiye 30 Gr","Muscle Pump",https://sportoonline.com/tr/urun/muscle-pump-wpc-instant-whey-kurabiye-30-gr,ince_aciklama+aciklama_ad_ile_ayni,43,0,0,0
0,3295,"Muscle Pump Wpc Instant Whey Çikolata 68 Saşe","Muscle Pump",https://sportoonline.com/tr/urun/muscle-pump-wpc-instant-whey-cikolata-68-sase,ince_aciklama,32,0,0,0
0,3296,"Muscle Pump Arginine Pump Powder 120 Gr","Muscle Pump",https://sportoonline.com/tr/urun/muscle-pump-arginine-pump-powder-120-gr,kopya_aciklama,190,6,0,0
0,3297,"Muscle Pump Arginine Pump Powder 300 Gr","Muscle Pump",https://sportoonline.com/tr/urun/muscle-pump-arginine-pump-powder-300-gr,kopya_aciklama,190,6,0,0
0,3298,"Muscle Pump Arginine Pump 6 Gr","Muscle Pump",https://sportoonline.com/tr/urun/muscle-pump-arginine-pump-6-gr,kopya_aciklama,190,6,0,0
0,3299,"Muscle Pump Arginine Pump 20 Saşe","Muscle Pump",https://sportoonline.com/tr/urun/muscle-pump-arginine-pump-20-sase,kopya_aciklama,190,6,0,0
0,3301,"Muscle Pump No Fat Thermo L-Carnitine Karpuz 100 mL Shot","Muscle Pump",https://sportoonline.com/tr/urun/muscle-pump-no-fat-thermo-l-carnitine-karpuz-100-ml-shot,ince_aciklama,18,0,0,0
0,3302,"Muscle Pump No Fat Thermo L-Carnitine Ananas 100 mL x 20 Shot","Muscle Pump",https://sportoonline.com/tr/urun/muscle-pump-no-fat-thermo-l-carnitine-ananas-100-ml-x-20-shot,ince_aciklama,18,0,0,0
0,3304,"Muscle Pump No Fat Thermo L-Carnitine Karpuz 1000 mL","Muscle Pump",https://sportoonline.com/tr/urun/muscle-pump-no-fat-thermo-l-carnitine-karpuz-1000-ml,ince_aciklama,26,0,0,0
0,3305,"Muscle Pump No Fat Thermo L-Carnitine Ananas 1000 mL","Muscle Pump",https://sportoonline.com/tr/urun/muscle-pump-no-fat-thermo-l-carnitine-ananas-1000-ml,ince_aciklama,26,0,0,0
0,3307,"Muscle Pump 2:1:1 True Powder Bcaa Frenk Üzümü 400 Gr","Muscle Pump",https://sportoonline.com/tr/urun/muscle-pump-2-1-1-true-powder-bcaa-frenk-uzumu-400-gr,ince_aciklama,41,0,0,0
0,3308,"Muscle Pump 2:1:1 True Powder Bcaa Portakal 400 Gr","Muscle Pump",https://sportoonline.com/tr/urun/muscle-pump-2-1-1-true-powder-bcaa-portakal-400-gr,ince_aciklama,38,0,0,0
0,3309,"Muscle Pump 2:1:1 True Powder Bcaa Şeftali 400 Gr","Muscle Pump",https://sportoonline.com/tr/urun/muscle-pump-2-1-1-true-powder-bcaa-seftali-400-gr,ince_aciklama,37,0,0,0
0,3310,"Muscle Pump 2:1:1 True Powder Bcaa Şeftali 120 Gr","Muscle Pump",https://sportoonline.com/tr/urun/muscle-pump-2-1-1-true-powder-bcaa-seftali-120-gr,ince_aciklama,37,0,0,0
0,3311,"Muscle Pump 2:1:1 True Powder Bcaa Frenk Üzümü 120 Gr","Muscle Pump",https://sportoonline.com/tr/urun/muscle-pump-2-1-1-true-powder-bcaa-frenk-uzumu-120-gr,ince_aciklama,41,0,0,0
0,3312,"Muscle Pump 2:1:1 True Powder Bcaa Portakal 120 Gr","Muscle Pump",https://sportoonline.com/tr/urun/muscle-pump-2-1-1-true-powder-bcaa-portakal-120-gr,ince_aciklama,38,0,0,0
0,3313,"Muscle Pump 2:1:1 True Powder Bcaa Portakal 5 Gr","Muscle Pump",https://sportoonline.com/tr/urun/muscle-pump-2-1-1-true-powder-bcaa-portakal-5-gr,ince_aciklama,36,0,0,0
0,3314,"Muscle Pump 2:1:1 True Powder Bcaa Frenk Üzümü 5 Gr","Muscle Pump",https://sportoonline.com/tr/urun/muscle-pump-2-1-1-true-powder-bcaa-frenk-uzumu-5-gr,ince_aciklama,39,0,0,0
0,3315,"Muscle Pump 2:1:1 True Powder Bcaa Şeftali 5 Gr","Muscle Pump",https://sportoonline.com/tr/urun/muscle-pump-2-1-1-true-powder-bcaa-seftali-5-gr,ince_aciklama,35,0,0,0
0,3316,"Muscle Pump 2:1:1 True Powder Bcaa Portakal 20 Saşe","Muscle Pump",https://sportoonline.com/tr/urun/muscle-pump-2-1-1-true-powder-bcaa-portakal-20-sase,ince_aciklama,39,0,0,0
0,3317,"Muscle Pump 2:1:1 True Powder Bcaa Frenk Üzümü 20 Saşe","Muscle Pump",https://sportoonline.com/tr/urun/muscle-pump-2-1-1-true-powder-bcaa-frenk-uzumu-20-sase,ince_aciklama,42,0,0,0
0,3318,"Muscle Pump 2:1:1 True Powder Bcaa Şeftali 20 Saşe","Muscle Pump",https://sportoonline.com/tr/urun/muscle-pump-2-1-1-true-powder-bcaa-seftali-20-sase,ince_aciklama,38,0,0,0
0,3319,"Muscle Pump 2:1:1 True Powder Bcaa Mix 21 Saşe","Muscle Pump",https://sportoonline.com/tr/urun/muscle-pump-2-1-1-true-powder-bcaa-mix-21-sase,ince_aciklama,34,0,0,0
0,3320,"Muscle Pump Glutamine Prime Powder Karpuz 420 Gr","Muscle Pump",https://sportoonline.com/tr/urun/muscle-pump-glutamine-prime-powder-karpuz-420-gr,ince_aciklama,36,0,0,0
0,3321,"Muscle Pump Glutamine Prime Powder Aromasız 120 Gr","Muscle Pump",https://sportoonline.com/tr/urun/muscle-pump-glutamine-prime-powder-aromasiz-120-gr,ince_aciklama,38,0,0,0
0,3322,"Muscle Pump Glutamine Prime Powder Aromasız 300 Gr","Muscle Pump",https://sportoonline.com/tr/urun/muscle-pump-glutamine-prime-powder-aromasiz-300-gr,ince_aciklama,38,0,0,0
0,3323,"Muscle Pump Glutamine Prime Powder Karpuz 7 Gr","Muscle Pump",https://sportoonline.com/tr/urun/muscle-pump-glutamine-prime-powder-karpuz-7-gr,ince_aciklama,34,0,0,0
0,3324,"Muscle Pump Glutamine Prime Karpuz 20 Saşe","Muscle Pump",https://sportoonline.com/tr/urun/muscle-pump-glutamine-prime-karpuz-20-sase,ince_aciklama,30,0,0,0
0,3332,"Muscle Pump Pre-Venom Powder Ananas 510 Gr","Muscle Pump",https://sportoonline.com/tr/urun/muscle-pump-pre-venom-powder-ananas-510-gr,ince_aciklama,30,0,0,0
0,3334,"Muscle Pump Creatine Plus Powder Karpuz 20 Saşe","Muscle Pump",https://sportoonline.com/tr/urun/muscle-pump-creatine-plus-powder-karpuz-20-sase,ince_aciklama,35,0,0,0
0,3335,"Muscle Pump Creatine Plus Powder Karpuz 420 Gr","Muscle Pump",https://sportoonline.com/tr/urun/muscle-pump-creatine-plus-powder-karpuz-420-gr,ince_aciklama,34,0,0,0
0,3337,"Muscle Pump Creatine Plus Powder Aromasız 120 Gr","Muscle Pump",https://sportoonline.com/tr/urun/muscle-pump-creatine-plus-powder-aromasiz-120-gr,ince_aciklama,36,0,0,0
0,3338,"Muscle Pump Creatine Plus Powder Aromasız 300 Gr","Muscle Pump",https://sportoonline.com/tr/urun/muscle-pump-creatine-plus-powder-aromasiz-300-gr,ince_aciklama,36,0,0,0
0,3344,"Tanışma Paketi 1","Muscle Pump",https://sportoonline.com/tr/urun/tanisma-paketi-1,ince_aciklama,31,0,0,0
0,3355,"Muscle Pump Arginine Pump Powder Red Fruits 420 Gr","Muscle Pump",https://sportoonline.com/tr/urun/muscle-pump-arginine-pump-powder-red-fruits-420-gr,kopya_aciklama,190,6,0,0
0,3356,"Muscle Pump Arginine Pump Powder Red Fruits 140 Gr","Muscle Pump",https://sportoonline.com/tr/urun/muscle-pump-arginine-pump-powder-red-fruits-140-gr,kopya_aciklama,190,6,0,0
0,3357,"Muscle Pump Vita-Pack Vitamin Mineral 90 Kapsül","Muscle Pump",https://sportoonline.com/tr/urun/muscle-pump-vita-pack-vitamin-mineral-90-kapsul,kopya_aciklama,240,2,0,0
0,3359,"Muscle Pump ZMA+ARGİNİNE 90 Kapsül","Muscle Pump",https://sportoonline.com/tr/urun/muscle-pump-zma-argi-ni-ne-90-kapsul,ince_aciklama,22,0,0,0
0,3378,"Sygenix Çift Hazneli Shaker","Muscle Pump",https://sportoonline.com/tr/urun/sygenix-cift-hazneli-shaker,ince_aciklama,19,0,0,0
0,3379,"Sygenix Whey Protein Kurabiye 990 gr","Muscle Pump",https://sportoonline.com/tr/urun/sygenix-whey-protein-kurabiye-990-gr,ince_aciklama,28,0,0,0
0,3381,"Sygenix CarniX Thermo L-Carnitine Elma 1000 ml","Muscle Pump",https://sportoonline.com/tr/urun/sygenix-carnix-thermo-l-carnitine-elma-1000-ml,ince_aciklama,38,0,0,0
0,3383,"Sygenix Bcaa Portakal-Limon 300 gr","Muscle Pump",https://sportoonline.com/tr/urun/sygenix-bcaa-portakal-limon-300-gr,ince_aciklama,26,0,0,0
0,3384,"Sygenix Whey Protein Çikolata 990 gr","Muscle Pump",https://sportoonline.com/tr/urun/sygenix-whey-protein-cikolata-990-gr,ince_aciklama,28,0,0,0
0,3387,"Sygenix Whey Protein Çilek 990 gr","Muscle Pump",https://sportoonline.com/tr/urun/sygenix-whey-protein-cilek-990-gr,ince_aciklama,25,0,0,0
0,3388,"Sygenix Bcaa Ananas 300 gr","Muscle Pump",https://sportoonline.com/tr/urun/sygenix-bcaa-ananas-300-gr,ince_aciklama,18,0,0,0
0,3392,"Sygenix Sarı Shaker 500 Cc","Muscle Pump",https://sportoonline.com/tr/urun/sygenix-sari-shaker-500-cc,ince_aciklama+aciklama_ad_ile_ayni,26,0,0,0
0,3393,"Magnet Kapak Açacağı Sygenix","Muscle Pump",https://sportoonline.com/tr/urun/magnet-kapak-acacagi-sygenix,ince_aciklama+aciklama_ad_ile_ayni,28,0,0,0
0,3395,"Sygenix AminoX EAA+ Karpuz 300 Gr","Muscle Pump",https://sportoonline.com/tr/urun/sygenix-aminox-eaa-karpuz-300-gr,ince_aciklama,28,0,0,0
0,3406,"Muscle Pump Wpc Instant Whey Çilek 30 Gr","Muscle Pump",https://sportoonline.com/tr/urun/muscle-pump-wpc-instant-whey-cilek-30-gr,ince_aciklama+aciklama_ad_ile_ayni,40,0,0,0
0,3646,"Jade Rahat Kesim Bol Paça Modal Taş Rengi Pantolon",Superstacy,https://sportoonline.com/tr/urun/superstacy-jade-rahat-kesim-bol-paca-modal-tas-rengi-pantolon,kopya_aciklama,850,18,0,0
0,3647,"Jade Rahat Kesim Bol Paça Modal Bordo Pantolon",Superstacy,https://sportoonline.com/tr/urun/superstacy-jade-rahat-kesim-bol-paca-modal-bordo-pantolon,kopya_aciklama,850,18,0,0
0,3648,"Jade Rahat Kesim Bol Paça Modal Siyah Pantolon",Superstacy,https://sportoonline.com/tr/urun/superstacy-jade-rahat-kesim-bol-paca-modal-siyah-pantolon,kopya_aciklama,850,18,0,0
0,3649,"Jade Rahat Kesim Bol Paça Modal Lacivert Pantolon",Superstacy,https://sportoonline.com/tr/urun/superstacy-jade-rahat-kesim-bol-paca-modal-lacivert-pantolon,kopya_aciklama,850,18,0,0
0,3650,"Mila Modal Kapüşonlu Taş Rengi Üst",Superstacy,https://sportoonline.com/tr/urun/superstacy-mila-modal-kapusonlu-tas-rengi-ust,kopya_aciklama,850,18,0,0
0,3651,"Mila Modal Kapüşonlu Bordo Üst",Superstacy,https://sportoonline.com/tr/urun/superstacy-mila-modal-kapusonlu-bordo-ust,kopya_aciklama,850,18,0,0
0,3652,"Mila Modal Kapüşonlu Siyah Üst",Superstacy,https://sportoonline.com/tr/urun/superstacy-mila-modal-kapusonlu-siyah-ust,kopya_aciklama,850,18,0,0
0,3653,"Mila Modal Kapüşonlu Lacivert Üst",Superstacy,https://sportoonline.com/tr/urun/superstacy-mila-modal-kapusonlu-lacivert-ust,kopya_aciklama,850,18,0,0
0,3654,"Nora Yüksek Bel Modal Kahverengi Pantolon",Superstacy,https://sportoonline.com/tr/urun/superstacy-nora-yuksek-bel-modal-kahverengi-pantolon,kopya_aciklama,850,18,0,0
0,3655,"Nora Yüksek Bel Modal Taş Rengi Pantolon",Superstacy,https://sportoonline.com/tr/urun/superstacy-nora-yuksek-bel-modal-tas-rengi-pantolon,kopya_aciklama,850,18,0,0
0,3656,"Nora Yüksek Bel Modal Bordo Pantolon",Superstacy,https://sportoonline.com/tr/urun/superstacy-nora-yuksek-bel-modal-bordo-pantolon,kopya_aciklama,850,18,0,0
0,3657,"Nora Yüksek Bel Modal Siyah Pantolon",Superstacy,https://sportoonline.com/tr/urun/superstacy-nora-yuksek-bel-modal-siyah-pantolon,kopya_aciklama,850,18,0,0
0,3658,"Nora Yüksek Bel Modal Lacivert Pantolon",Superstacy,https://sportoonline.com/tr/urun/superstacy-nora-yuksek-bel-modal-lacivert-pantolon,kopya_aciklama,850,18,0,0
0,3659,"Cleo Yanları Yırtmaçlı Modal Bisiklet Yaka Kahverengi Sweatshirt",Superstacy,https://sportoonline.com/tr/urun/superstacy-cleo-yanlari-yirtmacli-modal-bisiklet-yaka-kahverengi-sweatshirt,kopya_aciklama,850,18,0,0
0,3660,"Cleo Yanları Yırtmaçlı Modal Bisiklet Yaka Taş Rengi Sweatshirt",Superstacy,https://sportoonline.com/tr/urun/superstacy-cleo-yanlari-yirtmacli-modal-bisiklet-yaka-tas-rengi-sweatshirt,kopya_aciklama,850,18,0,0
0,3661,"Cleo Yanları Yırtmaçlı Modal Bisiklet Yaka Bordo Sweatshirt",Superstacy,https://sportoonline.com/tr/urun/superstacy-cleo-yanlari-yirtmacli-modal-bisiklet-yaka-bordo-sweatshirt,kopya_aciklama,850,18,0,0
0,3662,"Cleo Yanları Yırtmaçlı Modal Bisiklet Yaka Siyah Sweatshirt",Superstacy,https://sportoonline.com/tr/urun/superstacy-cleo-yanlari-yirtmacli-modal-bisiklet-yaka-siyah-sweatshirt,kopya_aciklama,850,18,0,0
0,3663,"Cleo Yanları Yırtmaçlı Modal Bisiklet Yaka Lacivert Sweatshirt",Superstacy,https://sportoonline.com/tr/urun/superstacy-cleo-yanlari-yirtmacli-modal-bisiklet-yaka-lacivert-sweatshirt,kopya_aciklama,850,18,0,0
0,3664,"Yüksek Bel Cepli Füme Spor Tayt",Superstacy,https://sportoonline.com/tr/urun/superstacy-yuksek-bel-cepli-fume-spor-tayt,kopya_aciklama,1240,6,0,0
0,3668,"Flexa Spor Çanta",Superstacy,https://sportoonline.com/tr/urun/superstacy-flexa-spor-canta,ince_aciklama,16,0,0,0
0,3669,"Performans Unisex Siyah Spor Şapka",Superstacy,https://sportoonline.com/tr/urun/superstacy-performans-unisex-siyah-spor-sapka,ince_aciklama,34,0,0,0
0,3670,"Performans Unisex Beyaz Spor Şapka",Superstacy,https://sportoonline.com/tr/urun/superstacy-performans-unisex-beyaz-spor-sapka,ince_aciklama,34,0,0,0
0,3671,"Liora Yumuşak Kumaş 7/8 Ekru Spor Tayt",Superstacy,https://sportoonline.com/tr/urun/superstacy-liora-yumusak-kumas-7-8-ekru-spor-tayt,kopya_aciklama,1204,4,0,0
0,3672,"Liora Yumuşak Kumaş 7/8 Haki Spor Tayt",Superstacy,https://sportoonline.com/tr/urun/superstacy-liora-yumusak-kumas-7-8-haki-spor-tayt,kopya_aciklama,1204,4,0,0
0,3673,"Liora Yumuşak Kumaş 7/8 Acı Kahve Spor Tayt",Superstacy,https://sportoonline.com/tr/urun/superstacy-liora-yumusak-kumas-7-8-aci-kahve-spor-tayt,kopya_aciklama,1204,4,0,0
0,3674,"Popi Yüksek Bel Zümrüt Yeşili Spor Tayt",Superstacy,https://sportoonline.com/tr/urun/superstacy-popi-yuksek-bel-zumrut-yesili-spor-tayt,kopya_aciklama,1204,4,0,0
0,3677,"Amara Büzgü Detaylı Haki Spor Bra",Superstacy,https://sportoonline.com/tr/urun/superstacy-amara-buzgu-detayli-haki-spor-bra,kopya_aciklama,707,2,0,0
0,3678,"Amara Büzgü Detaylı Siyah Spor Bra",Superstacy,https://sportoonline.com/tr/urun/superstacy-amara-buzgu-detayli-siyah-spor-bra,kopya_aciklama,707,2,0,0
0,3679,"Amara Büzgü Detaylı İndigo Spor Bra",Superstacy,https://sportoonline.com/tr/urun/amara-buzgu-detayli-indigo-spor-bra,kopya_aciklama,707,3,0,0
0,3682,"Amara Büzgü Detaylı Taş Rengi Spor Bra",Superstacy,https://sportoonline.com/tr/urun/superstacy-amara-buzgu-detayli-tas-rengi-spor-bra,kopya_aciklama,707,3,0,0
0,3683,"Amara Büzgü Detaylı Ekru Spor Bra",Superstacy,https://sportoonline.com/tr/urun/superstacy-amara-buzgu-detayli-ekru-spor-bra,kopya_aciklama,707,3,0,0
0,3685,"Liora Yumuşak Kumaş Siyah Crop Top",Superstacy,https://sportoonline.com/tr/urun/superstacy-liora-yumusak-kumas-siyah-crop-top,kopya_aciklama,835,3,0,0
0,3686,"Liora Yumuşak Kumaş İndigo Crop Top",Superstacy,https://sportoonline.com/tr/urun/liora-yumusak-kumas-indigo-crop-top,kopya_aciklama,835,3,0,0
0,3687,"Liora Yumuşak Kumaş Füme Crop Top",Superstacy,https://sportoonline.com/tr/urun/superstacy-liora-yumusak-kumas-fume-crop-top,kopya_aciklama,835,3,0,0
0,3688,"Liora Yumuşak Kumaş Acı Kahve Crop Top",Superstacy,https://sportoonline.com/tr/urun/superstacy-liora-yumusak-kumas-aci-kahve-crop-top,kopya_aciklama,835,3,0,0
0,3689,"Liora Yumuşak Kumaş Taş Rengi Crop Top",Superstacy,https://sportoonline.com/tr/urun/superstacy-liora-yumusak-kumas-tas-rengi-crop-top,kopya_aciklama,835,3,0,0
0,3690,"Liora Yumuşak Kumaş Ekru Crop Top",Superstacy,https://sportoonline.com/tr/urun/superstacy-liora-yumusak-kumas-ekru-crop-top,kopya_aciklama,835,3,0,0
0,3691,"Liora Yumuşak Kumaş Geniş Paça Siyah Tayt Pantolon",Superstacy,https://sportoonline.com/tr/urun/superstacy-liora-yumusak-kumas-genis-paca-siyah-tayt-pantolon,kopya_aciklama,1205,3,0,0
0,3692,"Liora Yumuşak Kumaş Geniş Paça İndigo Tayt Pantolon",Superstacy,https://sportoonline.com/tr/urun/liora-yumusak-kumas-genis-paca-indigo-tayt-pantolon,kopya_aciklama,1205,3,0,0
0,3693,"Liora Yumuşak Kumaş Geniş Paça Füme Tayt Pantolon",Superstacy,https://sportoonline.com/tr/urun/superstacy-liora-yumusak-kumas-genis-paca-fume-tayt-pantolon,kopya_aciklama,1205,5,0,0
0,3695,"Liora Yumuşak Kumaş Geniş Paça Taş Rengi Tayt Pantolon",Superstacy,https://sportoonline.com/tr/urun/superstacy-liora-yumusak-kumas-genis-paca-tas-rengi-tayt-pantolon,kopya_aciklama,1205,5,0,0
0,3696,"Keira Geniş Paça Büzgü Detaylı Siyah Spor Tulum",Superstacy,https://sportoonline.com/tr/urun/superstacy-keira-genis-paca-buzgu-detayli-siyah-spor-tulum,kopya_aciklama,1019,2,0,0
0,3697,"Keira Geniş Paça Büzgü Detaylı İndigo Spor Tulum",Superstacy,https://sportoonline.com/tr/urun/keira-genis-paca-buzgu-detayli-indigo-spor-tulum,kopya_aciklama,1019,2,0,0
0,3698,"Keira Geniş Paça Büzgü Detaylı Füme Spor Tulum",Superstacy,https://sportoonline.com/tr/urun/superstacy-keira-genis-paca-buzgu-detayli-fume-spor-tulum,kopya_aciklama,1205,3,0,0
0,3699,"Keira Geniş Paça Büzgü Detaylı Acı Kahve Spor Tulum",Superstacy,https://sportoonline.com/tr/urun/superstacy-keira-genis-paca-buzgu-detayli-aci-kahve-spor-tulum,kopya_aciklama,1205,2,0,0
0,3700,"Aria Yumuşak Orta Destek İndigo Spor Bra",Superstacy,https://sportoonline.com/tr/urun/aria-yumusak-orta-destek-indigo-spor-bra,kopya_aciklama,1016,2,0,0
0,3702,"Raina Çapraz Askılı Yüksek Destekli Haki Spor Bra",Superstacy,https://sportoonline.com/tr/urun/superstacy-raina-capraz-askili-yuksek-destekli-haki-spor-bra,kopya_aciklama,1205,5,0,0
0,3703,"Raina Çapraz Askılı Yüksek Destekli Siyah Spor Bra",Superstacy,https://sportoonline.com/tr/urun/superstacy-raina-capraz-askili-yuksek-destekli-siyah-spor-bra,kopya_aciklama,1205,2,0,0
0,3704,"Raina Çapraz Askılı Yüksek Destekli İndigo Spor Bra",Superstacy,https://sportoonline.com/tr/urun/raina-capraz-askili-yuksek-destekli-indigo-spor-bra,kopya_aciklama,1205,5,0,0
0,3705,"Raina Çapraz Askılı Yüksek Destekli Füme Spor Bra",Superstacy,https://sportoonline.com/tr/urun/superstacy-raina-capraz-askili-yuksek-destekli-fume-spor-bra,kopya_aciklama,1205,5,0,0
0,3708,"Raina Çapraz Askılı Yüksek Destekli Ekru Spor Bra",Superstacy,https://sportoonline.com/tr/urun/superstacy-raina-capraz-askili-yuksek-destekli-ekru-spor-bra,kopya_aciklama,1016,2,0,0
0,3710,"Kısa Kol Spor Füme Crop Top",Superstacy,https://sportoonline.com/tr/urun/superstacy-kisa-kol-spor-fume-crop-top,kopya_aciklama,783,8,0,0
0,3711,"Lara Sokak Stili Haki Etek",Superstacy,https://sportoonline.com/tr/urun/superstacy-lara-sokak-stili-haki-etek,ince_aciklama,25,0,0,0
0,3712,"Lara Sokak Stili Siyah Etek",Superstacy,https://sportoonline.com/tr/urun/superstacy-lara-sokak-stili-siyah-etek,ince_aciklama,25,0,0,0
0,3713,"Lara Sokak Stili İndigo Etek",Superstacy,https://sportoonline.com/tr/urun/lara-sokak-stili-indigo-etek,ince_aciklama,25,0,0,0
0,3714,"Lara Sokak Stili Füme Etek",Superstacy,https://sportoonline.com/tr/urun/superstacy-lara-sokak-stili-fume-etek,ince_aciklama,25,0,0,0
0,3715,"Lara Sokak Stili Gri Etek",Superstacy,https://sportoonline.com/tr/urun/superstacy-lara-sokak-stili-gri-etek,ince_aciklama,25,0,0,0
0,3716,"Lara Sokak Stili Gri Melanj Etek",Superstacy,https://sportoonline.com/tr/urun/superstacy-lara-sokak-stili-gri-melanj-etek,ince_aciklama,25,0,0,0
0,3717,"Lara Sokak Stili Krem Etek",Superstacy,https://sportoonline.com/tr/urun/superstacy-lara-sokak-stili-krem-etek,ince_aciklama,25,0,0,0
0,3718,"Performans Siyah Saç Bandı",Superstacy,https://sportoonline.com/tr/urun/superstacy-performans-siyah-sac-bandi,ince_aciklama,26,0,0,0
0,3719,"Performans Beyaz Saç Bandı",Superstacy,https://sportoonline.com/tr/urun/superstacy-performans-beyaz-sac-bandi,ince_aciklama,26,0,0,0
0,3720,"Performans Kiremit Saç Bandı",Superstacy,https://sportoonline.com/tr/urun/superstacy-performans-kiremit-sac-bandi,ince_aciklama,26,0,0,0
0,3721,"Luna Fermuarlı Kapüşonlu Haki Sweatshirt",Superstacy,https://sportoonline.com/tr/urun/superstacy-luna-fermuarli-kapusonlu-haki-sweatshirt,kopya_aciklama,601,4,0,0
0,3722,"Luna Fermuarlı Kapüşonlu Siyah Sweatshirt",Superstacy,https://sportoonline.com/tr/urun/superstacy-luna-fermuarli-kapusonlu-siyah-sweatshirt,kopya_aciklama,601,4,0,0
0,3723,"Luna Fermuarlı Kapüşonlu Füme Sweatshirt",Superstacy,https://sportoonline.com/tr/urun/superstacy-luna-fermuarli-kapusonlu-fume-sweatshirt,kopya_aciklama,601,4,0,0
0,3724,"Luna Fermuarlı Kapüşonlu Gri Melanj Sweatshirt",Superstacy,https://sportoonline.com/tr/urun/superstacy-luna-fermuarli-kapusonlu-gri-melanj-sweatshirt,kopya_aciklama,601,4,0,0
0,3726,"Kar Leoparı Dijital Spor Bra",Superstacy,https://sportoonline.com/tr/urun/superstacy-kar-leopari-dijital-spor-bra,kopya_aciklama,630,9,0,0
0,3727,"Kar Leoparı Dijital Spor Tayt",Superstacy,https://sportoonline.com/tr/urun/superstacy-kar-leopari-dijital-spor-tayt,kopya_aciklama,630,9,0,0
0,3728,"Stella Orta Destekli Yosun Yeşili Spor Bra",Superstacy,https://sportoonline.com/tr/urun/superstacy-stella-orta-destekli-yosun-yesili-spor-bra,kopya_aciklama,933,2,0,0
0,3729,"Lara Siyah Spor Sütyeni",Superstacy,https://sportoonline.com/tr/urun/superstacy-lara-siyah-spor-sutyeni,kopya_aciklama,933,2,0,0
0,3730,"Melina Kısa Kol Vişne Crop Top",Superstacy,https://sportoonline.com/tr/urun/superstacy-melina-kisa-kol-visne-crop-top,kopya_aciklama,1014,10,0,0
0,3731,"Melina Kısa Kol Lacivert Crop Top",Superstacy,https://sportoonline.com/tr/urun/superstacy-melina-kisa-kol-lacivert-crop-top,kopya_aciklama,1014,10,0,0
0,3732,"Melina Kısa Kol Siyah Crop Top",Superstacy,https://sportoonline.com/tr/urun/superstacy-melina-kisa-kol-siyah-crop-top,kopya_aciklama,1014,10,0,0
0,3733,"Melina Kısa Kol Gül Kurusu Crop Top",Superstacy,https://sportoonline.com/tr/urun/superstacy-melina-kisa-kol-gul-kurusu-crop-top,kopya_aciklama,1014,10,0,0
0,3734,"Melina Kısa Kol Füme Crop Top",Superstacy,https://sportoonline.com/tr/urun/superstacy-melina-kisa-kol-fume-crop-top,kopya_aciklama,1014,10,0,0
0,3735,"Melina Kısa Kol Beyaz Crop Top",Superstacy,https://sportoonline.com/tr/urun/superstacy-melina-kisa-kol-beyaz-crop-top,kopya_aciklama,1014,10,0,0
0,3736,"Melina Kısa Kol Acı Kahve Crop Top",Superstacy,https://sportoonline.com/tr/urun/superstacy-melina-kisa-kol-aci-kahve-crop-top,kopya_aciklama,1014,10,0,0
0,3737,"Melina Kısa Kol Açık Mor Crop Top",Superstacy,https://sportoonline.com/tr/urun/superstacy-melina-kisa-kol-acik-mor-crop-top,kopya_aciklama,1014,10,0,0
0,3738,"Liora Yüksek Bel Yumuşak 7/8 Siyah Spor Tayt",Superstacy,https://sportoonline.com/tr/urun/superstacy-liora-yuksek-bel-yumusak-7-8-siyah-spor-tayt,kopya_aciklama,630,9,0,0
0,3739,"Liora Yüksek Bel Yumuşak 7/8 İndigo Spor Tayt",Superstacy,https://sportoonline.com/tr/urun/liora-yuksek-bel-yumusak-78-indigo-spor-tayt,kopya_aciklama,630,9,0,0
0,3740,"Liora Yüksek Bel Yumuşak 7/8 Füme Spor Tayt",Superstacy,https://sportoonline.com/tr/urun/superstacy-liora-yuksek-bel-yumusak-7-8-fume-spor-tayt,kopya_aciklama,630,9,0,0
0,3741,"Liora Yüksek Bel Yumuşak 7/8 Taş Rengi Spor Tayt",Superstacy,https://sportoonline.com/tr/urun/superstacy-liora-yuksek-bel-yumusak-7-8-tas-rengi-spor-tayt,kopya_aciklama,630,9,0,0
0,3742,"Lina Saf Konfor Siyah Gömlek",Superstacy,https://sportoonline.com/tr/urun/superstacy-lina-saf-konfor-siyah-gomlek,ince_aciklama,24,0,0,0
0,3743,"Lina Saf Konfor Beyaz Gömlek",Superstacy,https://sportoonline.com/tr/urun/superstacy-lina-saf-konfor-beyaz-gomlek,ince_aciklama,24,0,0,0
0,3744,"Melina Yüksek Bel İspanyol Paça Vişne Spor Tayt",Superstacy,https://sportoonline.com/tr/urun/melina-yuksek-bel-ispanyol-paca-visne-spor-tayt,kopya_aciklama,1202,3,0,0
0,3745,"Melina Yüksek Bel İspanyol Paça Lacivert Spor Tayt",Superstacy,https://sportoonline.com/tr/urun/melina-yuksek-bel-ispanyol-paca-lacivert-spor-tayt,kopya_aciklama,1202,3,0,0
0,3746,"Melina Yüksek Bel İspanyol Paça Siyah Spor Tayt",Superstacy,https://sportoonline.com/tr/urun/melina-yuksek-bel-ispanyol-paca-siyah-spor-tayt,kopya_aciklama,1202,3,0,0
0,3747,"Melina Yüksek Bel İspanyol Paça Gül Kurusu Spor Tayt",Superstacy,https://sportoonline.com/tr/urun/melina-yuksek-bel-ispanyol-paca-gul-kurusu-spor-tayt,kopya_aciklama,1204,4,0,0
0,3748,"Melina Yüksek Bel İspanyol Paça Füme Spor Tayt",Superstacy,https://sportoonline.com/tr/urun/melina-yuksek-bel-ispanyol-paca-fume-spor-tayt,kopya_aciklama,1204,4,0,0
0,3749,"Melina Yüksek Bel İspanyol Paça Acı Kahve Spor Tayt",Superstacy,https://sportoonline.com/tr/urun/melina-yuksek-bel-ispanyol-paca-aci-kahve-spor-tayt,kopya_aciklama,1204,4,0,0
0,3750,"Melina Yüksek Bel İspanyol Paça Açık Mor Spor Tayt",Superstacy,https://sportoonline.com/tr/urun/melina-yuksek-bel-ispanyol-paca-acik-mor-spor-tayt,kopya_aciklama,1204,4,0,0
0,3751,"Kamuflaj Desenli Dijital Spor Tayt",Superstacy,https://sportoonline.com/tr/urun/superstacy-kamuflaj-desenli-dijital-spor-tayt,kopya_aciklama,630,9,0,0
0,3752,"Koyu Bulut Dijital Spor Tayt",Superstacy,https://sportoonline.com/tr/urun/superstacy-koyu-bulut-dijital-spor-tayt,kopya_aciklama,630,9,0,0
0,3753,"Vahşi Kaplan Dijital Spor Tayt",Superstacy,https://sportoonline.com/tr/urun/superstacy-vahsi-kaplan-dijital-spor-tayt,kopya_aciklama,630,9,0,0
0,3754,"Kamuflaj Desenli Dijital Spor Bra",Superstacy,https://sportoonline.com/tr/urun/superstacy-kamuflaj-desenli-dijital-spor-bra,kopya_aciklama,1014,10,0,0
0,3755,"Koyu Bulut Dijital Spor Bra",Superstacy,https://sportoonline.com/tr/urun/superstacy-koyu-bulut-dijital-spor-bra,kopya_aciklama,1014,10,0,0
0,3757,"Mira Modal İspanyol Paça Siyah Pantolon",Superstacy,https://sportoonline.com/tr/urun/mira-modal-ispanyol-paca-siyah-pantolon,kopya_aciklama,1217,2,0,0
0,3758,"Mira Modal İspanyol Paça Füme Pantolon",Superstacy,https://sportoonline.com/tr/urun/mira-modal-ispanyol-paca-fume-pantolon,kopya_aciklama,1217,2,0,0
0,3760,"Elora Rahat Kalıp Oversize Siyah Tişört",Superstacy,https://sportoonline.com/tr/urun/superstacy-elora-rahat-kalip-oversize-siyah-tisort,kopya_aciklama,596,5,0,0
0,3761,"Elora Rahat Kalıp Oversize Koyu Gül Tişört",Superstacy,https://sportoonline.com/tr/urun/superstacy-elora-rahat-kalip-oversize-koyu-gul-tisort,kopya_aciklama,596,5,0,0
0,3762,"Elora Rahat Kalıp Oversize Krem Tişört",Superstacy,https://sportoonline.com/tr/urun/superstacy-elora-rahat-kalip-oversize-krem-tisort,kopya_aciklama,596,5,0,0
0,3763,"Elora Rahat Kalıp Oversize Pudra Tişört",Superstacy,https://sportoonline.com/tr/urun/superstacy-elora-rahat-kalip-oversize-pudra-tisort,kopya_aciklama,596,5,0,0
0,3764,"Elora Rahat Kalıp Oversize Koyu Lila Tişört",Superstacy,https://sportoonline.com/tr/urun/superstacy-elora-rahat-kalip-oversize-koyu-lila-tisort,kopya_aciklama,596,5,0,0
0,3765,"Noya Kısa Oversize Siyah Tişört",Superstacy,https://sportoonline.com/tr/urun/superstacy-noya-kisa-oversize-siyah-tisort,kopya_aciklama,597,2,0,0
0,3766,"Noya Kısa Oversize Koyu Gül Tişört",Superstacy,https://sportoonline.com/tr/urun/superstacy-noya-kisa-oversize-koyu-gul-tisort,kopya_aciklama,597,2,0,0
0,3769,"Noya Kısa Oversize Koyu Lila Tişört",Superstacy,https://sportoonline.com/tr/urun/superstacy-noya-kisa-oversize-koyu-lila-tisort,kopya_aciklama,591,2,0,0
0,3770,"Popi Yüksek Bel Marine Spor Tayt",Superstacy,https://sportoonline.com/tr/urun/superstacy-yuksek-bel-marine-spor-tayt,kopya_aciklama,633,4,0,0
0,3772,"Mia Oversize Krem Jogger Eşofman Altı",Superstacy,https://sportoonline.com/tr/urun/superstacy-mia-oversize-krem-jogger-esofman-alti,kopya_aciklama,932,5,0,0
0,3773,"Mia Oversize Gri Jogger Eşofman Altı",Superstacy,https://sportoonline.com/tr/urun/superstacy-mia-oversize-gri-jogger-esofman-alti,kopya_aciklama,932,5,0,0
0,3774,"Mia Oversize Füme Jogger Eşofman Altı",Superstacy,https://sportoonline.com/tr/urun/superstacy-mia-oversize-fume-jogger-esofman-alti,kopya_aciklama,932,5,0,0
0,3775,"Mia Oversize Siyah Jogger Eşofman Altı",Superstacy,https://sportoonline.com/tr/urun/superstacy-mia-oversize-siyah-jogger-esofman-alti,kopya_aciklama,932,5,0,0
0,3776,"Mia Oversize Haki Jogger Eşofman Altı",Superstacy,https://sportoonline.com/tr/urun/superstacy-mia-oversize-haki-jogger-esofman-alti,kopya_aciklama,932,5,0,0
0,3777,"Violet Biker Turkuaz Spor Tayt",Superstacy,https://sportoonline.com/tr/urun/superstacy-violet-biker-turkuaz-spor-tayt,kopya_aciklama,639,9,0,0
0,3778,"Violet Biker Şeftali Spor Tayt",Superstacy,https://sportoonline.com/tr/urun/superstacy-violet-biker-seftali-spor-tayt,kopya_aciklama,639,9,0,0
0,3779,"Violet Biker Nar Çiçeği Spor Tayt",Superstacy,https://sportoonline.com/tr/urun/superstacy-violet-biker-nar-cicegi-spor-tayt,kopya_aciklama,639,9,0,0
0,3780,"Violet Biker Lila Spor Tayt",Superstacy,https://sportoonline.com/tr/urun/superstacy-violet-biker-lila-spor-tayt,kopya_aciklama,639,9,0,0
0,3781,"Violet Biker Pembe Spor Tayt",Superstacy,https://sportoonline.com/tr/urun/superstacy-violet-biker-pembe-spor-tayt,kopya_aciklama,639,9,0,0
0,3782,"Violet Biker Bordo Spor Tayt",Superstacy,https://sportoonline.com/tr/urun/superstacy-violet-biker-bordo-spor-tayt,kopya_aciklama,639,9,0,0
0,3783,"Violet Biker Gül Kurusu Spor Tayt",Superstacy,https://sportoonline.com/tr/urun/superstacy-violet-biker-gul-kurusu-spor-tayt,kopya_aciklama,639,9,0,0
0,3784,"Violet Biker Lacivert Spor Tayt",Superstacy,https://sportoonline.com/tr/urun/superstacy-violet-biker-lacivert-spor-tayt,kopya_aciklama,639,9,0,0
0,3785,"Stella Yüksek Bel Cepli Toparlayıcı Açık Mor Spor Tayt",Superstacy,https://sportoonline.com/tr/urun/superstacy-stella-yuksek-bel-cepli-toparlayici-acik-mor-spor-tayt,kopya_aciklama,842,6,0,0
0,3786,"Stella Yüksek Bel Cepli Toparlayıcı Koyu Gül Spor Tayt",Superstacy,https://sportoonline.com/tr/urun/superstacy-stella-yuksek-bel-cepli-toparlayici-koyu-gul-spor-tayt,kopya_aciklama,842,6,0,0
0,3787,"Stella Yüksek Bel Cepli Toparlayıcı Marine Spor Tayt",Superstacy,https://sportoonline.com/tr/urun/superstacy-stella-yuksek-bel-cepli-toparlayici-marine-spor-tayt,kopya_aciklama,842,6,0,0
0,3788,"Popi Yüksek Bel Yosun Yeşili Spor Tayt",Superstacy,https://sportoonline.com/tr/urun/superstacy-yuksek-bel-yosun-yesili-spor-tayt,kopya_aciklama,633,4,0,0
0,3789,"Popi Yüksek Bel Açık Mor Spor Tayt",Superstacy,https://sportoonline.com/tr/urun/superstacy-yuksek-bel-acik-mor-spor-tayt,kopya_aciklama,633,4,0,0
0,3790,"Popi Yüksek Bel Koyu Gül Spor Tayt",Superstacy,https://sportoonline.com/tr/urun/superstacy-yuksek-bel-koyu-gul-spor-tayt,kopya_aciklama,633,4,0,0
0,3791,"Stella Yüksek Bel Cepli Toparlayıcı Yosun Yeşili Spor Tayt",Superstacy,https://sportoonline.com/tr/urun/superstacy-stella-yuksek-bel-cepli-toparlayici-yosun-yesili-spor-tayt,kopya_aciklama,842,6,0,0
0,3792,"Stella Orta Destekli Açık Mor Spor Bra",Superstacy,https://sportoonline.com/tr/urun/superstacy-stella-orta-destekli-acik-mor-spor-bra,kopya_aciklama,934,5,0,0
0,3793,"Stella Orta Destekli Koyu Gül Spor Bra",Superstacy,https://sportoonline.com/tr/urun/superstacy-stella-orta-destekli-koyu-gul-spor-bra,kopya_aciklama,934,5,0,0
0,3794,"Stella Orta Destekli Marine Spor Bra",Superstacy,https://sportoonline.com/tr/urun/superstacy-stella-orta-destekli-marine-spor-bra,kopya_aciklama,934,5,0,0
0,3795,"Stella Orta Destekli Kiremit Spor Bra",Superstacy,https://sportoonline.com/tr/urun/superstacy-stella-orta-destekli-kiremit-spor-bra,kopya_aciklama,934,5,0,0
0,3797,"Stella Orta Destekli Beyaz Spor Bra",Superstacy,https://sportoonline.com/tr/urun/superstacy-stella-orta-destekli-beyaz-spor-bra,kopya_aciklama,934,5,0,0
0,3799,"Stella Yüksek Bel Cepli Toparlayıcı Kiremit Spor Tayt",Superstacy,https://sportoonline.com/tr/urun/superstacy-stella-yuksek-bel-cepli-toparlayici-kiremit-spor-tayt,kopya_aciklama,842,6,0,0
0,3800,"Stella Yüksek Bel Cepli Toparlayıcı Siyah Spor Tayt",Superstacy,https://sportoonline.com/tr/urun/superstacy-stella-yuksek-bel-cepli-toparlayici-siyah-spor-tayt,kopya_aciklama,842,6,0,0
0,3802,"V Bel Detaylı Yüksel Bel Neon Pembe Spor Tayt",Superstacy,https://sportoonline.com/tr/urun/superstacy-v-bel-detayli-yuksel-bel-neon-pembe-spor-tayt,kopya_aciklama,1293,2,0,0
0,3806,"Nina Pamuklu Basic Krem Sweatshirt",Superstacy,https://sportoonline.com/tr/urun/superstacy-nina-pamuklu-basic-krem-sweatshirt,kopya_aciklama,600,2,0,0
0,3807,"Nina Pamuklu Basic Gri Sweatshirt",Superstacy,https://sportoonline.com/tr/urun/superstacy-nina-pamuklu-basic-gri-sweatshirt,kopya_aciklama,600,2,0,0
0,3808,"Nina Pamuklu Basic Füme Sweatshirt",Superstacy,https://sportoonline.com/tr/urun/superstacy-nina-pamuklu-basic-fume-sweatshirt,kopya_aciklama,597,3,0,0
0,3809,"Nina Pamuklu Basic Siyah Sweatshirt",Superstacy,https://sportoonline.com/tr/urun/superstacy-nina-pamuklu-basic-siyah-sweatshirt,kopya_aciklama,597,3,0,0
0,3810,"Nina Pamuklu Basic Haki Sweatshirt",Superstacy,https://sportoonline.com/tr/urun/superstacy-nina-pamuklu-basic-haki-sweatshirt,kopya_aciklama,597,3,0,0
0,3811,"Amelia İspanyol Paça Krem Eşofman Altı",Superstacy,https://sportoonline.com/tr/urun/superstacy-amelia-flare-genis-paca-krem-esofman-alti,kopya_aciklama,610,5,0,0
0,3812,"Amelia İspanyol Paça Koyu Gül Eşofman Altı",Superstacy,https://sportoonline.com/tr/urun/superstacy-amelia-flare-genis-paca-koyu-gul-esofman-alti,kopya_aciklama,610,5,0,0
0,3813,"Amelia İspanyol Paça Gri Eşofman Altı",Superstacy,https://sportoonline.com/tr/urun/superstacy-amelia-flare-genis-paca-gri-esofman-alti,kopya_aciklama,610,5,0,0
0,3814,"Amelia İspanyol Paça Füme Eşofman Altı",Superstacy,https://sportoonline.com/tr/urun/superstacy-amelia-flare-genis-paca-fume-esofman-alti,kopya_aciklama,610,5,0,0
0,3815,"Amelia İspanyol Paça Siyah Eşofman Altı",Superstacy,https://sportoonline.com/tr/urun/superstacy-amelia-flare-genis-paca-siyah-esofman-alti,kopya_aciklama,610,5,0,0
0,3817,"Jogger Füme Eşofman Altı",Superstacy,https://sportoonline.com/tr/urun/superstacy-jogger-fume-esofman-alti,kopya_aciklama,226,10,0,0
0,3818,"Violet Biker Füme Spor Tayt",Superstacy,https://sportoonline.com/tr/urun/superstacy-violet-biker-fume-spor-tayt,kopya_aciklama,639,9,0,0
0,3821,"Rose Taytlı Taş Rengi Spor Şort",Superstacy,https://sportoonline.com/tr/urun/superstacy-rose-taytli-tas-rengi-spor-sort,kopya_aciklama,939,2,0,0
0,3823,"Rose Taytlı Siyah Spor Şort",Superstacy,https://sportoonline.com/tr/urun/superstacy-rose-taytli-siyah-spor-sort,kopya_aciklama,939,2,0,0
0,3828,"Sophia Light-Weight Taş Rengi Tişört",Superstacy,https://sportoonline.com/tr/urun/superstacy-sophia-light-weight-tas-rengi-tisort,kopya_aciklama,668,4,0,0
0,3829,"Sophia Light-Weight Gri Tişört",Superstacy,https://sportoonline.com/tr/urun/superstacy-sophia-light-weight-gri-tisort,kopya_aciklama,668,4,0,0
0,3830,"Sophia Light-Weight Koyu Gül Tişört",Superstacy,https://sportoonline.com/tr/urun/superstacy-sophia-light-weight-koyu-gul-tisort,kopya_aciklama,668,4,0,0
0,3831,"Sophia Light-Weight Siyah Tişört",Superstacy,https://sportoonline.com/tr/urun/superstacy-sophia-light-weight-siyah-tisort,kopya_aciklama,668,4,0,0
0,3833,"Olivia Turkuaz Spor Cop",Superstacy,https://sportoonline.com/tr/urun/superstacy-olivia-turkuaz-spor-bra,kopya_aciklama,717,4,0,0
0,3834,"Olivia Şeftali Spor Crop",Superstacy,https://sportoonline.com/tr/urun/superstacy-olivia-seftali-spor-bra,kopya_aciklama,717,4,0,0
0,3835,"Olivia Açık Yeşil Spor Crop",Superstacy,https://sportoonline.com/tr/urun/superstacy-olivia-acik-yesil-spor-bra,kopya_aciklama,717,4,0,0
0,3836,"Olivia Gül Spor Crop",Superstacy,https://sportoonline.com/tr/urun/superstacy-olivia-gul-spor-bra,kopya_aciklama,717,4,0,0
0,3837,"Olivia Taş Rengi Spor Crop",Superstacy,https://sportoonline.com/tr/urun/superstacy-olivia-tas-rengi-spor-bra,kopya_aciklama,714,3,0,0
0,3839,"Olivia Nar Çiçeği Spor Crop",Superstacy,https://sportoonline.com/tr/urun/superstacy-olivia-nar-cicegi-spor-bra,kopya_aciklama,714,3,0,0
0,3841,"Olivia Beyaz Spor Crop",Superstacy,https://sportoonline.com/tr/urun/superstacy-olivia-beyaz-spor-bra,kopya_aciklama,714,3,0,0
0,3842,"Olivia Pembe Spor Crop",Superstacy,https://sportoonline.com/tr/urun/superstacy-olivia-pembe-spor-bra,kopya_aciklama,714,3,0,0
0,3843,"Olivia Siyah Spor Crop",Superstacy,https://sportoonline.com/tr/urun/superstacy-olivia-siyah-spor-bra,kopya_aciklama,714,3,0,0
0,3844,"Olivia Vişne Spor Crop",Superstacy,https://sportoonline.com/tr/urun/superstacy-olivia-bordo-spor-bra,kopya_aciklama,714,3,0,0
0,3845,"Emily Spor Turkuaz Kısa Tayt",Superstacy,https://sportoonline.com/tr/urun/superstacy-emily-spor-turkuaz-kisa-tayt,kopya_aciklama,1217,10,0,0
0,3846,"Emily Spor Şeftali Kısa Tayt",Superstacy,https://sportoonline.com/tr/urun/superstacy-emily-spor-seftali-kisa-tayt,kopya_aciklama,1217,10,0,0
0,3847,"Emily Spor Açık Yeşil Kısa Tayt",Superstacy,https://sportoonline.com/tr/urun/superstacy-emily-spor-acik-yesil-kisa-tayt,kopya_aciklama,1217,10,0,0
0,3848,"Emily Spor Gül Kısa Tayt",Superstacy,https://sportoonline.com/tr/urun/superstacy-emily-spor-gul-kisa-tayt,kopya_aciklama,1217,10,0,0
0,3849,"Emily Spor Taş Rengi Kısa Tayt",Superstacy,https://sportoonline.com/tr/urun/superstacy-emily-spor-tas-rengi-kisa-tayt,kopya_aciklama,1217,10,0,0
0,3850,"Emily Spor Acı Kahve Kısa Tayt",Superstacy,https://sportoonline.com/tr/urun/superstacy-emily-spor-aci-kahve-kisa-tayt,kopya_aciklama,1214,3,0,0
0,3851,"Emily Spor Nar Çiçeği Kısa Tayt",Superstacy,https://sportoonline.com/tr/urun/superstacy-emily-spor-nar-cicegi-kisa-tayt,kopya_aciklama,1217,10,0,0
0,3852,"Emily Spor Lila Kısa Tayt",Superstacy,https://sportoonline.com/tr/urun/superstacy-emily-spor-lila-kisa-tayt,kopya_aciklama,1217,10,0,0
0,3853,"Emily Spor Pembe Kısa Tayt",Superstacy,https://sportoonline.com/tr/urun/superstacy-emily-spor-pembe-kisa-tayt,kopya_aciklama,1217,10,0,0
0,3854,"Emily Spor Füme Kısa Tayt",Superstacy,https://sportoonline.com/tr/urun/superstacy-emily-spor-fume-kisa-tayt,kopya_aciklama,1217,10,0,0
0,3855,"Emily Spor Siyah Kısa Tayt",Superstacy,https://sportoonline.com/tr/urun/superstacy-emily-spor-siyah-kisa-tayt,kopya_aciklama,1217,10,0,0
0,3856,"Emily Spor Lacivert Kısa Tayt",Superstacy,https://sportoonline.com/tr/urun/superstacy-emily-spor-lacivert-kisa-tayt,kopya_aciklama,1214,3,0,0
0,3857,"Emily Spor Vişne Kısa Tayt",Superstacy,https://sportoonline.com/tr/urun/superstacy-emily-spor-bordo-kisa-tayt,kopya_aciklama,1214,3,0,0
0,3860,"Caro Kadın File Spor Neon Turuncu Şort",Superstacy,https://sportoonline.com/tr/urun/superstacy-caro-kadin-file-spor-neon-turuncu-sort,kopya_aciklama,564,7,0,0
0,3861,"Anna Comfylux Orta Destekli Açık Mor Spor Bra",Superstacy,https://sportoonline.com/tr/urun/superstacy-anna-comfylux-orta-destekli-acik-mor-spor-bra,kopya_aciklama,1026,4,0,0
0,3862,"Anna Comfylux Orta Destekli Füme Spor Bra",Superstacy,https://sportoonline.com/tr/urun/superstacy-anna-comfylux-orta-destekli-fume-spor-bra,kopya_aciklama,1026,4,0,0
0,3864,"Anna Comfylux Orta Destekli Lacivert Spor Bra",Superstacy,https://sportoonline.com/tr/urun/superstacy-anna-comfylux-orta-destekli-lacivert-spor-bra,kopya_aciklama,1026,4,0,0
0,3865,"Anna Comfylux Orta Destekli Siyah Spor Bra",Superstacy,https://sportoonline.com/tr/urun/superstacy-anna-comfylux-orta-destekli-siyah-spor-bra,kopya_aciklama,1026,4,0,0
0,3866,"Peggy Yüksek Bel File Cepli Gül Spor Tayt",Superstacy,https://sportoonline.com/tr/urun/superstacy-peggy-yuksek-bel-file-cepli-gul-spor-tayt,kopya_aciklama,1243,6,0,0
0,3867,"Peggy Yüksek Bel File Cepli Taş Rengi Spor Tayt",Superstacy,https://sportoonline.com/tr/urun/superstacy-peggy-yuksek-bel-file-cepli-tas-rengi-spor-tayt,kopya_aciklama,1243,6,0,0
0,3868,"Peggy Yüksek Bel File Cepli Nar Çiçeği Spor Tayt",Superstacy,https://sportoonline.com/tr/urun/superstacy-peggy-yuksek-bel-file-cepli-nar-cicegi-spor-tayt,kopya_aciklama,1243,6,0,0
0,3869,"Peggy Yüksek Bel File Cepli Füme Spor Tayt",Superstacy,https://sportoonline.com/tr/urun/superstacy-peggy-yuksek-bel-file-cepli-fume-spor-tayt,kopya_aciklama,1243,6,0,0
0,3870,"Peggy Yüksek Bel File Cepli Siyah Spor Tayt",Superstacy,https://sportoonline.com/tr/urun/superstacy-peggy-yuksek-bel-file-cepli-siyah-spor-tayt,kopya_aciklama,1243,6,0,0
0,3871,"Peggy Yüksek Bel File Cepli Vişne Spor Tayt",Superstacy,https://sportoonline.com/tr/urun/superstacy-peggy-yuksek-bel-file-cepli-bordo-spor-tayt,kopya_aciklama,1243,6,0,0
0,3872,"Carmen Yüksek Bel İspanyol Paça Cepli Turkuaz Spor Tayt",Superstacy,https://sportoonline.com/tr/urun/superstacy-carmen-flare-yuksek-bel-cepli-turkuaz-yoga-pantolonu,kopya_aciklama,1306,5,0,0
0,3873,"Carmen Yüksek Bel İspanyol Paça Cepli Şeftali Spor Tayt",Superstacy,https://sportoonline.com/tr/urun/superstacy-carmen-flare-yuksek-bel-cepli-seftali-yoga-pantolonu,kopya_aciklama,1306,5,0,0
0,3874,"Carmen Yüksek Bel İspanyol Paça Cepli Lila Spor Tayt",Superstacy,https://sportoonline.com/tr/urun/superstacy-carmen-flare-yuksek-bel-cepli-lila-yoga-pantolonu,kopya_aciklama,1306,5,0,0
0,3875,"Carmen Yüksek Bel İspanyol Paça Cepli Füme Spor Tayt",Superstacy,https://sportoonline.com/tr/urun/superstacy-carmen-flare-yuksek-bel-cepli-fume-yoga-pantolonu,kopya_aciklama,1306,5,0,0
0,3876,"Carmen Yüksek Bel İspanyol Paça Cepli Siyah Spor Tayt",Superstacy,https://sportoonline.com/tr/urun/superstacy-carmen-flare-yuksek-bel-cepli-siyah-yoga-pantolonu,kopya_aciklama,1306,5,0,0
0,3878,"Nova Paraşüt Gri Spor Pantolon",Superstacy,https://sportoonline.com/tr/urun/superstacy-nova-parasut-gri-spor-pantolon,kopya_aciklama,867,2,0,0
0,3879,"Nova Paraşüt Siyah Spor Pantolon",Superstacy,https://sportoonline.com/tr/urun/superstacy-nova-parasut-siyah-spor-pantolon,kopya_aciklama,867,2,0,0
0,3882,"Serenity Oversize Siyah Tişört",Superstacy,https://sportoonline.com/tr/urun/superstacy-serenity-oversize-siyah-tisort,kopya_aciklama,591,2,0,0
0,3883,"Anna Comfylux Yüksek Bel Biker Açık Mor Spor Tayt",Superstacy,https://sportoonline.com/tr/urun/superstacy-anna-comfylux-yuksek-bel-biker-acik-mor-spor-tayt,kopya_aciklama,1248,3,0,0
0,3884,"Anna Comfylux Yüksek Bel Biker Acı Kahve Spor Tayt",Superstacy,https://sportoonline.com/tr/urun/superstacy-anna-comfylux-yuksek-bel-biker-aci-kahve-spor-tayt,kopya_aciklama,1248,3,0,0
0,3885,"Anna Comfylux Yüksek Bel Biker Füme Spor Tayt",Superstacy,https://sportoonline.com/tr/urun/superstacy-anna-comfylux-yuksek-bel-biker-fume-spor-tayt,kopya_aciklama,1251,2,0,0
0,3886,"Anna Comfylux Yüksek Bel Biker Siyah Spor Tayt",Superstacy,https://sportoonline.com/tr/urun/superstacy-anna-comfylux-yuksek-bel-biker-siyah-spor-tayt,kopya_aciklama,1251,2,0,0
0,3888,"Anna Comfylux Yüksek Bel Biker Lacivert Spor Tayt",Superstacy,https://sportoonline.com/tr/urun/superstacy-anna-comfylux-yuksek-bel-biker-lacivert-spor-tayt,kopya_aciklama,1248,3,0,0
0,3889,"Anna Comfylux Yüksek Bel Açık Mor Spor Tayt",Superstacy,https://sportoonline.com/tr/urun/superstacy-anna-comfylux-yuksek-bel-acik-mor-spor-tayt,kopya_aciklama,1237,5,0,0
0,3890,"Anna Comfylux Yüksek Bel Acı Kahve Spor Tayt",Superstacy,https://sportoonline.com/tr/urun/superstacy-anna-comfylux-yuksek-bel-aci-kahve-spor-tayt,kopya_aciklama,1237,5,0,0
0,3891,"Anna Comfylux Yüksek Bel Füme Spor Tayt",Superstacy,https://sportoonline.com/tr/urun/superstacy-anna-comfylux-yuksek-bel-fume-spor-tayt,kopya_aciklama,1237,5,0,0
0,3892,"Anna Comfylux Yüksek Bel Haki Spor Tayt",Superstacy,https://sportoonline.com/tr/urun/superstacy-anna-comfylux-yuksek-bel-haki-spor-tayt,kopya_aciklama,1237,5,0,0
0,3893,"Anna Comfylux Yüksek Bel Lacivert Spor Tayt",Superstacy,https://sportoonline.com/tr/urun/superstacy-anna-comfylux-yuksek-bel-lacivert-spor-tayt,kopya_aciklama,1237,5,0,0
0,3894,"Lexa Havuç Kesim Kiremit Jogger",Superstacy,https://sportoonline.com/tr/urun/superstacy-lexa-havuc-kesim-kiremit-jogger,kopya_aciklama,986,7,0,0
0,3899,"Yüksek Bel Cepli Beyaz Spor Tayt",Superstacy,https://sportoonline.com/tr/urun/superstacy-yuksek-bel-cepli-beyaz-spor-tayt,kopya_aciklama,1240,6,0,0
0,3900,"Laser Kesim Cepli Siyah Kısa Tayt",Superstacy,https://sportoonline.com/tr/urun/superstacy-laser-kesim-cepli-siyah-kisa-tayt,kopya_aciklama,1239,16,0,0
0,3901,"Laser Kesim Cepli Füme Kısa Tayt",Superstacy,https://sportoonline.com/tr/urun/superstacy-laser-kesim-cepli-fume-kisa-tayt,kopya_aciklama,1239,16,0,0
0,3902,"Yüksek Bel Cepli Siyah Spor Tayt",Superstacy,https://sportoonline.com/tr/urun/superstacy-yuksek-bel-cepli-siyah-spor-tayt,kopya_aciklama,1240,6,0,0
0,3903,"Pamuklu Soket Spor Çorap Siyah",Superstacy,https://sportoonline.com/tr/urun/superstacy-pamuklu-soket-spor-corap-siyah,ince_aciklama,35,0,0,0
0,3910,"Wawel File Detaylı Pembe Bisiklet Şortu",Superstacy,https://sportoonline.com/tr/urun/superstacy-wawel-file-detayli-pembe-bisiklet-sortu,kopya_aciklama,1524,4,0,0
0,3911,"Kate Dikişsiz Toparlayıcı Vizon Spor Tayt",Superstacy,https://sportoonline.com/tr/urun/superstacy-kate-dikissiz-toparlayici-vizon-spor-tayt,kopya_aciklama,3323,2,0,0
0,3912,"Lexa Havuç Kesim Füme Jogger",Superstacy,https://sportoonline.com/tr/urun/superstacy-lexa-havuc-kesim-fume-jogger,kopya_aciklama,986,7,0,0
0,3915,"Lexa Havuç Kesim Krem Jogger",Superstacy,https://sportoonline.com/tr/urun/superstacy-lexa-havuc-kesim-krem-jogger,kopya_aciklama,986,7,0,0
0,3918,"Pamuklu Soket Spor Çorap Nar Çiçeği",Superstacy,https://sportoonline.com/tr/urun/superstacy-pamuklu-soket-spor-corap-nar-cicegi,ince_aciklama,21,0,0,0
0,3919,"Jane Orta Destekli Taş Rengi Spor Büstiyer",Superstacy,https://sportoonline.com/tr/urun/superstacy-jane-orta-destekli-tas-rengi-spor-bustiyer,kopya_aciklama,1284,10,0,0
0,3920,"Wawel File Cep Detaylı Taş Rengi Spor Tayt",Superstacy,https://sportoonline.com/tr/urun/superstacy-wawel-file-cep-detayli-tas-rengi-spor-tayt,kopya_aciklama,1540,6,0,0
0,3921,"Cross Strap Siyah Spor Büstiyer",Superstacy,https://sportoonline.com/tr/urun/superstacy-cross-strap-siyah-spor-bustiyer,kopya_aciklama,842,2,0,0
0,3922,"Yvonne Parlak Parça Detaylı Füme Spor Tayt",Superstacy,https://sportoonline.com/tr/urun/superstacy-yvonne-parlak-parca-detayli-fume-spor-tayt,kopya_aciklama,1473,2,0,0
0,3923,"Jane Orta Destekli Füme Spor Büstiyer",Superstacy,https://sportoonline.com/tr/urun/superstacy-jane-orta-destekli-fume-spor-bustiyer,kopya_aciklama,1284,10,0,0
0,3924,"Polly Kolsuz Fitilli Yeşil Top",Superstacy,https://sportoonline.com/tr/urun/superstacy-polly-kolsuz-fitilli-yesil-top,kopya_aciklama,900,5,0,0
0,3925,"Adele V Bel Detaylı Toparlayıcı Pembe Spor Tayt",Superstacy,https://sportoonline.com/tr/urun/superstacy-adele-v-bel-detayli-toparlayici-pembe-spor-tayt,kopya_aciklama,2358,7,0,0
0,3926,"Popi Yüksek Bel Gül Spor Tayt",Superstacy,https://sportoonline.com/tr/urun/superstacy-yuksek-bel-gul-spor-tayt,kopya_aciklama,1077,5,0,0
0,3927,"Adele V Bel Detaylı Toparlayıcı Siyah  Spor Tayt",Superstacy,https://sportoonline.com/tr/urun/superstacy-adele-v-bel-detayli-toparlayici-siyah-spor-tayt,kopya_aciklama,2358,7,0,0
0,3928,"Laser Kesim Cepli Nar Çiçeği Kısa Tayt",Superstacy,https://sportoonline.com/tr/urun/superstacy-laser-kesim-cepli-nar-cicegi-kisa-tayt,kopya_aciklama,1239,16,0,0
0,3929,"Popi Yüksek Bel Gül Kurusu Spor Tayt",Superstacy,https://sportoonline.com/tr/urun/superstacy-yuksek-bel-gul-kurusu-spor-tayt,kopya_aciklama,1077,5,0,0
0,3932,"Fiona Oversize Cepli Açık Yeşil Hoodie",Superstacy,https://sportoonline.com/tr/urun/superstacy-fiona-oversize-cepli-acik-yesil-hoodie,kopya_aciklama,1026,4,0,0
0,3933,"Fiona Oversize Cepli Füme Hoodie",Superstacy,https://sportoonline.com/tr/urun/superstacy-fiona-oversize-cepli-fume-hoodie,kopya_aciklama,1026,4,0,0
0,3935,"Polly Kolsuz Fitilli Neon Turuncu Top",Superstacy,https://sportoonline.com/tr/urun/superstacy-polly-kolsuz-fitilli-neon-turuncu-top,kopya_aciklama,900,5,0,0
0,3937,"Yvonne Parlak Parça Detaylı Acı Kahve Spor Tayt",Superstacy,https://sportoonline.com/tr/urun/superstacy-yvonne-parlak-parca-detayli-aci-kahve-spor-tayt,kopya_aciklama,1512,2,0,0
0,3938,"Adele V Bel Detaylı Toparlayıcı Açık Yeşil Spor Tayt",Superstacy,https://sportoonline.com/tr/urun/superstacy-adele-v-bel-detayli-toparlayici-acik-yesil-spor-tayt,kopya_aciklama,2358,7,0,0
0,3940,"Adele V Bel Detaylı Toparlayıcı Lacivert  Spor Tayt",Superstacy,https://sportoonline.com/tr/urun/superstacy-adele-v-bel-detayli-toparlayici-lacivert-spor-tayt,kopya_aciklama,2358,7,0,0
0,3944,"Roise Damla Desenli Siyah Spor Bra",Superstacy,https://sportoonline.com/tr/urun/superstacy-roise-damla-desenli-siyah-spor-bra,kopya_aciklama,1064,2,0,0
0,3945,"Yüksek Bel Cepli Açık Yeşil Spor Tayt",Superstacy,https://sportoonline.com/tr/urun/superstacy-yuksek-bel-cepli-acik-yesil-spor-tayt,kopya_aciklama,1240,6,0,0
0,3946,"Jane Orta Destekli Pembe Spor Büstiyer",Superstacy,https://sportoonline.com/tr/urun/superstacy-jane-orta-destekli-pembe-spor-bustiyer,kopya_aciklama,1284,10,0,0
0,3947,"Jane Orta Destekli Lacivert Spor Büstiyer",Superstacy,https://sportoonline.com/tr/urun/superstacy-jane-orta-destekli-lacivert-spor-bustiyer,kopya_aciklama,1284,10,0,0
0,3948,"Jane Orta Destekli Acı Kahve Spor Büstiyer",Superstacy,https://sportoonline.com/tr/urun/superstacy-jane-orta-destekli-aci-kahve-spor-bustiyer,kopya_aciklama,1284,10,0,0
0,3949,"Cross Strap Vişne Spor Büstiyer",Superstacy,https://sportoonline.com/tr/urun/superstacy-cross-strap-bordo-spor-bustiyer,kopya_aciklama,842,2,0,0
0,3950,"Popi Yüksek Bel Bordo Spor Tayt",Superstacy,https://sportoonline.com/tr/urun/superstacy-yuksek-bel-bordo-spor-tayt-1,kopya_aciklama,1077,5,0,0
0,3951,"Jane Orta Destekli Gül Kurusu Spor Büstiyer",Superstacy,https://sportoonline.com/tr/urun/superstacy-jane-orta-destekli-gul-kurusu-spor-bustiyer,kopya_aciklama,1284,10,0,0
0,3953,"Ena Oversize Kiremit Crop Sweatshirt",Superstacy,https://sportoonline.com/tr/urun/superstacy-ena-oversize-kiremit-crop-sweatshirt,kopya_aciklama,1023,6,0,0
0,3954,"Ena Oversize Füme Crop Sweatshirt",Superstacy,https://sportoonline.com/tr/urun/superstacy-ena-oversize-fume-crop-sweatshirt,kopya_aciklama,1023,6,0,0
0,3956,"Lexa Havuç Kesim Koyu Gül Jogger",Superstacy,https://sportoonline.com/tr/urun/superstacy-lexa-havuc-kesim-koyu-gul-jogger,kopya_aciklama,986,7,0,0
0,3958,"Jane Orta Destekli Siyah Spor Büstiyer",Superstacy,https://sportoonline.com/tr/urun/superstacy-jane-orta-destekli-siyah-spor-bustiyer,kopya_aciklama,1284,10,0,0
0,3959,"Kısa Kol Spor Vişne Crop Top",Superstacy,https://sportoonline.com/tr/urun/superstacy-kisa-kol-spor-bordo-crop-top,kopya_aciklama,783,8,0,0
0,3960,"Square Neck Siyah Spor Büstiyer",Superstacy,https://sportoonline.com/tr/urun/superstacy-square-neck-siyah-spor-bustiyer,kopya_aciklama,843,2,0,0
0,3963,"Fiona Oversize Cepli Koyu Gül Hoodie",Superstacy,https://sportoonline.com/tr/urun/superstacy-fiona-oversize-cepli-koyu-gul-hoodie,kopya_aciklama,1026,4,0,0
0,3964,"Lily Oversize Krem Crop Tişört",Superstacy,https://sportoonline.com/tr/urun/superstacy-lily-oversize-krem-crop-tisort,kopya_aciklama,2079,4,0,0
0,3965,"Lily Oversize Koyu Gül Crop Tişört",Superstacy,https://sportoonline.com/tr/urun/superstacy-lily-oversize-koyu-gul-crop-tisort,kopya_aciklama,2079,4,0,0
0,3966,"Lily Oversize Gri Crop Tişört",Superstacy,https://sportoonline.com/tr/urun/superstacy-lily-oversize-gri-crop-tisort,kopya_aciklama,2079,4,0,0
0,3967,"Jane Orta Destekli Petrol Spor Büstiyer",Superstacy,https://sportoonline.com/tr/urun/superstacy-jane-orta-destekli-petrol-spor-bustiyer,kopya_aciklama,1284,10,0,0
0,3968,"Jane Orta Destekli Haki Spor Büstiyer",Superstacy,https://sportoonline.com/tr/urun/superstacy-jane-orta-destekli-haki-spor-bustiyer,kopya_aciklama,1284,10,0,0
0,3969,"Polly Kolsuz Fitilli Siyah Top",Superstacy,https://sportoonline.com/tr/urun/superstacy-polly-kolsuz-fitilli-siyah-top,kopya_aciklama,900,5,0,0
0,3973,"Popi Yüksek Bel  Somon Spor Tayt",Superstacy,https://sportoonline.com/tr/urun/superstacy-yuksek-bel-somon-spor-tayt,kopya_aciklama,1077,5,0,0
0,3974,"Popi Yüksek Bel Vizon Spor Tayt",Superstacy,https://sportoonline.com/tr/urun/superstacy-yuksek-bel-vizon-spor-tayt,kopya_aciklama,1077,5,0,0
0,3975,"Dizüstü Cepli Mavi Sport Tayt",Superstacy,https://sportoonline.com/tr/urun/superstacy-dizustu-cepli-mavi-sport-tayt,kopya_aciklama,1239,16,0,0
0,3976,"Dizüstü Cepli Somon Sport Tayt",Superstacy,https://sportoonline.com/tr/urun/superstacy-dizustu-cepli-somon-sport-tayt,kopya_aciklama,1239,16,0,0
0,3977,"Yüksek Bel Cepli Şeftali Spor Tayt",Superstacy,https://sportoonline.com/tr/urun/superstacy-yuksek-bel-cepli-seftali-spor-tayt,kopya_aciklama,1240,6,0,0
0,3978,"Dizüstü Cepli Vişne Spor Tayt",Superstacy,https://sportoonline.com/tr/urun/superstacy-dizustu-cepli-bordo-spor-tayt,kopya_aciklama,1239,16,0,0
0,3981,"Square Neck Şeftali Spor Büstiyer",Superstacy,https://sportoonline.com/tr/urun/superstacy-square-neck-seftali-spor-bustiyer,kopya_aciklama,843,2,0,0
0,3982,"Lexa Havuç Kesim Siyah Jogger",Superstacy,https://sportoonline.com/tr/urun/superstacy-lexa-havuc-kesim-siyah-jogger,kopya_aciklama,986,7,0,0
0,3984,"Dizüstü Cepli Vizon Spor Tayt",Superstacy,https://sportoonline.com/tr/urun/superstacy-dizustu-cepli-vizon-spor-tayt,kopya_aciklama,1239,16,0,0
0,3985,"Dizüstü Cepli Açık Yeşil Sport Tayt",Superstacy,https://sportoonline.com/tr/urun/superstacy-dizustu-cepli-acik-yesil-sport-tayt,kopya_aciklama,1239,16,0,0
0,3986,"Dizüstü Cepli Turkuaz Sport Tayt",Superstacy,https://sportoonline.com/tr/urun/superstacy-dizustu-cepli-turkuaz-sport-tayt,kopya_aciklama,1239,16,0,0
0,3987,"Dizüstü Cepli Şeftali Sport Tayt",Superstacy,https://sportoonline.com/tr/urun/superstacy-dizustu-cepli-seftali-sport-tayt,kopya_aciklama,1239,16,0,0
0,3988,"Dizüstü Cepli Pembe Sport Tayt",Superstacy,https://sportoonline.com/tr/urun/superstacy-dizustu-cepli-pembe-sport-tayt,kopya_aciklama,1239,16,0,0
0,3990,"Dizüstü Cepli Füme Sport Tayt",Superstacy,https://sportoonline.com/tr/urun/superstacy-dizustu-cepli-fume-sport-tayt,kopya_aciklama,1239,16,0,0
0,3991,"Dizüstü Cepli Bordo Sport Tayt",Superstacy,https://sportoonline.com/tr/urun/superstacy-dizustu-cepli-kirmizi-sport-tayt,kopya_aciklama,1239,16,0,0
0,3992,"Dizüstü Cepli Mürdüm Spor Tayt",Superstacy,https://sportoonline.com/tr/urun/superstacy-dizustu-cepli-murdum-spor-tayt,kopya_aciklama,1239,16,0,0
0,3993,"Lisa Oversize Krem Crop Hoodie",Superstacy,https://sportoonline.com/tr/urun/superstacy-lisa-oversize-krem-crop-hoodie,kopya_aciklama,999,6,0,0
0,3994,"Yvonne Parlak Parça Detaylı Taş Rengi Spor Tayt",Superstacy,https://sportoonline.com/tr/urun/superstacy-yvonne-parlak-parca-detayli-tas-rengi-spor-tayt,kopya_aciklama,1512,2,0,0
0,3996,"Jane Orta Destekli Mürdüm Spor Büstiyer",Superstacy,https://sportoonline.com/tr/urun/superstacy-jane-orta-destekli-murdum-spor-bustiyer,kopya_aciklama,1284,10,0,0
0,3997,"Lexa Havuç Kesim Gri Jogger",Superstacy,https://sportoonline.com/tr/urun/superstacy-lexa-havuc-kesim-gri-jogger,kopya_aciklama,986,7,0,0
0,3999,"Kadın Kahverengi Sweatshırt",Superstacy,https://sportoonline.com/tr/urun/superstacy-kadin-kahverengi-sweatshirt,ince_aciklama,42,0,0,0
0,4000,"Kadın Somon Sweatshırt",Superstacy,https://sportoonline.com/tr/urun/superstacy-kadin-somon-sweatshirt,ince_aciklama,42,0,0,0
0,4004,"Laser Kesim Şeftali Kısa Tayt",Superstacy,https://sportoonline.com/tr/urun/superstacy-laser-kesim-seftali-kisa-tayt,kopya_aciklama,1239,16,0,0
0,4005,"Adele V Bel Detaylı Toparlayıcı Lila Spor Tayt",Superstacy,https://sportoonline.com/tr/urun/superstacy-adele-v-bel-detayli-toparlayici-lila-spor-tayt,kopya_aciklama,2358,7,0,0
0,4006,"Cross Strap Lila Spor Büstiyer",Superstacy,https://sportoonline.com/tr/urun/superstacy-cross-strap-lila-spor-bustiyer,kopya_aciklama,843,2,0,0
0,4008,"Kısa Kol Spor Petrol Crop Top",Superstacy,https://sportoonline.com/tr/urun/superstacy-kisa-kol-spor-petrol-crop-top,kopya_aciklama,783,8,0,0
0,4009,"Kısa Kol Spor Gül Kurusu Crop Top",Superstacy,https://sportoonline.com/tr/urun/superstacy-kisa-kol-spor-gul-kurusu-crop-top,kopya_aciklama,783,8,0,0
0,4010,"Kısa Kol Spor Haki Crop Top",Superstacy,https://sportoonline.com/tr/urun/superstacy-kisa-kol-spor-haki-crop-top,kopya_aciklama,783,8,0,0
0,4012,"Wawel File Cep Detaylı Açık Yeşil Spor Tayt",Superstacy,https://sportoonline.com/tr/urun/superstacy-wawel-file-cep-detayli-acik-yesil-spor-tayt,kopya_aciklama,1540,6,0,0
0,4013,"Alice Kapüşonlu Kısa Kollu Kiremit Crop Sweatshirt",Superstacy,https://sportoonline.com/tr/urun/superstacy-alice-kapusonlu-kisa-kollu-kiremit-crop-sweatshirt,kopya_aciklama,1034,7,0,0
0,4014,"Alice Kapüşonlu Kısa Kollu Füme Crop Sweatshirt",Superstacy,https://sportoonline.com/tr/urun/superstacy-alice-kapusonlu-kisa-kollu-fume-crop-sweatshirt,kopya_aciklama,1034,7,0,0
0,4015,"Alice Kapüşonlu Kısa Kollu Siyah Crop Sweatshirt",Superstacy,https://sportoonline.com/tr/urun/superstacy-alice-kapusonlu-kisa-kollu-siyah-crop-sweatshirt,kopya_aciklama,1034,7,0,0
0,4016,"Alice Kapüşonlu Kısa Kollu Gri Crop Sweatshirt",Superstacy,https://sportoonline.com/tr/urun/superstacy-alice-kapusonlu-kisa-kollu-gri-crop-sweatshirt,kopya_aciklama,1034,7,0,0
0,4017,"Yvonne Parlak Parça Detaylı Nar Çiçeği Spor Tayt",Superstacy,https://sportoonline.com/tr/urun/superstacy-yvonne-parlak-parca-detayli-nar-cicegi-spor-tayt,kopya_aciklama,1473,2,0,0
0,4018,"Yüksek Bel Cepli Mavi Spor Tayt",Superstacy,https://sportoonline.com/tr/urun/superstacy-yuksek-bel-cepli-mavi-spor-tayt,kopya_aciklama,1240,6,0,0
0,4024,"Jogger Kahverengi Eşofman Altı",Superstacy,https://sportoonline.com/tr/urun/superstacy-jogger-kahverengi-esofman-alti,kopya_aciklama,226,10,0,0
0,4025,"Kısa Kol Spor Şeftali Crop Top",Superstacy,https://sportoonline.com/tr/urun/superstacy-kisa-kol-spor-seftali-crop-top,kopya_aciklama,783,8,0,0
0,4026,"Laser Kesim Cepli Petrol Kısa Tayt",Superstacy,https://sportoonline.com/tr/urun/superstacy-laser-kesim-cepli-petrol-kisa-tayt,kopya_aciklama,1239,16,0,0
0,4027,"Jogger Somon Eşofman Altı",Superstacy,https://sportoonline.com/tr/urun/superstacy-jogger-somon-esofman-alti,kopya_aciklama,226,10,0,0
0,4028,"Jogger Lila Eşofman Altı",Superstacy,https://sportoonline.com/tr/urun/superstacy-jogger-lila-esofman-alti,kopya_aciklama,226,10,0,0
0,4029,"Kısa Kol Spor Lila Crop Top",Superstacy,https://sportoonline.com/tr/urun/superstacy-kisa-kol-spor-lila-crop-top,kopya_aciklama,783,8,0,0
0,4031,"Lille Füme Kısa Spor Tayt",Superstacy,https://sportoonline.com/tr/urun/superstacy-lille-fume-kisa-spor-tayt,kopya_aciklama,643,6,0,0
0,4032,"Lille Acı Kahve Kısa Spor Tayt",Superstacy,https://sportoonline.com/tr/urun/superstacy-lille-aci-kahve-kisa-spor-tayt,kopya_aciklama,643,6,0,0
0,4033,"Lille Nar Çiçeği Kısa Spor Tayt",Superstacy,https://sportoonline.com/tr/urun/superstacy-lille-nar-cicegi-kisa-spor-tayt,kopya_aciklama,643,6,0,0
0,4035,"Khaite Kamuflaj Siyah Spor Bra",Superstacy,https://sportoonline.com/tr/urun/superstacy-khaite-kamuflaj-siyah-spor-bra,kopya_aciklama,1071,2,0,0
0,4037,"Adele V Bel Detaylı Toparlayıcı Acı Kahve Spor Tayt",Superstacy,https://sportoonline.com/tr/urun/superstacy-adele-v-bel-detayli-toparlayici-aci-kahve-spor-tayt,kopya_aciklama,2358,7,0,0
0,4039,"Yvonne Parlak Parça Detaylı Açık Yeşil Spor Tayt",Superstacy,https://sportoonline.com/tr/urun/superstacy-yvonne-parlak-parca-detayli-acik-yesil-spor-tayt,kopya_aciklama,1509,3,0,0
0,4040,"Yvonne Parlak Parça Detaylı Şeftali Spor Tayt",Superstacy,https://sportoonline.com/tr/urun/superstacy-yvonne-parlak-parca-detayli-seftali-spor-tayt,kopya_aciklama,1509,3,0,0
0,4042,"Kate Dikişsiz Toparlayıcı Füme Spor Tayt",Superstacy,https://sportoonline.com/tr/urun/superstacy-kate-dikissiz-toparlayici-fume-spor-tayt,kopya_aciklama,3323,2,0,0
0,4043,"Polly Kolsuz Fitilli Koyu Gül Top",Superstacy,https://sportoonline.com/tr/urun/superstacy-polly-kolsuz-fitilli-koyu-gul-top,kopya_aciklama,900,5,0,0
0,4044,"Polly Kolsuz Fitilli Kiremit Top",Superstacy,https://sportoonline.com/tr/urun/superstacy-polly-kolsuz-fitilli-kiremit-top,kopya_aciklama,900,5,0,0
0,4045,"Adele V Bel Detaylı Toparlayıcı Taş Rengi Spor Tayt",Superstacy,https://sportoonline.com/tr/urun/superstacy-adele-v-bel-detayli-toparlayici-tas-rengi-spor-tayt,kopya_aciklama,2358,7,0,0
0,4047,"Wawel File Detaylı Taş Rengi Bisiklet Şortu",Superstacy,https://sportoonline.com/tr/urun/superstacy-wawel-file-detayli-tas-rengi-bisiklet-sortu,kopya_aciklama,1524,4,0,0
0,4048,"Wawel File Detaylı Kiremit Bisiklet Şortu",Superstacy,https://sportoonline.com/tr/urun/superstacy-wawel-file-detayli-kiremit-bisiklet-sortu,kopya_aciklama,1524,4,0,0
0,4051,"Wawel File Detaylı Siyah Bisiklet Şortu",Superstacy,https://sportoonline.com/tr/urun/superstacy-wawel-file-detayli-siyah-bisiklet-sortu,kopya_aciklama,1524,4,0,0
0,4052,"Alice Kapüşonlu Kısa Kollu Krem Crop Sweatshirt",Superstacy,https://sportoonline.com/tr/urun/superstacy-alice-kapusonlu-kisa-kollu-krem-crop-sweatshirt,kopya_aciklama,1034,7,0,0
0,4053,"Alice Kapüşonlu Kısa Kollu Koyu Gül Crop Sweatshirt",Superstacy,https://sportoonline.com/tr/urun/superstacy-alice-kapusonlu-kisa-kollu-koyu-gul-crop-sweatshirt,kopya_aciklama,1034,7,0,0
0,4054,"Wawel File Cep Detaylı Siyah Spor Tayt",Superstacy,https://sportoonline.com/tr/urun/superstacy-wawel-file-cep-detayli-siyah-spor-tayt,kopya_aciklama,1540,6,0,0
0,4055,"Wawel File Cep Detaylı Pembe Spor Tayt",Superstacy,https://sportoonline.com/tr/urun/superstacy-wawel-file-cep-detayli-pembe-spor-tayt,kopya_aciklama,1540,6,0,0
0,4056,"Lily Oversize Mavi Crop Tişört",Superstacy,https://sportoonline.com/tr/urun/superstacy-lily-oversize-mavi-crop-tisort,kopya_aciklama,2079,4,0,0
0,4058,"Ena Oversize Koyu Gül Crop Sweatshirt",Superstacy,https://sportoonline.com/tr/urun/superstacy-ena-oversize-koyu-gul-crop-sweatshirt,kopya_aciklama,1023,6,0,0
0,4059,"Ena Oversize Açık Yeşil Crop Sweatshirt",Superstacy,https://sportoonline.com/tr/urun/superstacy-ena-oversize-acik-yesil-crop-sweatshirt,kopya_aciklama,1023,6,0,0
0,4060,"Ena Oversize Krem Crop Sweatshirt",Superstacy,https://sportoonline.com/tr/urun/superstacy-ena-oversize-krem-crop-sweatshirt,kopya_aciklama,1023,6,0,0
0,4061,"Ena Oversize Siyah Crop Sweatshirt",Superstacy,https://sportoonline.com/tr/urun/superstacy-ena-oversize-siyah-crop-sweatshirt,kopya_aciklama,1023,6,0,0
0,4062,"Lisa Oversize Açık Yeşil Crop Hoodie",Superstacy,https://sportoonline.com/tr/urun/superstacy-lisa-oversize-acik-yesil-crop-hoodie,kopya_aciklama,999,6,0,0
0,4063,"Lisa Oversize Kiremit Crop Hoodie",Superstacy,https://sportoonline.com/tr/urun/superstacy-lisa-oversize-kiremit-crop-hoodie,kopya_aciklama,999,6,0,0
0,4064,"Lisa Oversize Koyu Gül Crop Hoodie",Superstacy,https://sportoonline.com/tr/urun/superstacy-lisa-oversize-koyu-gul-crop-hoodie,kopya_aciklama,999,6,0,0
0,4065,"Lisa Oversize Füme Crop Hoodie",Superstacy,https://sportoonline.com/tr/urun/superstacy-lisa-oversize-fume-crop-hoodie,kopya_aciklama,999,6,0,0
0,4066,"Lexa Havuç Kesim Açık Yeşil Jogger",Superstacy,https://sportoonline.com/tr/urun/superstacy-lexa-havuc-kesim-acik-yesil-jogger,kopya_aciklama,986,7,0,0
0,4067,"Lisa Oversize Siyah Crop Hoodie",Superstacy,https://sportoonline.com/tr/urun/superstacy-lisa-oversize-siyah-crop-hoodie,kopya_aciklama,999,6,0,0
0,4068,"Caro Kadın File Spor Açık Yeşil Şort",Superstacy,https://sportoonline.com/tr/urun/superstacy-caro-kadin-file-spor-acik-yesil-sort,kopya_aciklama,564,7,0,0
0,4069,"Caro Kadın File Spor Krem Şort",Superstacy,https://sportoonline.com/tr/urun/superstacy-caro-kadin-file-spor-krem-sort,kopya_aciklama,564,7,0,0
0,4070,"Caro Kadın File Spor Gri Şort",Superstacy,https://sportoonline.com/tr/urun/superstacy-caro-kadin-file-spor-gri-sort,kopya_aciklama,564,7,0,0
0,4071,"V Bel Detaylı Yüksel Bel Kiremit Spor Tayt",Superstacy,https://sportoonline.com/tr/urun/superstacy-v-bel-detayli-yuksel-bel-kiremit-spor-tayt,kopya_aciklama,1293,2,0,0
0,4072,"Caro Kadın File Spor Siyah Şort",Superstacy,https://sportoonline.com/tr/urun/superstacy-caro-kadin-file-spor-siyah-sort,kopya_aciklama,564,7,0,0
0,4073,"Alice Kapüşonlu Kısa Kollu Açık Yeşil Crop Sweatshirt",Superstacy,https://sportoonline.com/tr/urun/superstacy-alice-kapusonlu-kisa-kollu-acik-yesil-crop-sweatshirt,kopya_aciklama,1034,7,0,0
0,4074,"Cross Strap Haki Spor Büstiyer",Superstacy,https://sportoonline.com/tr/urun/superstacy-cross-strap-haki-spor-bustiyer,kopya_aciklama,843,2,0,0
0,4075,"Khaite Kamuflaj Füme Spor Bra",Superstacy,https://sportoonline.com/tr/urun/superstacy-khaite-kamuflaj-fume-spor-bra,kopya_aciklama,1071,2,0,0
0,4076,"Roise Damla Desenli Füme Spor Bra",Superstacy,https://sportoonline.com/tr/urun/superstacy-roise-damla-desenli-fume-spor-bra,kopya_aciklama,1064,2,0,0
0,4077,"Kısa Kol Spor Mürdüm Crop Top",Superstacy,https://sportoonline.com/tr/urun/superstacy-kisa-kol-spor-murdum-crop-top,kopya_aciklama,783,8,0,0
0,4079,"Jogger Krem Eşofman Altı",Superstacy,https://sportoonline.com/tr/urun/superstacy-jogger-krem-esofman-alti,kopya_aciklama,226,10,0,0
0,4081,"Jogger Mint Eşofman Altı",Superstacy,https://sportoonline.com/tr/urun/superstacy-jogger-mint-esofman-alti,kopya_aciklama,226,10,0,0
0,4082,"June Siyah Spor Şort",Superstacy,https://sportoonline.com/tr/urun/superstacy-june-siyah-spor-sort,kopya_aciklama,480,4,0,0
0,4083,"June Gül Kurusu Spor Şort",Superstacy,https://sportoonline.com/tr/urun/superstacy-june-gul-kurusu-spor-sort,kopya_aciklama,480,4,0,0
0,4084,"Fiona Oversize Cepli Siyah Hoodie",Superstacy,https://sportoonline.com/tr/urun/superstacy-fiona-oversize-cepli-siyah-hoodie,kopya_aciklama,1026,4,0,0
0,4086,"Jogger Vizon Melanj Eşofman Altı",Superstacy,https://sportoonline.com/tr/urun/superstacy-jogger-vizon-melanj-esofman-alti,kopya_aciklama,226,10,0,0
0,4087,"Jogger Gri Melanj Eşofman Altı",Superstacy,https://sportoonline.com/tr/urun/superstacy-jogger-gri-melanj-esofman-alti,kopya_aciklama,226,10,0,0
0,4088,"Jogger Somon Melanj Eşofman Altı",Superstacy,https://sportoonline.com/tr/urun/superstacy-jogger-somon-melanj-esofman-alti,kopya_aciklama,226,10,0,0
0,4090,"June Krem Spor Şort",Superstacy,https://sportoonline.com/tr/urun/superstacy-june-krem-spor-sort,kopya_aciklama,480,4,0,0
0,4091,"June Kahve Rengi Spor Şort",Superstacy,https://sportoonline.com/tr/urun/superstacy-june-kahve-rengi-spor-sort,kopya_aciklama,480,4,0,0
0,4092,"Jogger Gül Kurusu Eşofman Altı",Superstacy,https://sportoonline.com/tr/urun/superstacy-jogger-gul-kurusu-esofman-alti,kopya_aciklama,226,10,0,0
0,4093,"Caro Kadın File Spor Neon Pembe Şort",Superstacy,https://sportoonline.com/tr/urun/superstacy-caro-kadin-file-spor-neon-pembe-sort,kopya_aciklama,564,7,0,0
0,4094,"Caro Kadın File Spor Koyu Gül Şort",Superstacy,https://sportoonline.com/tr/urun/superstacy-caro-kadin-file-spor-koyu-gul-sort,kopya_aciklama,564,7,0,0
0,4095,"Wawel File Cep Detaylı Kiremit Spor Tayt",Superstacy,https://sportoonline.com/tr/urun/superstacy-wawel-file-cep-detayli-kiremit-spor-tayt,kopya_aciklama,1540,6,0,0
0,4096,"Wawel File Cep Detaylı Petrol Spor Tayt",Superstacy,https://sportoonline.com/tr/urun/superstacy-wawel-file-cep-detayli-petrol-spor-tayt,kopya_aciklama,1540,6,0,0
0,4099,"Roise Damla Desenli Toparlayıcı Açık Yeşil Spor Tayt",Superstacy,https://sportoonline.com/tr/urun/superstacy-roise-damla-desenli-toparlayici-acik-yesil-spor-tayt,kopya_aciklama,1272,2,0,0
0,4100,"Roise Damla Desenli Toparlayıcı Füme Spor Tayt",Superstacy,https://sportoonline.com/tr/urun/superstacy-roise-damla-desenli-toparlayici-fume-spor-tayt,kopya_aciklama,1272,2,0,0
0,4102,"Yvonne Parlak Parça Detaylı Gül Spor Tayt",Superstacy,https://sportoonline.com/tr/urun/superstacy-yvonne-parlak-parca-detayli-gul-spor-tayt,kopya_aciklama,1509,3,0,0
0,4104,"Lille Siyah Kısa Spor Tayt",Superstacy,https://sportoonline.com/tr/urun/superstacy-lille-siyah-kisa-spor-tayt,kopya_aciklama,643,6,0,0
0,4111,"Lille Gül Kısa Spor Tayt",Superstacy,https://sportoonline.com/tr/urun/superstacy-lille-gul-kisa-spor-tayt,kopya_aciklama,643,6,0,0
0,4112,"Lille Açık Yeşil Kısa Spor Tayt",Superstacy,https://sportoonline.com/tr/urun/superstacy-lille-acik-yesil-kisa-spor-tayt,kopya_aciklama,643,6,0,0
0,4159,Creatine,Yeşilmarka,https://sportoonline.com/tr/urun/creatine,ince_aciklama,110,0,0,0
0,4246,"L-Karnitin Yeşil Çay Krom",Herbinatura,https://sportoonline.com/tr/urun/l-karnitin-yesil-cay,ince_aciklama,26,0,0,0
0,4247,"Dulavrat Otu Ekstresi",Herbinatura,https://sportoonline.com/tr/urun/dulavrat-otu-ekstresi,ince_aciklama,26,0,0,0
0,4248,Spirulina,Herbinatura,https://sportoonline.com/tr/urun/spirulina,ince_aciklama,26,0,0,0
0,4249,"Turna Yemişi",Herbinatura,https://sportoonline.com/tr/urun/turna-yemisi,ince_aciklama,26,0,0,0
0,4250,"Lutein Astaxanthin",Herbinatura,https://sportoonline.com/tr/urun/lutein-astaxanthin,ince_aciklama,26,0,0,0
0,4251,"Kolin Milk Thistle Enginar Taraxacum",Herbinatura,https://sportoonline.com/tr/urun/kolin-milk-thistle-enginar-taraxacum,ince_aciklama,26,0,0,0
0,4252,"Ginkgo Biloba",Herbinatura,https://sportoonline.com/tr/urun/ginkgo-biloba,ince_aciklama,26,0,0,0
0,4253,"1001 - 1002 Baharat Öğütücü Bıçağı",Musullu,https://sportoonline.com/tr/urun/1001---1002-baharat-ogutucu-bicagi,ince_aciklama,51,0,0,0
0,4254,"1001 - 1002 Baharat Öğütücü Şeffaf Kapağı",Musullu,https://sportoonline.com/tr/urun/1001---1002-baharat-ogutucu-seffaf-kapagi,ince_aciklama,62,0,0,0
0,4255,"1003-1004 Baharat Öğütücü Alt Sürücüsü",Musullu,https://sportoonline.com/tr/urun/1003-1004-baharat-ogutucu-alt-surucusu,ince_aciklama,44,0,0,0
0,4256,"1003-1004 Baharat Öğütücü Bıçağı",Musullu,https://sportoonline.com/tr/urun/1003-1004-baharat-ogutucu-bicagi,ince_aciklama,48,0,0,0
0,4257,"1003-1004 Baharat Öğütücü Haznesi",Musullu,https://sportoonline.com/tr/urun/1003-1004-baharat-ogutucu-haznesi,ince_aciklama,55,0,0,0
0,4258,"1003-1004 Baharat Öğütücü Üst Sürücüsü",Musullu,https://sportoonline.com/tr/urun/1003-1004-baharat-ogutucu-ust-surucusu,ince_aciklama,60,0,0,0
0,4259,"1003-1004 Baharat Öğütücü Şeffaf Kapağı",Musullu,https://sportoonline.com/tr/urun/1003-1004-baharat-ogutucu-seffaf-kapagi,ince_aciklama,62,0,0,0
0,4260,"180 mm Erişte makinesi motoru",Musullu,https://sportoonline.com/tr/urun/180-mm-eriste-makinesi-motoru,ince_aciklama,42,0,0,0
0,4302,"Musullu 1300W / 1500W Et Kıyma Makinesi 3 Numara Kesme Bıçağı Panasonic National",Musullu,https://sportoonline.com/tr/urun/musullu-1300w---1500w-et-kiyma-makinesi-3-numara-kesme-bicagi-panasonic-national,ince_aciklama,58,0,0,0
0,4303,"Musullu 1300W / 1500W Et Kıyma Makinesi 3 Numara Orta Süzgeç Panasonic National",Musullu,https://sportoonline.com/tr/urun/musullu-1300w---1500w-et-kiyma-makinesi-3-numara-orta-suzgec-panasonic-national,ince_aciklama+aciklama_ad_ile_ayni,79,0,0,0
0,4304,"Musullu 1300W / 1500W Et Kıyma Makinesi 3 Numara İnce Süzgeç Panasonic National",Musullu,https://sportoonline.com/tr/urun/musullu-1300w---1500w-et-kiyma-makinesi-3-numara-ince-suzgec-panasonic-national,ince_aciklama,58,0,0,0
0,4305,"Musullu 1300W / 1500W Et Kıyma Makinesi Döner Şaft Panasonic National",Musullu,https://sportoonline.com/tr/urun/musullu-1300w---1500w-et-kiyma-makinesi-doner-saft-panasonic-national,ince_aciklama,60,0,0,0
0,4306,"Musullu 1300W / 1500W Et Kıyma Makinesi Gıda İtici Panasonic National",Musullu,https://sportoonline.com/tr/urun/musullu-1300w---1500w-et-kiyma-makinesi-gida-itici-panasonic-national,ince_aciklama,57,0,0,0
0,4307,"Musullu 1300W / 1500W Et Kıyma Makinesi Oruk Aparatı Panasonic National",Musullu,https://sportoonline.com/tr/urun/musullu-1300w---1500w-et-kiyma-makinesi-oruk-aparati-panasonic-national,ince_aciklama,52,0,0,0
0,4308,"Musullu 1300W / 1500W Et Kıyma Makinesi Sucuk Sosis Aparatı Takımı Panasonic National",Musullu,https://sportoonline.com/tr/urun/musullu-1300w---1500w-et-kiyma-makinesi-sucuk-sosis-aparati-takimi-panasonic-national,ince_aciklama,73,0,0,0
0,4309,"Musullu 1300W / 1500W Et Kıyma Makinesi Ön Kapak Panasonic National",Musullu,https://sportoonline.com/tr/urun/musullu-1300w---1500w-et-kiyma-makinesi-on-kapak-panasonic-national,ince_aciklama,55,0,0,0
0,4314,"Musullu 1600w MT-G1600M Süper Turbo Et Kıyma Makinesi, Rende Başlıkları",Musullu,https://sportoonline.com/tr/urun/musullu-1600w-mt-g1600m-super-turbo-et-kiyma-makinesi,aciklama_yok,0,0,0,0
0,4315,"Musullu 1600w/1300w uyumlu Et Kıyma Makinesi Rende Aparatı",Musullu,https://sportoonline.com/tr/urun/musullu-1600w-1300w-et-kiyma-makinesi-rende-aparati,ince_aciklama,71,0,0,0
0,4317,"Musullu 1800W Et Kıyma Makinesi 5 Numara Kalın Süzgeç Panasonic National",Musullu,https://sportoonline.com/tr/urun/musullu-1800w-et-kiyma-makinesi-5-numara-kalin-suzgec-panasonic-national,ince_aciklama,44,0,0,0
0,4318,"Musullu 1800W Et Kıyma Makinesi 5 numara Orta Süzgeç Panasonic National",Musullu,https://sportoonline.com/tr/urun/musullu-1800w-et-kiyma-makinesi-5-numara-orta-suzgec-panasonic-national,ince_aciklama,51,0,0,0
0,4319,"Musullu 1800W Et Kıyma Makinesi 5 numara İnce Süzgeç Panasonic National",Musullu,https://sportoonline.com/tr/urun/musullu-1800w-et-kiyma-makinesi-5-numara-ince-suzgec-panasonic-national,ince_aciklama,46,0,0,0
0,4320,"Musullu 1800W Et Kıyma Makinesi Domates ve Biber Çekme Aparatı",Musullu,https://sportoonline.com/tr/urun/musullu-1800w-et-kiyma-makinesi-domates-ve-biber-cekme-aparati,ince_aciklama,106,0,0,0
0,4321,"Musullu 1800W Et Kıyma Makinesi Döner Şaftı Panasonic National",Musullu,https://sportoonline.com/tr/urun/musullu-1800w-et-kiyma-makinesi-doner-safti-panasonic-national,ince_aciklama+aciklama_ad_ile_ayni,62,0,0,0
0,4322,"Musullu 1800W Et Kıyma Makinesi Kafa Aparatı Panasonic National",Musullu,https://sportoonline.com/tr/urun/musullu-1800w-et-kiyma-makinesi-kafa-aparati-panasonic-national,ince_aciklama,60,0,0,0
0,4323,"Musullu 1800W Et Kıyma Makinesi Ön Kapağı Panasonic National",Musullu,https://sportoonline.com/tr/urun/musullu-1800w-et-kiyma-makinesi-on-kapagi-panasonic-national,ince_aciklama,49,0,0,0
0,4325,"Musullu 1800W Sucuk Sosis Aparatı Et Kıyma Makinesi Panasonic National",Musullu,https://sportoonline.com/tr/urun/musullu-1800w-sucuk-sosis-aparati-et-kiyma-makinesi-panasonic-national,ince_aciklama,51,0,0,0
0,4328,"Musullu 1800w/2400w/2700w/3500w Uyumlu Et Kıyma Makinesi Rende Aparatı",Musullu,https://sportoonline.com/tr/urun/musullu-1800w-2400w-2700w-3500w-uyumlu-et-kiyma-makinesi-rende-aparati,ince_aciklama,83,0,0,0
0,4331,"Musullu 2700W Et Kıyma Makinesi 7 Numara Kalın Süzgeç",Musullu,https://sportoonline.com/tr/urun/musullu-2700w-et-kiyma-makinesi-7-numara-kalin-suzgec,ince_aciklama,42,0,0,0
0,4332,"Musullu 2700W Et Kıyma Makinesi 7 Numara İnce Süzgeç",Musullu,https://sportoonline.com/tr/urun/musullu-2700w-et-kiyma-makinesi-7-numara-ince-suzgec,ince_aciklama,59,0,0,0
0,4333,"Musullu 2700W Et Kıyma Makinesi Domates ve Biber Çekme Aparatı",Musullu,https://sportoonline.com/tr/urun/musullu-2700w-et-kiyma-makinesi-domates-ve-biber-cekme-aparati,ince_aciklama,122,0,0,0
0,4334,"Musullu 2700W Et Kıyma Makinesi Döner Şaftı",Musullu,https://sportoonline.com/tr/urun/musullu-2700w-et-kiyma-makinesi-doner-safti,ince_aciklama,36,0,0,0
0,4335,"Musullu 2700W Et Kıyma Makinesi Gıda Haznesi",Musullu,https://sportoonline.com/tr/urun/musullu-2700w-et-kiyma-makinesi-gida-haznesi,ince_aciklama,44,0,0,0
0,4336,"Musullu 2700W Et Kıyma Makinesi Yedek Kafa Parçası",Musullu,https://sportoonline.com/tr/urun/musullu-2700w-et-kiyma-makinesi-yedek-kafa-parcasi,ince_aciklama,45,0,0,0
0,4337,"Musullu 2700W Et Kıyma Makinesi Ön Kapağı",Musullu,https://sportoonline.com/tr/urun/musullu-2700w-et-kiyma-makinesi-on-kapagi,ince_aciklama,39,0,0,0
0,4346,"Musullu Bıçak Çift Renkli Kasap Bıçağı No:2",Musullu,https://sportoonline.com/tr/urun/musullu-cift-renkli-kasap-bicagi-no-2,aciklama_yok,0,0,0,0
0,4347,"Musullu Bıçak Çift Renkli Kasap Bıçağı No:3",Musullu,https://sportoonline.com/tr/urun/musullu-cift-renkli-kasap-bicagi-no-3,aciklama_yok,0,0,0,0
0,4348,"Musullu Bıçak Çift Renkli Kasap Bıçağı no:1",Musullu,https://sportoonline.com/tr/urun/musullu-cift-renkli-kasap-bicagi,aciklama_yok,0,0,0,0
0,4349,"Musullu Bıçak Çift Renkli Kasap Sıyırma Bıçağı",Musullu,https://sportoonline.com/tr/urun/musullu-cift-renkli-kasap-siyirma-bicagi,aciklama_yok,0,0,0,0
0,4350,"Musullu Bıçak Çift Renkli Kasap Yüzme Bıçağı",Musullu,https://sportoonline.com/tr/urun/musullu-cift-renkli-kasap-yuzme-bicagi,aciklama_yok,0,0,0,0
0,4351,"Musullu DTA Süzgeç Disk Temizleme Aparatı",Musullu,https://sportoonline.com/tr/urun/musullu-dta-suzgec-disk-temizleme-aparati,ince_aciklama,101,0,0,0
0,4356,"Musullu Et Döveceği",Musullu,https://sportoonline.com/tr/urun/musullu-et-dovecegi,aciklama_yok,0,0,0,0
0,4357,"Musullu Et Kıyma Makinesi  7 Numara Orta Süzgeç 2700W",Musullu,https://sportoonline.com/tr/urun/musullu-et-kiyma-makinesi-7-numara-orta-suzgec-2700w,ince_aciklama,54,0,0,0
0,4358,"Musullu Et Kıyma Makinesi Gıda Haznesi 1800W Panasonic National",Musullu,https://sportoonline.com/tr/urun/musullu-et-kiyma-makinesi-gida-haznesi-1800w-panasonic-national,ince_aciklama+aciklama_ad_ile_ayni,63,0,0,0
0,4362,"Musullu Gıda İtici 1800W Et Kıyma Makinesi Panasonic National",Musullu,https://sportoonline.com/tr/urun/musullu-gida-itici-1800w-et-kiyma-makinesi-panasonic-national,ince_aciklama,57,0,0,0
0,4363,"Musullu Gıda İtici 2700W Et Kıyma Makinesi",Musullu,https://sportoonline.com/tr/urun/musullu-gida-itici-2700w-et-kiyma-makinesi,ince_aciklama,48,0,0,0
0,4380,"Musullu MSL-1003 Kahve Ve Baharat Öğütücü 200W",Musullu,https://sportoonline.com/tr/urun/musullu-kahve-ve-baharat-ogutucu-200w-msl-1003,aciklama_yok,0,0,0,0
0,4404,"Musullu Oruk Aparatı 1800W Et Kıyma Makinesi Panasonic National",Musullu,https://sportoonline.com/tr/urun/musullu-oruk-aparati-1800w-et-kiyma-makinesi-panasonic-national,ince_aciklama,49,0,0,0
0,4418,"National Şarjlı Tıraş Makinesi",Musullu,https://sportoonline.com/tr/urun/national-sarjli-tiras-makinesi,ince_aciklama,101,0,0,0
0,4431,"Musullu mt-ck1300m hazne",Musullu,https://sportoonline.com/tr/urun/mt-ck1300m-hazne,aciklama_yok,0,0,0,0
0,4433,"MUSULLU 12 PARÇA SİLİKON SPATULA SERVİS SETİ",Musullu,https://sportoonline.com/tr/urun/musullu-12-parca-silikon-spatula-servis-seti,aciklama_yok,0,0,0,0
0,4437,"Gizli Kapüşonlu Softshell Ceket",Cresta,https://sportoonline.com/tr/urun/gizli-kapusonlu-softshell-ceket-2,kopya_aciklama,350,3,0,0
0,4438,"Gizli Kapüşonlu Softshell Ceket",Cresta,https://sportoonline.com/tr/urun/gizli-kapusonlu-softshell-ceket-3,kopya_aciklama,350,3,0,0
0,4439,"Gizli Kapüşonlu Softshell Ceket",Cresta,https://sportoonline.com/tr/urun/gizli-kapusonlu-softshell-ceket-4,kopya_aciklama,350,3,0,0
0,4440,"Kapüşonlu Softshell Ceket",Cresta,https://sportoonline.com/tr/urun/kapusonlu-softshell-ceket,kopya_aciklama,264,4,0,0
0,4441,"Kapüşonlu Softshell Ceket",Cresta,https://sportoonline.com/tr/urun/kapusonlu-softshell-ceket-2,kopya_aciklama,351,4,0,0
0,4442,"Kapüşonlu Softshell Ceket",Cresta,https://sportoonline.com/tr/urun/kapusonlu-softshell-ceket-3,kopya_aciklama,351,4,0,0
0,4443,"Kapüşonlu Softshell Ceket",Cresta,https://sportoonline.com/tr/urun/kapusonlu-softshell-ceket-4,kopya_aciklama,351,4,0,0
0,4444,"Kapüşonlu Softshell Ceket",Cresta,https://sportoonline.com/tr/urun/kapusonlu-softshell-ceket-5,kopya_aciklama,351,4,0,0
0,4445,"Kapüşonlu Klasik Softshell Ceket",Cresta,https://sportoonline.com/tr/urun/kapusonlu-klasik-softshell-ceket,kopya_aciklama,216,5,0,0
0,4446,"Kapüşonlu Klasik Softshell Ceket",Cresta,https://sportoonline.com/tr/urun/kapusonlu-klasik-softshell-ceket-2,kopya_aciklama,216,5,0,0
0,4447,"Kapüşonlu Klasik Softshell Ceket",Cresta,https://sportoonline.com/tr/urun/kapusonlu-klasik-softshell-ceket-3,kopya_aciklama,216,5,0,0
0,4448,"Kapüşonlu Klasik Softshell Ceket",Cresta,https://sportoonline.com/tr/urun/kapusonlu-klasik-softshell-ceket-4,kopya_aciklama,216,5,0,0
0,4449,"Kapüşonlu Klasik Softshell Ceket",Cresta,https://sportoonline.com/tr/urun/kapusonlu-klasik-softshell-ceket-5,kopya_aciklama,216,5,0,0
0,4451,"Kapüşonlu Dynamic Softshell Ceket",Cresta,https://sportoonline.com/tr/urun/kapusonlu-dynamic-softshell-ceket,kopya_aciklama,319,5,0,0
0,4452,"Kapüşonlu Dynamic Softshell Ceket",Cresta,https://sportoonline.com/tr/urun/kapusonlu-dynamic-softshell-ceket-2,kopya_aciklama,319,5,0,0
0,4453,"Kapüşonlu Dynamic Softshell Ceket",Cresta,https://sportoonline.com/tr/urun/kapusonlu-dynamic-softshell-ceket-3,kopya_aciklama,319,5,0,0
0,4454,"Kapüşonlu Dynamic Softshell Ceket",Cresta,https://sportoonline.com/tr/urun/kapusonlu-dynamic-softshell-ceket-4,kopya_aciklama,319,5,0,0
0,4455,"Kapüşonlu Dynamic Softshell Ceket",Cresta,https://sportoonline.com/tr/urun/kapusonlu-dynamic-softshell-ceket-5,kopya_aciklama,319,5,0,0
0,4457,"Kaplamalı ve Kapüşonlu Softshell Ceket",Cresta,https://sportoonline.com/tr/urun/kaplamali-ve-kapusonlu-softshell-ceket-2,kopya_aciklama,510,5,0,0
0,4458,"Kaplamalı ve Kapüşonlu Softshell Ceket",Cresta,https://sportoonline.com/tr/urun/kaplamali-ve-kapusonlu-softshell-ceket-3,kopya_aciklama,510,5,0,0
0,4461,"Softshell Pantolon",Cresta,https://sportoonline.com/tr/urun/softshell-pantolon-3,kopya_aciklama,397,5,0,0
0,4468,"Kapüşonlu Sweatshirt",Cresta,https://sportoonline.com/tr/urun/kapusonlu-sweatshirt,kopya_aciklama,484,6,0,0
0,4470,"Kapüşonlu Sweatshirt",Cresta,https://sportoonline.com/tr/urun/kapusonlu-sweatshirt-3,kopya_aciklama,484,6,0,0
0,4471,"Reflektör Baskılı Kapüşonlu Hafif Ceket",Cresta,https://sportoonline.com/tr/urun/reflektor-baskili-kapusonlu-hafif-ceket,kopya_aciklama,413,4,0,0
0,4473,"Reflektör Baskılı Kapüşonlu Hafif Ceket",Cresta,https://sportoonline.com/tr/urun/reflektor-baskili-kapusonlu-hafif-ceket-3,kopya_aciklama,413,4,0,0
0,4474,"Reflektör Baskılı Kapüşonlu Hafif Ceket",Cresta,https://sportoonline.com/tr/urun/reflektor-baskili-kapusonlu-hafif-ceket-4,kopya_aciklama,413,4,0,0
0,4475,"Reflektör Baskılı Kapüşonlu Hafif Ceket",Cresta,https://sportoonline.com/tr/urun/reflektor-baskili-kapusonlu-hafif-ceket-5,kopya_aciklama,413,4,0,0
0,4476,"Kapüşonlu Yalıtımlı Şişme Mont",Cresta,https://sportoonline.com/tr/urun/kapusonlu-yalitimli-sisme-mont,kopya_aciklama,457,7,0,0
0,4477,"Kapüşonlu Yalıtımlı Şişme Mont",Cresta,https://sportoonline.com/tr/urun/kapusonlu-yalitimli-sisme-mont-2,kopya_aciklama,457,7,0,0
0,4478,"Kapüşonlu Yalıtımlı Şişme Mont",Cresta,https://sportoonline.com/tr/urun/kapusonlu-yalitimli-sisme-mont-3,kopya_aciklama,457,7,0,0
0,4480,"Kapüşonlu Yalıtımlı Şişme Yelek",Cresta,https://sportoonline.com/tr/urun/kapusonlu-yalitimli-sisme-yelek,kopya_aciklama,447,11,0,0
0,4481,"Kapüşonlu Yalıtımlı Şişme Yelek",Cresta,https://sportoonline.com/tr/urun/kapusonlu-yalitimli-sisme-yelek-2,kopya_aciklama,447,11,0,0
0,4482,"Kapüşonlu Yalıtımlı Şişme Yelek",Cresta,https://sportoonline.com/tr/urun/kapusonlu-yalitimli-sisme-yelek-3,kopya_aciklama,447,11,0,0
0,4483,"Kapüşonlu Yalıtımlı Şişme Yelek",Cresta,https://sportoonline.com/tr/urun/kapusonlu-yalitimli-sisme-yelek-4,kopya_aciklama,447,11,0,0
0,4484,"Kapüşonlu Yalıtımlı Şişme Yelek",Cresta,https://sportoonline.com/tr/urun/kapusonlu-yalitimli-sisme-yelek-5,kopya_aciklama,447,11,0,0
0,4485,"Kapüşonlu Yalıtımlı Şişme Yelek",Cresta,https://sportoonline.com/tr/urun/kapusonlu-yalitimli-sisme-yelek-6,kopya_aciklama,447,11,0,0
0,4486,"Tam Fermuarlı Mikro Polar Ceket",Cresta,https://sportoonline.com/tr/urun/tam-fermuarli-mikro-polar-ceket,kopya_aciklama,215,2,0,0
0,4487,"Tam Fermuarlı Mikro Polar Ceket",Cresta,https://sportoonline.com/tr/urun/tam-fermuarli-mikro-polar-ceket-2,kopya_aciklama,215,2,0,0
0,4488,"Welsoft Polar Ceket",Cresta,https://sportoonline.com/tr/urun/welsoft-polar-ceket,kopya_aciklama,615,3,0,0
0,4489,"Welboa Kapüşonlu Polar Ceket",Cresta,https://sportoonline.com/tr/urun/welboa-kapusonlu-polar-ceket,kopya_aciklama,624,2,0,0
0,4490,"Welsoft Polar Ceket",Cresta,https://sportoonline.com/tr/urun/welsoft-polar-ceket-2,kopya_aciklama,615,3,0,0
0,4491,"Welsoft Polar Ceket",Cresta,https://sportoonline.com/tr/urun/welsoft-polar-ceket-3,kopya_aciklama,615,3,0,0
0,4493,"Welboa Kapüşonlu Polar Ceket",Cresta,https://sportoonline.com/tr/urun/welboa-kapusonlu-polar-ceket-2,kopya_aciklama,624,2,0,0
0,4495,"Kayak / Snowboard Montu - Premium Ski Collection",Cresta,https://sportoonline.com/tr/urun/kayak-snowboard-montu-premium-ski-collection-2,kopya_aciklama,945,3,0,0
0,4497,"Kayak / Snowboard Montu - Premium Ski Collection",Cresta,https://sportoonline.com/tr/urun/kayak-snowboard-montu-premium-ski-collection-4,kopya_aciklama,945,3,0,0
0,4500,"Bisiklet Yaka Basic Sweatshirt",Cresta,https://sportoonline.com/tr/urun/bisiklet-yaka-basic-sweatshirt,kopya_aciklama,187,10,0,0
0,4501,"Bisiklet Yaka Basic Sweatshirt",Cresta,https://sportoonline.com/tr/urun/bisiklet-yaka-basic-sweatshirt-2,kopya_aciklama,187,10,0,0
0,4502,"Bisiklet Yaka Basic Sweatshirt",Cresta,https://sportoonline.com/tr/urun/bisiklet-yaka-basic-sweatshirt-3,kopya_aciklama,187,10,0,0
0,4503,"Bisiklet Yaka Basic Sweatshirt",Cresta,https://sportoonline.com/tr/urun/bisiklet-yaka-basic-sweatshirt-4,kopya_aciklama,187,10,0,0
0,4504,"Bisiklet Yaka Basic Sweatshirt",Cresta,https://sportoonline.com/tr/urun/bisiklet-yaka-basic-sweatshirt-5,kopya_aciklama,187,10,0,0
0,4505,"Bisiklet Yaka Basic Sweatshirt",Cresta,https://sportoonline.com/tr/urun/bisiklet-yaka-basic-sweatshirt-6,kopya_aciklama,187,10,0,0
0,4512,"Tam Fermuarlı Kapüşonlu Sweatshirt",Cresta,https://sportoonline.com/tr/urun/tam-fermuarli-kapusonlu-sweatshirt,kopya_aciklama,376,3,0,0
0,4513,"Tam Fermuarlı Kapüşonlu Sweatshirt",Cresta,https://sportoonline.com/tr/urun/tam-fermuarli-kapusonlu-sweatshirt-2,kopya_aciklama,376,3,0,0
0,4514,"Tam Fermuarlı Kapüşonlu Sweatshirt",Cresta,https://sportoonline.com/tr/urun/tam-fermuarli-kapusonlu-sweatshirt-3,kopya_aciklama,376,3,0,0
0,4515,"Çift Renkli Polar Üst",Cresta,https://sportoonline.com/tr/urun/cift-renkli-polar-ust,kopya_aciklama,540,3,0,0
0,4516,"Çift Renkli Polar Üst",Cresta,https://sportoonline.com/tr/urun/cift-renkli-polar-ust-2,kopya_aciklama,540,3,0,0
0,4517,"Çift Renkli Polar Üst",Cresta,https://sportoonline.com/tr/urun/cift-renkli-polar-ust-3,kopya_aciklama,540,3,0,0
0,4522,"Kapüşonlu Softshell Ceket",Cresta,https://sportoonline.com/tr/urun/kapusonlu-softshell-ceket-6,kopya_aciklama,264,4,0,0
0,4523,"Kapüşonlu Softshell Ceket",Cresta,https://sportoonline.com/tr/urun/kapusonlu-softshell-ceket-7,kopya_aciklama,264,4,0,0
0,4524,"Kapüşonlu Softshell Ceket",Cresta,https://sportoonline.com/tr/urun/kapusonlu-softshell-ceket-8,kopya_aciklama,264,4,0,0
0,4525,"Klasik Softshell Ceket",Cresta,https://sportoonline.com/tr/urun/klasik-softshell-ceket,kopya_aciklama,220,5,0,0
0,4526,"Klasik Softshell Ceket",Cresta,https://sportoonline.com/tr/urun/klasik-softshell-ceket-2,kopya_aciklama,220,5,0,0
0,4527,"Klasik Softshell Ceket",Cresta,https://sportoonline.com/tr/urun/klasik-softshell-ceket-3,kopya_aciklama,220,5,0,0
0,4528,"Klasik Softshell Ceket",Cresta,https://sportoonline.com/tr/urun/klasik-softshell-ceket-4,kopya_aciklama,220,5,0,0
0,4529,"Klasik Softshell Ceket",Cresta,https://sportoonline.com/tr/urun/klasik-softshell-ceket-5,kopya_aciklama,220,5,0,0
0,4530,"Özel Üretim Kapüşonlu Soft-Tech Ceket",Cresta,https://sportoonline.com/tr/urun/ozel-uretim-kapusonlu-soft-tech-ceket,kopya_aciklama,367,2,0,0
0,4532,"Özel Üretim Kapüşonlu Soft-Tech Ceket",Cresta,https://sportoonline.com/tr/urun/ozel-uretim-kapusonlu-soft-tech-ceket-3,kopya_aciklama,367,2,0,0
0,4534,"Reflektör Baskılı Softshell Ceket",Cresta,https://sportoonline.com/tr/urun/reflektor-baskili-softshell-ceket,kopya_aciklama,340,3,0,0
0,4535,"Reflektör Baskılı Softshell Ceket",Cresta,https://sportoonline.com/tr/urun/reflektor-baskili-softshell-ceket-2,kopya_aciklama,340,3,0,0
0,4536,"Reflektör Baskılı Softshell Ceket",Cresta,https://sportoonline.com/tr/urun/reflektor-baskili-softshell-ceket-3,kopya_aciklama,340,3,0,0
0,4537,"Triclimate 3'ü 1 Arada Kaban",Cresta,https://sportoonline.com/tr/urun/triclimate-3u-1-arada-kaban,kopya_aciklama,559,3,0,0
0,4538,"Triclimate 3'ü 1 Arada Kaban",Cresta,https://sportoonline.com/tr/urun/triclimate-3u-1-arada-kaban-2,kopya_aciklama,559,3,0,0
0,4540,"Triclimate 3'ü 1 Arada Kaban",Cresta,https://sportoonline.com/tr/urun/triclimate-3u-1-arada-kaban-4,kopya_aciklama,559,3,0,0
0,4541,"Kaplamalı ve Kapüşonlu Desenli Softshell Ceket",Cresta,https://sportoonline.com/tr/urun/kaplamali-ve-kapusonlu-desenli-softshell-ceket,kopya_aciklama,510,5,0,0
0,4542,"Kaplamalı ve Kapüşonlu Desenli Softshell Ceket",Cresta,https://sportoonline.com/tr/urun/kaplamali-ve-kapusonlu-desenli-softshell-ceket-2,kopya_aciklama,510,5,0,0
0,4543,"Kaplamalı ve Kapüşonlu Desenli Softshell Ceket",Cresta,https://sportoonline.com/tr/urun/kaplamali-ve-kapusonlu-desenli-softshell-ceket-3,kopya_aciklama,510,5,0,0
0,4544,"Kamuflaj Baskılı Kapüşonlu Softshell Ceket",Cresta,https://sportoonline.com/tr/urun/kamuflaj-baskili-kapusonlu-softshell-ceket,kopya_aciklama,399,3,0,0
0,4545,"Kamuflaj Baskılı Kapüşonlu Softshell Ceket",Cresta,https://sportoonline.com/tr/urun/kamuflaj-baskili-kapusonlu-softshell-ceket-2,kopya_aciklama,399,3,0,0
0,4549,"Kayak / Snowboard Montu - Premium Ski Collection",Cresta,https://sportoonline.com/tr/urun/kayak-snowboard-montu-premium-ski-collection-7,kopya_aciklama,945,3,0,0
0,4550,"Kapüşonlu Yalıtımlı Şişme Mont",Cresta,https://sportoonline.com/tr/urun/kapusonlu-yalitimli-sisme-mont-5,kopya_aciklama,457,7,0,0
0,4551,"Kapüşonlu Yalıtımlı Şişme Mont",Cresta,https://sportoonline.com/tr/urun/kapusonlu-yalitimli-sisme-mont-6,kopya_aciklama,457,7,0,0
0,4552,"Kapüşonlu Yalıtımlı Şişme Mont",Cresta,https://sportoonline.com/tr/urun/kapusonlu-yalitimli-sisme-mont-7,kopya_aciklama,457,7,0,0
0,4553,"Kapüşonlu Yalıtımlı Şişme Mont",Cresta,https://sportoonline.com/tr/urun/kapusonlu-yalitimli-sisme-mont-8,kopya_aciklama,457,7,0,0
0,4554,"Yalıtımlı Şişme Yelek",Cresta,https://sportoonline.com/tr/urun/yalitimli-sisme-yelek,kopya_aciklama,447,11,0,0
0,4555,"Yalıtımlı Şişme Yelek",Cresta,https://sportoonline.com/tr/urun/yalitimli-sisme-yelek-2,kopya_aciklama,447,11,0,0
0,4557,"Yalıtımlı Şişme Yelek",Cresta,https://sportoonline.com/tr/urun/yalitimli-sisme-yelek-4,kopya_aciklama,447,11,0,0
0,4558,"Yalıtımlı Şişme Yelek",Cresta,https://sportoonline.com/tr/urun/yalitimli-sisme-yelek-5,kopya_aciklama,447,11,0,0
0,4559,"Yalıtımlı Şişme Yelek",Cresta,https://sportoonline.com/tr/urun/yalitimli-sisme-yelek-6,kopya_aciklama,447,11,0,0
0,4560,"Tam Fermuarlı Mikro Polar Ceket",Cresta,https://sportoonline.com/tr/urun/tam-fermuarli-mikro-polar-ceket-3,kopya_aciklama,219,3,0,0
0,4562,"Tam Fermuarlı Çift Renkli Mikro Polar Ceket",Cresta,https://sportoonline.com/tr/urun/tam-fermuarli-cift-renkli-mikro-polar-ceket,kopya_aciklama,254,6,0,0
0,4563,"Tam Fermuarlı Çift Renkli Mikro Polar Ceket",Cresta,https://sportoonline.com/tr/urun/tam-fermuarli-cift-renkli-mikro-polar-ceket-2,kopya_aciklama,254,6,0,0
0,4564,"Tam Fermuarlı Çift Renkli Mikro Polar Ceket",Cresta,https://sportoonline.com/tr/urun/tam-fermuarli-cift-renkli-mikro-polar-ceket-3,kopya_aciklama,254,6,0,0
0,4565,"Tam Fermuarlı Çift Renkli Mikro Polar Ceket",Cresta,https://sportoonline.com/tr/urun/tam-fermuarli-cift-renkli-mikro-polar-ceket-4,kopya_aciklama,254,6,0,0
0,4566,"Tam Fermuarlı Çift Renkli Mikro Polar Ceket",Cresta,https://sportoonline.com/tr/urun/tam-fermuarli-cift-renkli-mikro-polar-ceket-5,kopya_aciklama,254,6,0,0
0,4567,"Tam Fermuarlı Çift Renkli Mikro Polar Ceket",Cresta,https://sportoonline.com/tr/urun/tam-fermuarli-cift-renkli-mikro-polar-ceket-6,kopya_aciklama,254,6,0,0
0,4568,"Tam Fermuarlı Polar Yelek",Cresta,https://sportoonline.com/tr/urun/tam-fermuarli-polar-yelek,kopya_aciklama,219,3,0,0
0,4569,"Tam Fermuarlı Polar Yelek",Cresta,https://sportoonline.com/tr/urun/tam-fermuarli-polar-yelek-2,kopya_aciklama,219,3,0,0
0,4570,"Tam Fermuarlı Explorer Polar Ceket",Cresta,https://sportoonline.com/tr/urun/tam-fermuarli-explorer-polar-ceket,kopya_aciklama,246,3,0,0
0,4571,"Tam Fermuarlı Explorer Polar Ceket",Cresta,https://sportoonline.com/tr/urun/tam-fermuarli-explorer-polar-ceket-2,kopya_aciklama,246,3,0,0
0,4572,"Tam Fermuarlı Explorer Polar Ceket",Cresta,https://sportoonline.com/tr/urun/tam-fermuarli-explorer-polar-ceket-3,kopya_aciklama,246,3,0,0
0,4575,"Timeless Kapüşonlu Sweatshirt",Cresta,https://sportoonline.com/tr/urun/timeless-kapusonlu-sweatshirt-5,kopya_aciklama,449,5,0,0
0,4576,"Timeless Kapüşonlu Sweatshirt",Cresta,https://sportoonline.com/tr/urun/timeless-kapusonlu-sweatshirt-6,kopya_aciklama,449,5,0,0
0,4577,"Timeless Kapüşonlu Sweatshirt",Cresta,https://sportoonline.com/tr/urun/timeless-kapusonlu-sweatshirt-7,kopya_aciklama,449,5,0,0
0,4578,"Timeless Kapüşonlu Sweatshirt",Cresta,https://sportoonline.com/tr/urun/timeless-kapusonlu-sweatshirt-8,kopya_aciklama,449,5,0,0
0,4580,"Timeless Kapüşonlu Sweatshirt",Cresta,https://sportoonline.com/tr/urun/timeless-kapusonlu-sweatshirt-10,kopya_aciklama,449,5,0,0
0,4581,"Kapüşonlu Sweatshirt",Cresta,https://sportoonline.com/tr/urun/kapusonlu-sweatshirt-6,kopya_aciklama,484,6,0,0
0,4583,"Kapüşonlu Sweatshirt",Cresta,https://sportoonline.com/tr/urun/kapusonlu-sweatshirt-8,kopya_aciklama,484,6,0,0
0,4584,"Kapüşonlu Sweatshirt",Cresta,https://sportoonline.com/tr/urun/kapusonlu-sweatshirt-9,kopya_aciklama,484,6,0,0
0,4585,"Kapüşonlu Sweatshirt",Cresta,https://sportoonline.com/tr/urun/kapusonlu-sweatshirt-10,kopya_aciklama,484,6,0,0
0,4586,"Bisiklet Yaka Basic Sweatshirt",Cresta,https://sportoonline.com/tr/urun/bisiklet-yaka-basic-sweatshirt-7,kopya_aciklama,187,10,0,0
0,4587,"Bisiklet Yaka Basic Sweatshirt",Cresta,https://sportoonline.com/tr/urun/bisiklet-yaka-basic-sweatshirt-8,kopya_aciklama,187,10,0,0
0,4588,"Bisiklet Yaka Basic Sweatshirt",Cresta,https://sportoonline.com/tr/urun/bisiklet-yaka-basic-sweatshirt-9,kopya_aciklama,187,10,0,0
0,4589,"Bisiklet Yaka Basic Sweatshirt",Cresta,https://sportoonline.com/tr/urun/bisiklet-yaka-basic-sweatshirt-10,kopya_aciklama,187,10,0,0
0,4591,"Çift Renkli Kapüşonlu Erkek Sweatshirt",Cresta,https://sportoonline.com/tr/urun/cift-renkli-kapusonlu-erkek-sweatshirt,kopya_aciklama,478,5,0,0
0,4592,"Çift Renkli Kapüşonlu Erkek Sweatshirt",Cresta,https://sportoonline.com/tr/urun/cift-renkli-kapusonlu-erkek-sweatshirt-2,kopya_aciklama,478,5,0,0
0,4593,"Çift Renkli Kapüşonlu Erkek Sweatshirt",Cresta,https://sportoonline.com/tr/urun/cift-renkli-kapusonlu-erkek-sweatshirt-3,kopya_aciklama,478,5,0,0
0,4594,"Çift Renkli Kapüşonlu Erkek Sweatshirt",Cresta,https://sportoonline.com/tr/urun/cift-renkli-kapusonlu-erkek-sweatshirt-4,kopya_aciklama,478,5,0,0
0,4595,"Çift Renkli Kapüşonlu Erkek Sweatshirt",Cresta,https://sportoonline.com/tr/urun/cift-renkli-kapusonlu-erkek-sweatshirt-5,kopya_aciklama,478,5,0,0
0,4597,"Tam Fermuarlı Sweatshirt",Cresta,https://sportoonline.com/tr/urun/tam-fermuarli-sweatshirt,kopya_aciklama,205,4,0,0
0,4598,"Tam Fermuarlı Sweatshirt",Cresta,https://sportoonline.com/tr/urun/tam-fermuarli-sweatshirt-2,kopya_aciklama,205,4,0,0
0,4599,"Tam Fermuarlı Sweatshirt",Cresta,https://sportoonline.com/tr/urun/tam-fermuarli-sweatshirt-3,kopya_aciklama,205,4,0,0
0,4600,"Tam Fermuarlı Sweatshirt",Cresta,https://sportoonline.com/tr/urun/tam-fermuarli-sweatshirt-4,kopya_aciklama,205,4,0,0
0,4607,"Welsoft Polar Kapüşonlu Sweatshirt",Cresta,https://sportoonline.com/tr/urun/welsoft-polar-kapusonlu-sweatshirt,kopya_aciklama,390,3,0,0
0,4608,"Welsoft Polar Kapüşonlu Sweatshirt",Cresta,https://sportoonline.com/tr/urun/welsoft-polar-kapusonlu-sweatshirt-2,kopya_aciklama,390,3,0,0
0,4609,"Welsoft Polar Kapüşonlu Sweatshirt",Cresta,https://sportoonline.com/tr/urun/welsoft-polar-kapusonlu-sweatshirt-3,kopya_aciklama,390,3,0,0
0,4614,"Uzun Kollu Hafif Outdoor Gömlek",Cresta,https://sportoonline.com/tr/urun/uzun-kollu-hafif-outdoor-gomlek,kopya_aciklama,372,5,0,0
0,4615,"Uzun Kollu Hafif Outdoor Gömlek",Cresta,https://sportoonline.com/tr/urun/uzun-kollu-hafif-outdoor-gomlek-2,kopya_aciklama,372,5,0,0
0,4616,"Uzun Kollu Hafif Outdoor Gömlek",Cresta,https://sportoonline.com/tr/urun/uzun-kollu-hafif-outdoor-gomlek-3,kopya_aciklama,372,5,0,0
0,4617,"Uzun Kollu Hafif Outdoor Gömlek",Cresta,https://sportoonline.com/tr/urun/uzun-kollu-hafif-outdoor-gomlek-4,kopya_aciklama,372,5,0,0
0,4618,"Uzun Kollu Hafif Outdoor Gömlek",Cresta,https://sportoonline.com/tr/urun/uzun-kollu-hafif-outdoor-gomlek-5,kopya_aciklama,372,5,0,0
0,4619,"Uzun Kollu Outdoor Gömlek",Cresta,https://sportoonline.com/tr/urun/uzun-kollu-outdoor-gomlek,kopya_aciklama,372,5,0,0
0,4620,"Uzun Kollu Outdoor Gömlek",Cresta,https://sportoonline.com/tr/urun/uzun-kollu-outdoor-gomlek-2,kopya_aciklama,372,5,0,0
0,4621,"Uzun Kollu Outdoor Gömlek",Cresta,https://sportoonline.com/tr/urun/uzun-kollu-outdoor-gomlek-3,kopya_aciklama,372,5,0,0
0,4622,"Uzun Kollu Outdoor Gömlek",Cresta,https://sportoonline.com/tr/urun/uzun-kollu-outdoor-gomlek-4,kopya_aciklama,372,5,0,0
0,4623,"Uzun Kollu Outdoor Gömlek",Cresta,https://sportoonline.com/tr/urun/uzun-kollu-outdoor-gomlek-5,kopya_aciklama,372,5,0,0
0,4627,"Softshell Pantolon",Cresta,https://sportoonline.com/tr/urun/softshell-pantolon-4,kopya_aciklama,397,5,0,0
0,4628,"Softshell Pantolon",Cresta,https://sportoonline.com/tr/urun/softshell-pantolon-5,kopya_aciklama,397,5,0,0
0,4629,"Softshell Pantolon",Cresta,https://sportoonline.com/tr/urun/softshell-pantolon-6,kopya_aciklama,397,5,0,0
0,4633,"Kargo Cepli Outdoor Pantolon",Cresta,https://sportoonline.com/tr/urun/kargo-cepli-outdoor-pantolon,kopya_aciklama,520,3,0,0
0,4634,"Kargo Cepli Outdoor Pantolon",Cresta,https://sportoonline.com/tr/urun/kargo-cepli-outdoor-pantolon-2,kopya_aciklama,520,3,0,0
0,4635,"Kargo Cepli Outdoor Pantolon",Cresta,https://sportoonline.com/tr/urun/kargo-cepli-outdoor-pantolon-3,kopya_aciklama,520,3,0,0
0,4636,"Outdoor Yürüyüş Pantolonu",Cresta,https://sportoonline.com/tr/urun/outdoor-yuruyus-pantolonu-4,kopya_aciklama,536,3,0,0
0,4637,"Outdoor Yürüyüş Pantolonu",Cresta,https://sportoonline.com/tr/urun/outdoor-yuruyus-pantolonu-5,kopya_aciklama,536,3,0,0
0,4638,"Outdoor Yürüyüş Pantolonu",Cresta,https://sportoonline.com/tr/urun/outdoor-yuruyus-pantolonu-6,kopya_aciklama,536,3,0,0
0,4640,"Softshell Pantolon",Cresta,https://sportoonline.com/tr/urun/softshell-pantolon-7,kopya_aciklama,397,5,0,0
0,4641,"Su İtici Hafif Ceket",Cresta,https://sportoonline.com/tr/urun/su-itici-hafif-ceket-3,kopya_aciklama,232,2,0,0
0,4642,"Su İtici Hafif Ceket",Cresta,https://sportoonline.com/tr/urun/su-itici-hafif-ceket-4,kopya_aciklama,232,2,0,0
0,4643,"Kamuflaj Baskılı Kapüşonlu Softshell Ceket",Cresta,https://sportoonline.com/tr/urun/kamuflaj-baskili-kapusonlu-softshell-ceket-3,kopya_aciklama,399,3,0,0
0,4644,"X Alp Çok Amaçlı Softshell Ceket",Cresta,https://sportoonline.com/tr/urun/x-alp-cok-amacli-softshell-ceket,kopya_aciklama,703,3,0,0
0,4645,"X Alp Çok Amaçlı Softshell Ceket",Cresta,https://sportoonline.com/tr/urun/x-alp-cok-amacli-softshell-ceket-2,kopya_aciklama,703,3,0,0
0,4646,"X Alp Çok Amaçlı Softshell Ceket",Cresta,https://sportoonline.com/tr/urun/x-alp-cok-amacli-softshell-ceket-3,kopya_aciklama,703,3,0,0
0,4656,"Chattanooga Theta Nörolojik Rehabilitasyon NMES  Fizik Tedavi Tens Cihazı","Compex Turkiye",https://sportoonline.com/tr/urun/chattanooga-compex-theta-norolojik-rehabilitasyon-cihazi,kopya_aciklama,4282,2,0,0
0,4704,"Compex Fixx 1.0 Masaj Aleti Cihazı Pil Batarya Yedek","Compex Turkiye",https://sportoonline.com/tr/urun/compex-fixx-1-0-masaj-aleti-cihazi-pil-batarya-yedek,ince_aciklama,114,0,0,0
0,4705,"Compex Fix 1.0 Şarj  Aleti Yuvası Adaptörü","Compex Turkiye",https://sportoonline.com/tr/urun/compex-fix-1-0-sarj-aleti-yuvasi-adaptoru,ince_aciklama,138,0,0,0
0,4721,"Chattanooga İntelect Combo Kablo Stim Kablosu","Compex Turkiye",https://sportoonline.com/tr/urun/chattanooga-intelect-combo-kablo-stim-kablosu,ince_aciklama,52,0,0,0
0,4722,"Chattanooga Intelect Elektrot Kablosu Combo -Uyumlu","Compex Turkiye",https://sportoonline.com/tr/urun/chattanooga-intelect-elektrot-kablosu-combo-uyumlu,ince_aciklama,57,0,0,0
0,4725,"Chattanooga US Başlık Kablosu-Ultrason Kablosu","Compex Turkiye",https://sportoonline.com/tr/urun/chattanooga-us-baslik-kablosu,ince_aciklama,63,0,0,0
0,4770,"Chattanooga Theta Nörolojik Rehabilitasyon NMES  Fizik Tedavi Tens Cihazı","Compex Turkiye",https://sportoonline.com/tr/urun/chattanooga-theta-norolojik-rehabilitasyon-nmes-fizik-tedavi-tens-cihazi,kopya_aciklama,4282,2,0,0
0,4771,"Chattanooga Cefar Tens Kablo 2 adet","Compex Turkiye",https://sportoonline.com/tr/urun/chattanooga-cefar-tens-kablo-2-adet,ince_aciklama,52,0,0,0
0,5340,"Multipower L-Carnitine Liquid 25 Ml 1800 Mg Şeftali 20 Ampül","BodyFit Shop",https://sportoonline.com/tr/urun/prd-multipower-l-carnitine-luquid-25-ml-1800-mg-seftali-20-ampul-66,kopya_aciklama,1780,2,0,0
0,5344,"Nutrend Bcaa Powder Portakal 500 Gr","BodyFit Shop",https://sportoonline.com/tr/urun/prd-nutrend-bcaa-powder-portakal-500-gr-614,kopya_aciklama,1433,2,0,0
0,5347,"Nutrend L-Carnitine 3000 Mg Portakallı 20 Ampül","BodyFit Shop",https://sportoonline.com/tr/urun/prd-nutrend-l-carnitine-3000-mg-portakalli-20-ampul-610,kopya_aciklama,2016,2,0,0
0,5350,"Olimp BCAA Xplode Ananas 500 Gr","BodyFit Shop",https://sportoonline.com/tr/urun/prd-olimp-bcaa-xplode-ananas-500-gr-181,kopya_aciklama,1600,2,0,0
0,5353,"Olimp Gain Bolic 6000 Çikolata 3500 Gr","BodyFit Shop",https://sportoonline.com/tr/urun/prd-olimp-gain-bolic-6000-cikolata-3500-gr-143,kopya_aciklama,2423,2,0,0
0,5364,"Olimp Whey Protein Complex Çilek 700 Gr","BodyFit Shop",https://sportoonline.com/tr/urun/prd-olimp-whey-protein-complex-cilek-700-gr-248,aciklama_yok,0,0,0,0
0,5369,"Olimp Gain Bolic 6000 Çikolata 3500 Gr","BodyFit Shop",https://sportoonline.com/tr/urun/prd-olimp-gain-bolic-6000-3500-gr-st00140,kopya_aciklama,2423,2,0,0
0,5370,"Nutrend Bcaa Powder Portakal 500 Gr","BodyFit Shop",https://sportoonline.com/tr/urun/prd-nutrend-bcaa-powder-500-gr-st00146,kopya_aciklama,1433,2,0,0
0,5371,"Olimp BCAA Xplode Ananas 500 Gr","BodyFit Shop",https://sportoonline.com/tr/urun/prd-olimp-bcaa-xplode-powder-500-gr-st00147,kopya_aciklama,1600,2,0,0
0,5373,"Nutrever Bcaa Powder Ice Tea 500 Gr","BodyFit Shop",https://sportoonline.com/tr/urun/prd-nutrever-bcaa-powder-500-gr-st00152,kopya_aciklama,2349,2,0,0
0,5374,"Nutrend L-Carnitine 3000 Mg Portakallı 20 Ampül","BodyFit Shop",https://sportoonline.com/tr/urun/prd-nutrend-l-carnitine-3000-mg-20-ampul-st00167,kopya_aciklama,2016,2,0,0
0,5376,"Multipower L-Carnitine Liquid 25 Ml 1800 Mg Şeftali 20 Ampül","BodyFit Shop",https://sportoonline.com/tr/urun/prd-multipower-l-carnitine-luquid-25-ml-1800-mg-20-ampul-st00169,kopya_aciklama,1780,2,0,0
0,5386,"Seed n Grains Yulaf Ezmesi 1000 Gr","BodyFit Shop",https://sportoonline.com/tr/urun/prd-fit-grains-yulaf-ezmesi-1000-gr-1446,ince_aciklama,119,0,0,0
0,5387,"Olimp Nockout 2.0 Bubble Blow 305 Gr","BodyFit Shop",https://sportoonline.com/tr/urun/prd-olimp-nockout-2-0-305-gr-2405,kopya_aciklama,803,2,0,0
0,5388,"Olimp Nockout 2.0 Bubble Blow 305 Gr","BodyFit Shop",https://sportoonline.com/tr/urun/prd-olimp-nockout-2-0-305-gr-bubble-blow-2405-2406,kopya_aciklama,803,2,0,0
0,5395,"Dragon Fitness Eldiven W8013 - M","BodyFit Shop",https://sportoonline.com/tr/urun/prd-dragon-fitness-eldiven-w8013-2777,kopya_aciklama,555,2,0,0
0,5397,"Dragon Fitness Eldiven W8013 - M","BodyFit Shop",https://sportoonline.com/tr/urun/prd-dragon-fitness-eldiven-w8013-m-2777-2779,kopya_aciklama,555,2,0,0
0,5398,"Dragon Fitness Eldiven Body41 - L","BodyFit Shop",https://sportoonline.com/tr/urun/prd-dragon-fitness-eldiven-body41-2783,kopya_aciklama,510,3,0,0
0,5410,"Olimp Instant Carbonox Ananas 1000 Gr","BodyFit Shop",https://sportoonline.com/tr/urun/prd-olimp-instant-carbonox-1000g-3195,kopya_aciklama,3570,2,0,0
0,5411,"Olimp Instant Carbonox Ananas 1000 Gr","BodyFit Shop",https://sportoonline.com/tr/urun/prd-olimp-instant-carbonox-ananas-1000g-3195-3196,kopya_aciklama,3570,2,0,0
0,5424,"Nutrever Bcaa Powder Ice Tea 500 Gr","BodyFit Shop",https://sportoonline.com/tr/urun/prd-nutrever-bcaa-powder-ice-tea-500-gr-st00032111,kopya_aciklama,2349,2,0,0
0,5426,"Olimp Whey Protein Complex Çikolata 700 Gr","BodyFit Shop",https://sportoonline.com/tr/urun/prd-olimp-whey-protein-complex-700-gr-st00096,ince_aciklama,1,0,0,0
0,5428,"Multipower Whey Protein Shake Kurabiye 900 Gr","BodyFit Shop",https://sportoonline.com/tr/urun/prd-multipower-whey-protein-900-gr-st00109,kopya_aciklama,1448,2,0,0
0,5429,"Body Fit Shop Anahtarlık","BodyFit Shop",https://sportoonline.com/tr/urun/prd-body-fit-shop-anahtarlik-st00307,ince_aciklama,41,0,0,0
0,5434,"Full Power Gym Eşofman Çizgili - Siyah - S","BodyFit Shop",https://sportoonline.com/tr/urun/prd-full-power-gym-esofman-st00348,kopya_aciklama,457,2,0,0
0,5444,"Dragon Eldiven Body20 - M","BodyFit Shop",https://sportoonline.com/tr/urun/prd-dragon-eldiven-body20-st00399,kopya_aciklama,634,2,0,0
0,5448,"Dragon Eldiven Body20 - M","BodyFit Shop",https://sportoonline.com/tr/urun/prd-dragon-eldiven-body20-m-st00399-2254,kopya_aciklama,634,2,0,0
0,5451,"Nutrever Whey Isolate Protein Çikolata 1800 Gr","BodyFit Shop",https://sportoonline.com/tr/urun/prd-nutrever-whey-isolate-protein-1800-gr-2158,kopya_aciklama,1983,2,0,0
0,5452,"Nutrever Whey Isolate Protein Çikolata 1800 Gr","BodyFit Shop",https://sportoonline.com/tr/urun/prd-nutrever-whey-isolate-protein-cikolata-1800-gr-2158-2159,kopya_aciklama,1983,2,0,0
0,5455,"Muscle Pump Havlu","BodyFit Shop",https://sportoonline.com/tr/urun/prd-muscle-pump-havlu-3277,ince_aciklama,140,0,0,0
0,5467,"Dragon Fitness Eldiveni W8063 - L","BodyFit Shop",https://sportoonline.com/tr/urun/prd-dragon-fitness-eldiveni-w8063-3537,aciklama_yok,0,0,0,0
0,5468,"Dragon Fitness Eldiveni W8063 - L","BodyFit Shop",https://sportoonline.com/tr/urun/prd-dragon-fitness-eldiveni-w8063-l-3537-3538,aciklama_yok,0,0,0,0
0,5469,"Dragon Fitness Eldiveni W8063 - M","BodyFit Shop",https://sportoonline.com/tr/urun/prd-dragon-fitness-eldiveni-w8063-m-3537-3539,aciklama_yok,0,0,0,0
0,5471,"Dragon Fitness Eldiven Body41 - L","BodyFit Shop",https://sportoonline.com/tr/urun/prd-dragon-fitness-eldiven-body41-l-2783-3529,kopya_aciklama,510,3,0,0
0,5472,"Dragon Fitness Eldiven Body41 - M","BodyFit Shop",https://sportoonline.com/tr/urun/prd-dragon-fitness-eldiven-body41-m-2783-3530,kopya_aciklama,510,3,0,0
0,5473,"Nutrever Xtreme Protein Bar Kremalı Kurabiye 50 gr 24 Adet","BodyFit Shop",https://sportoonline.com/tr/urun/prd-nutrever-xtreme-bar-50-gr-3543,kopya_aciklama,636,2,0,0
0,5474,"Nutrever Xtreme Protein Bar Kremalı Kurabiye 50 gr 24 Adet","BodyFit Shop",https://sportoonline.com/tr/urun/prd-nutrever-xtreme-bar-50-gr-kurabiye-std-3543-3544,kopya_aciklama,636,2,0,0
0,5476,"Protein Ocean CLA Limonata 120 Gr","BodyFit Shop",https://sportoonline.com/tr/urun/prd-protein-ocean-cla-120-gr-st00041,kopya_aciklama,1676,2,0,0
0,5477,"Protein Ocean CLA Limonata 120 Gr","BodyFit Shop",https://sportoonline.com/tr/urun/prd-protein-ocean-cla-120-gr-limon-st00041-3624-st00041-3624,kopya_aciklama,1676,2,0,0
0,5494,"H Sport Fitness Eldiven - Pembe - S","BodyFit Shop",https://sportoonline.com/tr/urun/prd-h-sport-fitness-eldiven-st00069,kopya_aciklama,327,4,0,0
0,5498,"H Sport Fitness Eldiven - Siyah - S","BodyFit Shop",https://sportoonline.com/tr/urun/prd-h-sport-fitness-eldiven-siyah-s-st00069-3723,kopya_aciklama,327,4,0,0
0,5499,"H Sport Fitness Eldiven - Siyah - XL","BodyFit Shop",https://sportoonline.com/tr/urun/prd-h-sport-fitness-eldiven-siyah-m-st00069-3724,kopya_aciklama,327,4,0,0
0,5504,"Muscle Pump Wpc Instant Whey Çikolata 1950 Gr","BodyFit Shop",https://sportoonline.com/tr/urun/prd-muscle-pump-wpc-instant-whey-2250-gr-mp-01-001,kopya_aciklama,1732,2,0,0
0,5505,"Muscle Pump Wpc Instant Whey Çikolata 480 Gr","BodyFit Shop",https://sportoonline.com/tr/urun/prd-muscle-pump-wpc-instant-whey-cikolata-480-gr-mp-01-002-01,kopya_aciklama,1752,2,0,0
0,5506,"Muscle Pump Wpc Instant Whey Kurabiye 30 Gr","BodyFit Shop",https://sportoonline.com/tr/urun/prd-muscle-pump-wpc-instant-whey-30-gr-mp-01-003,kopya_aciklama,1745,2,0,0
0,5508,"Muscle Pump Wpc Instant Whey Kurabiye 900 Gr","BodyFit Shop",https://sportoonline.com/tr/urun/prd-muscle-pump-wpc-instant-whey-900-gr-mp-01-004,kopya_aciklama,1740,2,0,0
0,5509,"Muscle Pump Wpc Instant Whey Çikolata 480 Gr","BodyFit Shop",https://sportoonline.com/tr/urun/prd-muscle-pump-wpc-instant-whey-480-gr-mp-01-002,kopya_aciklama,1752,2,0,0
0,5511,"Muscle Pump Wpc Instant Whey Çikolata 68 Saşe","BodyFit Shop",https://sportoonline.com/tr/urun/prd-muscle-pump-wpc-instant-whey-68-sase-mp-01-005,kopya_aciklama,1739,2,0,0
0,5512,"Muscle Pump Wpc Instant Whey Çikolata 68 Saşe","BodyFit Shop",https://sportoonline.com/tr/urun/prd-muscle-pump-wpc-instant-whey-cikolata-68-sase-mp-01-005-01,kopya_aciklama,1739,2,0,0
0,5513,"Muscle Pump No Fat Thermo L-Carnitine Ananas 100 mL Shot","BodyFit Shop",https://sportoonline.com/tr/urun/prd-muscle-pump-no-fat-thermo-l-carnitine-100-ml-shot-mp-04-001,kopya_aciklama,1808,2,0,0
0,5514,"Muscle Pump No Fat Thermo L-Carnitine Ananas 100 mL Shot","BodyFit Shop",https://sportoonline.com/tr/urun/prd-muscle-pump-no-fat-thermo-l-carnitine-ananas-100-ml-shot-mp-04-001-01,kopya_aciklama,1808,2,0,0
0,5516,"Muscle Pump No Fat Thermo L-Carnitine Ananas 100 mL x 20 Shot","BodyFit Shop",https://sportoonline.com/tr/urun/prd-muscle-pump-no-fat-thermo-l-carnitine-100-ml-x-20-shot-mp-04-002,kopya_aciklama,1810,2,0,0
0,5517,"Muscle Pump No Fat Thermo L-Carnitine Ananas 100 mL x 20 Shot","BodyFit Shop",https://sportoonline.com/tr/urun/prd-muscle-pump-no-fat-thermo-l-carnitine-ananas-100-ml-x-20-shot-mp-04-002-01,kopya_aciklama,1810,2,0,0
0,5519,"Muscle Pump No Fat Thermo L-Carnitine Karpuz 1000 mL","BodyFit Shop",https://sportoonline.com/tr/urun/prd-muscle-pump-no-fat-thermo-l-carnitine-1000-ml-mp-04-003,kopya_aciklama,1773,2,0,0
0,5521,"Muscle Pump No Fat Thermo L-Carnitine Karpuz 1000 mL","BodyFit Shop",https://sportoonline.com/tr/urun/prd-muscle-pump-no-fat-thermo-l-carnitine-karpuz-1000-ml-mp-04-003-02,kopya_aciklama,1773,2,0,0
0,5526,"Muscle Pump Join Bcaa +Glutamine Frenk Üzümü 480 Gr","BodyFit Shop",https://sportoonline.com/tr/urun/prd-muscle-pump-join-bcaa-glutamine-480-gr-mp-002-05,kopya_aciklama,2070,2,0,0
0,5527,"Muscle Pump Join Bcaa +Glutamine Frenk Üzümü 480 Gr","BodyFit Shop",https://sportoonline.com/tr/urun/prd-muscle-pump-join-bcaa-glutamine-frenk-uzumu-480-gr-mp-002-05-01,kopya_aciklama,2070,2,0,0
0,5528,"Muscle Pump 2:1:1 True Powder Bcaa Frenk Üzümü 400 Gr","BodyFit Shop",https://sportoonline.com/tr/urun/prd-muscle-pump-2-1-1-true-powder-bcaa-400-gr-mp-002-06,kopya_aciklama,1962,2,0,0
0,5529,"Muscle Pump 2:1:1 True Powder Bcaa Frenk Üzümü 400 Gr","BodyFit Shop",https://sportoonline.com/tr/urun/prd-muscle-pump-2-1-1-true-powder-bcaa-frenk-uzumu-400-gr-mp-002-06-01,kopya_aciklama,1962,2,0,0
0,5532,"Muscle Pump 2:1:1 True Powder Bcaa Şeftali 120 Gr","BodyFit Shop",https://sportoonline.com/tr/urun/prd-muscle-pump-2-1-1-true-powder-bcaa-120-gr-mp-002-07,kopya_aciklama,1930,2,0,0
0,5535,"Muscle Pump 2:1:1 True Powder Bcaa Şeftali 120 Gr","BodyFit Shop",https://sportoonline.com/tr/urun/prd-muscle-pump-2-1-1-true-powder-bcaa-seftali-120-gr-mp-002-07-03,kopya_aciklama,1930,2,0,0
0,5540,"Muscle Pump 2:1:1 True Powder Bcaa Portakal 20 Saşe","BodyFit Shop",https://sportoonline.com/tr/urun/prd-muscle-pump-2-1-1-true-powder-bcaa-20-sase-mp-002-09,kopya_aciklama,1947,2,0,0
0,5542,"Muscle Pump 2:1:1 True Powder Bcaa Portakal 20 Saşe","BodyFit Shop",https://sportoonline.com/tr/urun/prd-muscle-pump-2-1-1-true-powder-bcaa-portakal-20-sase-mp-002-09-02,kopya_aciklama,1947,2,0,0
0,5544,"Muscle Pump 2:1:1 True Powder Bcaa Mix 21 Saşe","BodyFit Shop",https://sportoonline.com/tr/urun/prd-muscle-pump-2-1-1-true-powder-bcaa-21-sase-mp-002-10,kopya_aciklama,2632,2,0,0
0,5545,"Muscle Pump 2:1:1 True Powder Bcaa Mix 21 Saşe","BodyFit Shop",https://sportoonline.com/tr/urun/prd-muscle-pump-2-1-1-true-powder-bcaa-mix-21-sase-mp-002-10-01,kopya_aciklama,2632,2,0,0
0,5546,"Muscle Pump Glutamine Prime Powder Karpuz 420 Gr","BodyFit Shop",https://sportoonline.com/tr/urun/prd-muscle-pump-glutamine-prime-powder-420-gr-mp-002-11,kopya_aciklama,1443,2,0,0
0,5547,"Muscle Pump Glutamine Prime Powder Karpuz 420 Gr","BodyFit Shop",https://sportoonline.com/tr/urun/prd-muscle-pump-glutamine-prime-powder-karpuz-420-gr-mp-002-11-01,kopya_aciklama,1443,2,0,0
0,5550,"Muscle Pump Glutamine Prime Powder Karpuz 7 Gr","BodyFit Shop",https://sportoonline.com/tr/urun/prd-muscle-pump-glutamine-prime-powder-7g-94fa-mp-002-14,kopya_aciklama,1443,2,0,0
0,5551,"Muscle Pump Glutamine Prime Powder Karpuz 7 Gr","BodyFit Shop",https://sportoonline.com/tr/urun/prd-muscle-pump-glutamine-prime-powder-karpuz-7-gr-mp-002-14-01,kopya_aciklama,1443,2,0,0
0,5552,"Muscle Pump Glutamine Prime Karpuz 20 Saşe","BodyFit Shop",https://sportoonline.com/tr/urun/prd-muscle-pump-glutamine-prime-20-sase-dd1e-mp-002-15,kopya_aciklama,1442,2,0,0
0,5553,"Muscle Pump Glutamine Prime Karpuz 20 Saşe","BodyFit Shop",https://sportoonline.com/tr/urun/prd-muscle-pump-glutamine-prime-karpuz-20-sase-5185-mp-002-15-01,kopya_aciklama,1442,2,0,0
0,5554,"Muscle Pump Muscle Mass Gainer Çikolata 5000 Gr","BodyFit Shop",https://sportoonline.com/tr/urun/prd-muscle-pump-muscle-mass-gainer-5000-gr-mp-03-01,kopya_aciklama,2079,2,0,0
0,5555,"Muscle Pump Muscle Mass Gainer Çikolata 5000 Gr","BodyFit Shop",https://sportoonline.com/tr/urun/prd-muscle-pump-muscle-mass-gainer-cikolata-5000-gr-mp-03-01-01,kopya_aciklama,2079,2,0,0
0,5556,"Muscle Pump Muscle Mass Gainer Çikolata 3000 Gr","BodyFit Shop",https://sportoonline.com/tr/urun/prd-muscle-pump-muscle-mass-gainer-3000-gr-mp-03-02,kopya_aciklama,2084,2,0,0
0,5557,"Muscle Pump Muscle Mass Gainer Çikolata 3000 Gr","BodyFit Shop",https://sportoonline.com/tr/urun/prd-muscle-pump-muscle-mass-gainer-cikolata-3000-gr-mp-03-02-01,kopya_aciklama,2084,2,0,0
0,5558,"Muscle Pump Muscle Mass Gainer Çikolata 1200 Gr","BodyFit Shop",https://sportoonline.com/tr/urun/prd-muscle-pump-muscle-mass-gainer-1200-gr-mp-03-03,kopya_aciklama,2084,2,0,0
0,5559,"Muscle Pump Muscle Mass Gainer Çikolata 1200 Gr","BodyFit Shop",https://sportoonline.com/tr/urun/prd-muscle-pump-muscle-mass-gainer-cikolata-1200-gr-mp-03-03-01,kopya_aciklama,2084,2,0,0
0,5560,"Muscle Pump Muscle Mass Gainer Çikolata 100 Gr","BodyFit Shop",https://sportoonline.com/tr/urun/prd-muscle-pump-muscle-mass-gainer-100-gr-mp-03-04,kopya_aciklama,2082,2,0,0
0,5561,"Muscle Pump Muscle Mass Gainer Çikolata 100 Gr","BodyFit Shop",https://sportoonline.com/tr/urun/prd-muscle-pump-muscle-mass-gainer-cikolata-100-gr-mp-03-04-01,kopya_aciklama,2082,2,0,0
0,5562,"Muscle Pump Muscle Mass Gainer Çikolata 50 Saşe","BodyFit Shop",https://sportoonline.com/tr/urun/prd-muscle-pump-muscle-mass-gainer-50-sase-mp-03-05,kopya_aciklama,2085,2,0,0
0,5563,"Muscle Pump Muscle Mass Gainer Çikolata 50 Saşe","BodyFit Shop",https://sportoonline.com/tr/urun/prd-muscle-pump-muscle-mass-gainer-cikolata-50-sase-mp-03-05-01,kopya_aciklama,2085,2,0,0
0,5564,"Muscle Pump Pre-Venom Powder Ananas 510 Gr","BodyFit Shop",https://sportoonline.com/tr/urun/prd-muscle-pump-pre-venom-powder-510-gr-mp05-03,kopya_aciklama,1808,2,0,0
0,5566,"Muscle Pump Pre-Venom Powder Ananas 510 Gr","BodyFit Shop",https://sportoonline.com/tr/urun/prd-muscle-pump-pre-venom-powder-ananas-510-gr-mp05-03-01,kopya_aciklama,1808,2,0,0
0,5568,"Muscle Pump Creatine Plus Powder Karpuz 7 Gr","BodyFit Shop",https://sportoonline.com/tr/urun/prd-muscle-pump-creatine-plus-powder-karpuz-7-gr-mp-05-03-01,kopya_aciklama,1451,2,0,0
0,5569,"Muscle Pump Creatine Plus Powder Karpuz 20 Saşe","BodyFit Shop",https://sportoonline.com/tr/urun/prd-muscle-pump-creatine-plus-powder-20-sase-mp-05-01,kopya_aciklama,1452,2,0,0
0,5570,"Muscle Pump Creatine Plus Powder Karpuz 420 Gr","BodyFit Shop",https://sportoonline.com/tr/urun/prd-muscle-pump-creatine-plus-powder-420-gr-mp-05-02,kopya_aciklama,1449,2,0,0
0,5571,"Muscle Pump Creatine Plus Powder Karpuz 7 Gr","BodyFit Shop",https://sportoonline.com/tr/urun/prd-muscle-pump-creatine-plus-powder-7-gr-mp-05-03,kopya_aciklama,1451,2,0,0
0,5573,"Muscle Pump Creatine Plus Powder Karpuz 20 Saşe","BodyFit Shop",https://sportoonline.com/tr/urun/prd-muscle-pump-creatine-plus-powder-karpuz-20-sase-5439-mp-05-01-01,kopya_aciklama,1452,2,0,0
0,5575,"Muscle Pump Creatine Plus Powder Karpuz 420 Gr","BodyFit Shop",https://sportoonline.com/tr/urun/prd-muscle-pump-creatine-plus-powder-karpuz-420-gr-mp-05-02-01,kopya_aciklama,1449,2,0,0
0,5584,"Dragon Fitness Eldiven W8064 - M","BodyFit Shop",https://sportoonline.com/tr/urun/prd-dragon-fitness-eldiven-w8064-l-st00102,kopya_aciklama,645,2,0,0
0,5590,"Protein Ocean Whey Protein Çikolata 400 Gr","BodyFit Shop",https://sportoonline.com/tr/urun/prd-protein-ocean-whey-protein-cikolata-400-gr-po-2-2,kopya_aciklama,2248,8,0,0
0,5598,"Muscle Pump Spor Çanta - Mavi","BodyFit Shop",https://sportoonline.com/tr/urun/prd-muscle-pump-spor-canta-neon-turuncu-cnt-1,ince_aciklama,136,0,0,0
0,5600,"Muscle Pump Spor Çanta - Mavi","BodyFit Shop",https://sportoonline.com/tr/urun/prd-mp-spor-canta-mavi-cnt-1-2,ince_aciklama,136,0,0,0
0,5602,"Muscle Pump Spor Çanta - Siyah","BodyFit Shop",https://sportoonline.com/tr/urun/prd-mp-spor-canta-siyah-cnt-1-4,ince_aciklama,136,0,0,0
0,5603,"Muscle Pump Spor Çanta - Turuncu","BodyFit Shop",https://sportoonline.com/tr/urun/prd-mp-spor-canta-turuncu-cnt-1-5,ince_aciklama,136,0,0,0
0,5604,"Protein Ocean Whey Protein Bisküvi 1600 Gr","BodyFit Shop",https://sportoonline.com/tr/urun/prd-protein-ocean-whey-protein-1600-gr-po-9,kopya_aciklama,2248,8,0,0
0,5606,"Protein Ocean Whey Protein Çikolata 1600 Gr","BodyFit Shop",https://sportoonline.com/tr/urun/prd-protein-ocean-whey-protein-1600-gr-cikolata-po-9-2,kopya_aciklama,2248,8,0,0
0,5613,"Protein Ocean Cream Of Rice Kremalı kurabiye 1 Kg","BodyFit Shop",https://sportoonline.com/tr/urun/prd-protein-ocean-cream-of-rice-1-kg-po-13,kopya_aciklama,1510,2,0,0
0,5614,"Protein Ocean Cream Of Rice Çikolata 1 Kg","BodyFit Shop",https://sportoonline.com/tr/urun/prd-protein-ocean-cream-of-rice-1-kg-cikolata-std-po-13-4114-po-13-1,kopya_aciklama,1569,2,0,0
0,5620,"Nutrend %100 Whey Protein Çikolata Brownie 2250 Gr","BodyFit Shop",https://sportoonline.com/tr/urun/prd-nutrend-whey-protein-2250-gr-nu-001,kopya_aciklama,1907,3,0,0
0,5621,"Nutrend %100 Whey Protein Çikolata Brownie 2250 Gr","BodyFit Shop",https://sportoonline.com/tr/urun/prd-nutrend-whey-protein-cikolata-brownie-2250-gr-nu-001-01,kopya_aciklama,1907,3,0,0
0,5624,"H Sport Atlet - Gri - L","BodyFit Shop",https://sportoonline.com/tr/urun/prd-h-sport-atlet-st0011400,kopya_aciklama,195,3,0,0
0,5628,"H Sport Atlet - Siyah - L","BodyFit Shop",https://sportoonline.com/tr/urun/prd-h-sport-atlet-siyah-l-st0011400-4145-st0011400-4145,kopya_aciklama,195,3,0,0
0,5658,"Optimum Nutrition Gold Standart Whey Kurabiye Krema 2270 Gr","BodyFit Shop",https://sportoonline.com/tr/urun/prd-optimum-on-gold-whey-2270-gr-e335-on-01,kopya_aciklama,1789,2,0,0
0,5662,"Optimum Nutrition Gold Standart Whey Kurabiye Krema 2270 Gr","BodyFit Shop",https://sportoonline.com/tr/urun/prd-optimum-on-gold-whey-kurabiye-krema-2270-gr-eb19-on-01-04,kopya_aciklama,1789,2,0,0
0,5666,"Optimum Nutrition Gold Standart Whey Muz Krema 900 Gr","BodyFit Shop",https://sportoonline.com/tr/urun/prd-optimum-on-gold-whey-908-gr-on-02,kopya_aciklama,1930,4,0,0
0,5667,"Optimum Nutrition Gold Standart Whey Muz Krema 900 Gr","BodyFit Shop",https://sportoonline.com/tr/urun/prd-optimum-on-gold-whey-muz-krema-900-gr-70cb-on-02-01,kopya_aciklama,1930,4,0,0
0,5668,"Optimum Nutrition Gold Standart Whey Çilek 900Gr","BodyFit Shop",https://sportoonline.com/tr/urun/prd-optimum-on-gold-whey-cilek-900gr-7741-on-02-02,kopya_aciklama,1930,4,0,0
0,5670,"Optimum Nutrition Gold Standart Whey Double Rich Çikolata 900 Gr","BodyFit Shop",https://sportoonline.com/tr/urun/prd-optimum-on-gold-whey-double-cikolata-899-gr-3d01-on-02-04,kopya_aciklama,1930,4,0,0
0,5675,"Optimum Nutrition Platinum Hydro Whey Çikolata 1600 Gr","BodyFit Shop",https://sportoonline.com/tr/urun/prd-optimum-nutrition-platinum-hydro-whey-1600-gr-48d4-on-05,kopya_aciklama,901,2,0,0
0,5676,"Optimum Nutrition Platinum Hydro Whey Çikolata 1600 Gr","BodyFit Shop",https://sportoonline.com/tr/urun/prd-optimum-nutrition-platinum-hydro-whey-cikolata-1600-gr-42ed-on-05-01,kopya_aciklama,901,2,0,0
0,5678,"Optimum Nutrition Serious Mass Çikolata 2730 Gr","BodyFit Shop",https://sportoonline.com/tr/urun/prd-optimum-on-serious-mass-2730-gr-4b1a-on-07,kopya_aciklama,1915,2,0,0
0,5680,"Optimum Nutrition Serious Mass Çikolata 2730 Gr","BodyFit Shop",https://sportoonline.com/tr/urun/prd-optimum-on-serious-mass-cikolata-2730-gr-6a55-on-07-02,kopya_aciklama,1915,2,0,0
0,5684,"Optimum Nutrition Serious Mass Çikolata 5450 Gr","BodyFit Shop",https://sportoonline.com/tr/urun/prd-optimum-on-serious-mass-5450-gr-2452-on-09,kopya_aciklama,1871,2,0,0
0,5685,"Optimum Nutrition Serious Mass Çikolata 5450 Gr","BodyFit Shop",https://sportoonline.com/tr/urun/prd-optimum-on-serious-mass-cikolata-5450-gr-0328-on-09-01,kopya_aciklama,1871,2,0,0
0,5690,"Optimum Essential Amino Energy 270gr - Limon & Lime","BodyFit Shop",https://sportoonline.com/tr/urun/prd-optimum-essential-amino-energy-270gr-84db-on-12,kopya_aciklama,1954,2,0,0
0,5691,"Optimum Essential Amino Energy 270gr - Limon & Lime","BodyFit Shop",https://sportoonline.com/tr/urun/prd-optimum-essential-amino-energy-270gr-limon-lime-ce9c-on-12-01,kopya_aciklama,1954,2,0,0
0,5711,"Full Power Gym Eşofman - Mavi - S","BodyFit Shop",https://sportoonline.com/tr/urun/prd-full-power-gym-esofman-mavi-s-st00348-2510,kopya_aciklama,457,2,0,0
0,5721,"Protein Ocean Creatine Mono. Limonata 300 Gr","BodyFit Shop",https://sportoonline.com/tr/urun/prd-protein-ocean-aromali-creatine-300-gr-po-105,kopya_aciklama,2788,2,0,0
0,5725,"H Sport Fitness Eldiven - Pembe - S","BodyFit Shop",https://sportoonline.com/tr/urun/prd-h-sport-fitness-eldiven-h-sports-pembe-s-st00069-4328-st00069-4328,kopya_aciklama,327,4,0,0
0,5735,"Applied Critical Whey Çikolata Bueno 2000 Gr (HEDİYELİ)","BodyFit Shop",https://sportoonline.com/tr/urun/prd-applied-critical-whey-cikolata-2000-gr-app001,kopya_aciklama,1106,3,0,0
0,5737,"Applied Critical Whey Beyaz Çikolata-Ahududu 2000 Gr (HEDİYELİ)","BodyFit Shop",https://sportoonline.com/tr/urun/prd-applied-critical-whey-2000-gr-app00,kopya_aciklama,1025,3,0,0
0,5744,"Protein Ocean Stronger Havlu","BodyFit Shop",https://sportoonline.com/tr/urun/prd-protein-ocean-havlu-st00043,ince_aciklama,69,0,0,0
0,5745,"Muscle Pump Mavi İpli Çanta","BodyFit Shop",https://sportoonline.com/tr/urun/prd-muscle-pump-ipli-canta-mpc-1,ince_aciklama,124,0,0,0
0,5746,"Muscle Pump Pre Venom İpli Çanta","BodyFit Shop",https://sportoonline.com/tr/urun/prd-muscle-pump-venom-ipli-canta-mpc-2,ince_aciklama,124,0,0,0
0,5748,"Muscle Pump Pre Venom Yeşil İpli Çanta","BodyFit Shop",https://sportoonline.com/tr/urun/prd-muscle-pump-pre-venom-yesil-ipli-canta-mpc-4,ince_aciklama,124,0,0,0
0,5764,"Sygenix Çift Hazneli Shaker","BodyFit Shop",https://sportoonline.com/tr/urun/prd-sygenix-cift-hazneli-shaker-st00136,ince_aciklama,93,0,0,0
0,5768,"H Sport Atlet - Mavi - L","BodyFit Shop",https://sportoonline.com/tr/urun/prd-h-sport-atlet-mavi-l-st0011400-4449,kopya_aciklama,195,3,0,0
0,5780,"Nutrend %100 Whey Protein Kremalı Kurabiye 2250 Gr","BodyFit Shop",https://sportoonline.com/tr/urun/prd-nutrend-whey-protein-kremali-kurabiye-2250-gr-3f64-nu-001-04,kopya_aciklama,1907,3,0,0
0,5782,"Protein Ocean Cream Of Rice Limon Cheesecake 1 Kg","BodyFit Shop",https://sportoonline.com/tr/urun/prd-protein-ocean-cream-of-rice-1-kg-protein-ocean-limon-cheesecake-std-po-13-4506,kopya_aciklama,1569,2,0,0
0,5786,"Full Power Gym Eşofman - Turuncu - S","BodyFit Shop",https://sportoonline.com/tr/urun/prd-full-power-gym-esofman-full-power-turuncu-s-st00348-turuncu-s,ince_aciklama+aciklama_ad_ile_ayni,36,0,0,0
0,5788,"Full Power Gym Eşofman - Yeşil - S","BodyFit Shop",https://sportoonline.com/tr/urun/prd-full-power-gym-esofman-full-power-yesil-s-st00348-yesil-s,ince_aciklama+aciklama_ad_ile_ayni,34,0,0,0
0,5807,"Dragon 1787 Lady Siyah-Pembe Eldiven - S","BodyFit Shop",https://sportoonline.com/tr/urun/prd-dragon-1787-lady-siyah-pembe-eldiven-s-drg-001-4592,aciklama_yok,0,0,0,0
0,5808,"Dragon 1787 Lady Siyah-Pembe Eldiven - M","BodyFit Shop",https://sportoonline.com/tr/urun/prd-dragon-1787-lady-siyah-pembe-eldiven-drg-001,aciklama_yok,0,0,0,0
0,5819,"Protein Ocean Creatine Mono. Karışık Meyveli 300 Gr","BodyFit Shop",https://sportoonline.com/tr/urun/prd-protein-ocean-creatine-mono-300-gr-protein-ocean-karisik-meyve-std-po-105-4618,kopya_aciklama,2788,2,0,0
0,5826,"Enervit Protein Bar 48 Gr Limon Kek 1 Adet","BodyFit Shop",https://sportoonline.com/tr/urun/prd-enervit-protein-bar-55-gr-1-adet-enervit-003,kopya_aciklama,1215,2,0,0
0,5840,"Dragon Fitness Eldiven W8064 - M","BodyFit Shop",https://sportoonline.com/tr/urun/prd-dragon-fitness-eldiven-w8064-m-st00102-4654,kopya_aciklama,645,2,0,0
0,5845,"Dragon 1787 Lady Siyah-Pembe Eldiven - L","BodyFit Shop",https://sportoonline.com/tr/urun/prd-dragon-1787-lady-siyah-pembe-eldiven-l-drg-001-4681,aciklama_yok,0,0,0,0
0,5852,"Muscle Pump Wpc Instant Whey Kurabiye 900 Gr","BodyFit Shop",https://sportoonline.com/tr/urun/prd-muscle-pump-wpc-instant-whey-kurabiye-900-gr-mp-01-004-03,kopya_aciklama,1740,2,0,0
0,5858,"Muscle Pump Wpc Instant Whey Çikolata 1950 Gr","BodyFit Shop",https://sportoonline.com/tr/urun/prd-muscle-pump-wpc-instant-whey-cikolata-1950-gr-mp-01-0011,kopya_aciklama,1732,2,0,0
0,5860,"H Sport Süper Termal Korse (BASKI FARKLILIK GÖSTERİR)","BodyFit Shop",https://sportoonline.com/tr/urun/prd-h-sport-super-termal-korse-hs-005,kopya_aciklama,821,2,0,0
0,5861,"H Sport Termal Korse (BASKI VE RENK FARKLILIK GÖSTERİR)","BodyFit Shop",https://sportoonline.com/tr/urun/prd-h-sport-termal-korse-a158-hs-004,kopya_aciklama,821,2,0,0
0,5863,"Muscle Pump Pre Venom Ananas 100 ml Shot","BodyFit Shop",https://sportoonline.com/tr/urun/prd-muscle-pump-pre-venom-ananas-100-ml-shot-mp-51-01,kopya_aciklama,1751,2,0,0
0,5864,"Muscle Pump Pre Venom Ananas 100 ml Shot","BodyFit Shop",https://sportoonline.com/tr/urun/prd-muscle-pump-pre-venom-100-ml-shot-mp-51,kopya_aciklama,1751,2,0,0
0,5866,"Muscle Pump Pre Venom Karışık Meyve 100 ml x 20 Shot","BodyFit Shop",https://sportoonline.com/tr/urun/prd-muscle-pump-pre-venom-karisik-meyve-100-ml-x-20-shot-mp-50-01,kopya_aciklama,1767,2,0,0
0,5867,"Muscle Pump Pre Venom Karışık Meyve 100 ml x 20 Shot","BodyFit Shop",https://sportoonline.com/tr/urun/prd-muscle-pump-pre-venom-100-ml-x-20-shot-mp-50,kopya_aciklama,1767,2,0,0
0,5870,"Sygenix Whey Protein Çikolata 990 gr","BodyFit Shop",https://sportoonline.com/tr/urun/prd-sygenix-whey-protein-cikolata-990-gr-sy-10-01,kopya_aciklama,1706,2,0,0
0,5871,"Sygenix Whey Protein Çikolata 990 gr","BodyFit Shop",https://sportoonline.com/tr/urun/prd-sygenix-whey-protein-990-gr-sy-10,kopya_aciklama,1706,2,0,0
0,5873,"Sygenix Whey Protein Çilek 1980 gr","BodyFit Shop",https://sportoonline.com/tr/urun/prd-sygenix-whey-protein-cilek-1980-gr-sy-09-02,kopya_aciklama,1685,2,0,0
0,5875,"Sygenix Whey Protein Çilek 1980 gr","BodyFit Shop",https://sportoonline.com/tr/urun/prd-sygenix-whey-protein-1980-gr-sy-09,kopya_aciklama,1685,2,0,0
0,5879,"Sygenix Bcaa Portakal-Limon 300 gr","BodyFit Shop",https://sportoonline.com/tr/urun/prd-sygenix-bcaa-portakal-limon-300-gr-sy-01-02,kopya_aciklama,1449,2,0,0
0,5881,"Sygenix Bcaa Portakal-Limon 300 gr","BodyFit Shop",https://sportoonline.com/tr/urun/prd-sygenix-bcaa-300-gr-sy-01,kopya_aciklama,1449,2,0,0
0,5884,"Sygenix CarniX Thermo L-Carnitine Elma 1000 ml","BodyFit Shop",https://sportoonline.com/tr/urun/prd-sygenix-carnix-thermo-l-carnitine-elma-1000-ml-sy-02-03,kopya_aciklama,1365,2,0,0
0,5885,"Sygenix CarniX Thermo L-Carnitine Elma 1000 ml","BodyFit Shop",https://sportoonline.com/tr/urun/prd-sygenix-carnix-thermo-l-carnitine-1000-ml-sy-02,kopya_aciklama,1365,2,0,0
0,5886,"Sygenix CreaX Creatine Monohydrate Ananas 300 gr","BodyFit Shop",https://sportoonline.com/tr/urun/prd-sygenix-creax-creatine-monohydrate-ananas-300-gr-sy-05-01,kopya_aciklama,1379,2,0,0
0,5887,"Sygenix CreaX Creatine Monohydrate Ananas 300 gr","BodyFit Shop",https://sportoonline.com/tr/urun/prd-sygenix-creax-creatine-monohydrate-300-gr-sy-05,kopya_aciklama,1379,2,0,0
0,5889,"Protein Ocean Whey Protein Choco Nut 400 Gr","BodyFit Shop",https://sportoonline.com/tr/urun/prd-protein-ocean-whey-protein-400-gr-cikolata-ve-findik-std-po-2-4822,kopya_aciklama,2248,8,0,0
0,5890,"Muscle Pump WPI Isolate Whey Protein Çikolata 1500 gr","BodyFit Shop",https://sportoonline.com/tr/urun/prd-muscle-pump-wpi-isolate-whey-protein-cikolata-1500-gr-mp-52-4764,kopya_aciklama,1855,2,0,0
0,5891,"Muscle Pump WPI Isolate Whey Protein Çikolata 1500 gr","BodyFit Shop",https://sportoonline.com/tr/urun/prd-muscle-pump-wpi-isolate-whey-protein-1500-gr-mp-52,kopya_aciklama,1855,2,0,0
0,5893,"Magnet Kapak Açacağı Body Fit Shop","BodyFit Shop",https://sportoonline.com/tr/urun/prd-magnet-kapak-acacagi-magnet-001,ince_aciklama+aciklama_ad_ile_ayni,34,0,0,0
0,5894,"Magnet Kapak Açacağı Body Fit Shop","BodyFit Shop",https://sportoonline.com/tr/urun/prd-magnet-kapak-acacagi-body-fit-shop-magnet-001-01,ince_aciklama+aciklama_ad_ile_ayni,34,0,0,0
0,5896,"Magnet Kapak Açacağı Sygenix","BodyFit Shop",https://sportoonline.com/tr/urun/prd-magnet-kapak-acacagi-sygenix-magnet-001-02,ince_aciklama,35,0,0,0
0,5897,"Sygenix Mass Gainer Çikolata 3000 gr","BodyFit Shop",https://sportoonline.com/tr/urun/prd-sygenix-mass-gainer-3000-gr-sy-06,kopya_aciklama,1190,2,0,0
0,5898,"Sygenix AminoX EAA+ Karpuz 300 Gr","BodyFit Shop",https://sportoonline.com/tr/urun/prd-sygenix-aminox-300-gr-sy-03,kopya_aciklama,1496,2,0,0
0,5899,"Sygenix Mass Gainer Çikolata 3000 gr","BodyFit Shop",https://sportoonline.com/tr/urun/prd-sygenix-mass-gainer-cikolata-3000-gr-sy-06-02,kopya_aciklama,1190,2,0,0
0,5901,"Sygenix AminoX EAA+ Karpuz 300 Gr","BodyFit Shop",https://sportoonline.com/tr/urun/prd-sygenix-aminox-karpuz-300-gr-sy-03-01,kopya_aciklama,1496,2,0,0
0,5903,"Muscle Pump Spor Çanta - Pembe","BodyFit Shop",https://sportoonline.com/tr/urun/prd-muscle-pump-spor-canta-pembe-cnt-1-6,ince_aciklama,136,0,0,0
0,5904,"Muscle Pump Spor Çanta - Kırmızı","BodyFit Shop",https://sportoonline.com/tr/urun/prd-muscle-pump-spor-canta-kirmizi-cnt-1-7,ince_aciklama,136,0,0,0
0,5905,"Sygenix Complex Whey Çikolata 2200 gr","BodyFit Shop",https://sportoonline.com/tr/urun/prd-sygenix-complex-whey-cikolata-2200-gr-sy-04-01,kopya_aciklama,1262,2,0,0
0,5906,"Sygenix Complex Whey Çikolata 2200 gr","BodyFit Shop",https://sportoonline.com/tr/urun/prd-sygenix-complex-whey-2200-gr-sy-04,kopya_aciklama,1262,2,0,0
0,5915,"Protein Ocean Whey Protein Birthday Cake 400 Gr","BodyFit Shop",https://sportoonline.com/tr/urun/prd-protein-ocean-whey-protein-400-gr-protein-ocean-brithday-cake-std-po-2-4869,kopya_aciklama,2248,8,0,0
0,5918,"Protein Ocean Supreme Pump Stim Free Ahududu 300 Gr","BodyFit Shop",https://sportoonline.com/tr/urun/prd-protein-ocean-pump-stim-free-300-gr-po-008,kopya_aciklama,1053,2,0,0
0,5919,"Protein Ocean Supreme Pump Stim Free Ahududu 300 Gr","BodyFit Shop",https://sportoonline.com/tr/urun/prd-protein-ocean-pump-stim-free-ahududu-300-gr-po-008-4874,kopya_aciklama,1053,2,0,0
0,5937,"Dr.Pan Sweet Drops Toffeenut Latte 30 ml","BodyFit Shop",https://sportoonline.com/tr/urun/prd-dr-pan-sweet-drops-30-ml-dr-1111,kopya_aciklama,793,2,0,0
0,5938,"Dr.Pan Sweet Drops Toffeenut Latte 30 ml","BodyFit Shop",https://sportoonline.com/tr/urun/prd-dr-pan-sweet-drops-toffeenut-latte-30-ml-dr-1111-03,kopya_aciklama,793,2,0,0
0,5942,"Z Konzept Ultimate Recovery Formula Kan Portakalı 700 Gr","BodyFit Shop",https://sportoonline.com/tr/urun/prd-z-konzept-ultimate-recovery-formula-700-gr-zkon-07,kopya_aciklama,1252,2,0,0
0,5943,"Z Konzept Ultimate Recovery Formula Kan Portakalı 700 Gr","BodyFit Shop",https://sportoonline.com/tr/urun/prd-z-konzept-ultimate-recovery-formula-greyfurt-700-gr-zkon-07-01,kopya_aciklama,1252,2,0,0
0,6020,"Muscle Pump Wpc Instant Whey Kurabiye 30 Gr","BodyFit Shop",https://sportoonline.com/tr/urun/prd-muscle-pump-wpc-instant-whey-30-gr-muscle-pump-kurabiye-std-mp-01-003-4993,kopya_aciklama,1745,2,0,0
0,6031,"Protein Ocean Sprey Sızma Zeytinyağı 150 mL","BodyFit Shop",https://sportoonline.com/tr/urun/prd-protein-ocean-sprey-sizma-zeytinyagi-150-ml-po-0002,aciklama_yok,0,0,0,0
0,6032,"Protein Ocean Pre-Supreme Tigers Blood 280 Gr","BodyFit Shop",https://sportoonline.com/tr/urun/prd-protein-ocean-pre-supreme-280-gr-protein-ocean-tigers-blood-std-po-1-5005,kopya_aciklama,1118,2,0,0
0,6037,"Protein Ocean Whey Protein Çikolata 400 Gr","BodyFit Shop",https://sportoonline.com/tr/urun/prd-protein-ocean-whey-protein-400-gr-po-00002,kopya_aciklama,2248,8,0,0
0,6044,"Enervit Protein Bar 48 Gr Limon Kek 1 Adet","BodyFit Shop",https://sportoonline.com/tr/urun/prd-enervit-protein-bar-55-gr-1-adet-enervit-limon-kek-std-enervit-003-5020,kopya_aciklama,1215,2,0,0
0,6053,"Flava Magnezyum Complex 40 Tablet","BodyFit Shop",https://sportoonline.com/tr/urun/prd-flava-magnezyum-complex-40-tablet-flv-01000,aciklama_yok,0,0,0,0
0,6056,"Muscle Pump Siyah Shaker 600 Cc","BodyFit Shop",https://sportoonline.com/tr/urun/prd-muscle-pump-siyah-shaker-600-cc-st00172000,aciklama_yok,0,0,0,0
0,6057,"Muscle Pump Yeşil Venom Shaker 600 Cc","BodyFit Shop",https://sportoonline.com/tr/urun/prd-muscle-pump-yesil-venom-shaker-600-cc-st0017100,aciklama_yok,0,0,0,0
0,6065,"Applied Endurance Energy Isotonic Gel Meyve Patlaması 1 Adet 60 Gr","BodyFit Shop",https://sportoonline.com/tr/urun/prd-applied-endurance-isotonic-gel-1-adet-60-gr-end-002-01,kopya_aciklama,1429,2,0,0
0,6066,"Applied Endurance Energy Isotonic Gel Meyve Patlaması 1 Adet 60 Gr","BodyFit Shop",https://sportoonline.com/tr/urun/prd-applied-endurance-energy-isotonic-gel-meyve-patlamasi-1-adet-60-gr-end-002-03,kopya_aciklama,1429,2,0,0
0,6071,"Protein Ocean EAA+ Karışık Meyve 120 Gr","BodyFit Shop",https://sportoonline.com/tr/urun/prd-protein-ocean-eaa-120-gr-po-049,aciklama_yok,0,0,0,0
0,6075,"MUSCLE PUMP BASKILI T-SHİRT","BodyFit Shop",https://sportoonline.com/tr/urun/prd-muscle-pump-baskili-t-shirt-urun0000000007578,aciklama_yok,0,0,0,0
0,6077,"Nutrever Pure Creatine Monohydrat Powder 500 Gr","BodyFit Shop",https://sportoonline.com/tr/urun/prd-nutrever-pure-creatine-monohydrat-powder-500-gr-4260399645312,aciklama_yok,0,0,0,0
0,6080,"Applied Critical Whey Beyaz Çikolata-Ahududu 2000 Gr (HEDİYELİ)","BodyFit Shop",https://sportoonline.com/tr/urun/prd-applied-critical-whey-beyaz-cikolata-ahud-2000-gr-app00-beyaz-cikolata-ahud-std,kopya_aciklama,1025,3,0,0
0,6083,"Applied Critical Whey Muz 2000 Gr (HEDİYELİ)","BodyFit Shop",https://sportoonline.com/tr/urun/prd-applied-critical-whey-muz-2000-gr-app00-muz-std,kopya_aciklama,1025,3,0,0
0,6086,"Flava Vitamin K2 45 Kapsül","BodyFit Shop",https://sportoonline.com/tr/urun/prd-flava-vitamin-k2-45-kapsul-flv-031,aciklama_yok,0,0,0,0
0,6094,"Protein Ocean EAA+ Karışık Meyve 300 Gr","BodyFit Shop",https://sportoonline.com/tr/urun/prd-protein-ocean-eaa-karisik-meyve-300-gr-po-056-01,aciklama_yok,0,0,0,0
0,6095,"Protein Ocean EAA+ Yeşil Elma 300 Gr","BodyFit Shop",https://sportoonline.com/tr/urun/prd-protein-ocean-eaa-yesil-elma-300-gr-po-056-02,aciklama_yok,0,0,0,0
0,6096,"Protein Ocean EAA+ Karışık Meyve 300 Gr","BodyFit Shop",https://sportoonline.com/tr/urun/prd-protein-ocean-eaa-300-gr-po-056,aciklama_yok,0,0,0,0
0,6098,"Protein Ocean EAA+ Yeşil Elma 120 Gr","BodyFit Shop",https://sportoonline.com/tr/urun/prd-protein-ocean-eaa-yesil-elma-120-gr-po-049-02,aciklama_yok,0,0,0,0
0,6099,"Protein Ocean EAA+ Karışık Meyve 120 Gr","BodyFit Shop",https://sportoonline.com/tr/urun/prd-protein-ocean-eaa-karisik-meyve-120-gr-po-049-01,aciklama_yok,0,0,0,0
0,6100,"Protein Ocean Whey Protein Muhallebi 400 Gr","BodyFit Shop",https://sportoonline.com/tr/urun/prd-protein-ocean-whey-protein-muhallebi-400-gr-po-00222,kopya_aciklama,2248,8,0,0
0,6101,"Seed n Grains İnce Öğütülmüş Yulaf Ezmesi 400 Gr","BodyFit Shop",https://sportoonline.com/tr/urun/prd-seed-n-grains-ince-ogutulmus-yulaf-ezmesi-400-gr-sg-01,aciklama_yok,0,0,0,0
0,6103,"Seed n Grains Basmati Pirinç 1000 Gr","BodyFit Shop",https://sportoonline.com/tr/urun/prd-seed-n-grains-basmati-pirinc-1000-gr-st00177,aciklama_yok,0,0,0,0
0,6108,"Protein Ocean Protein Bar Çikolata ve Fındık 1 Adet","BodyFit Shop",https://sportoonline.com/tr/urun/prd-protein-ocean-protein-bar-cikolata-ve-findik-1-adet-po-111111,aciklama_yok,0,0,0,0
0,6109,"Multipower Delight Dark Çikolata Mochalı Protein Bar 1 Adet","BodyFit Shop",https://sportoonline.com/tr/urun/prd-multipower-protein-delight-dark-cikolata-bar-1-adet-mp-524770,aciklama_yok,0,0,0,0
0,6110,"Multipower Delight Dark Çikolata Mochalı Protein Bar 18 Adet","BodyFit Shop",https://sportoonline.com/tr/urun/prd-multipower-protein-delight-dark-cikolata-bar-18-adet-mp-524769,aciklama_yok,0,0,0,0
0,6113,"Multipower Whey Protein Shake Kurabiye 900 Gr","BodyFit Shop",https://sportoonline.com/tr/urun/prd-multipower-whey-protein-shake-kurabiye-900-gr-st00109-5170,kopya_aciklama,1448,2,0,0
0,6114,"Multipower Protein Layer Bar Beyaz Çikolata-Çilek 1 Adet","BodyFit Shop",https://sportoonline.com/tr/urun/prd-multipower-protein-layer-bar-cikolata-cilek-1-adet-mp-1265,kopya_aciklama,805,2,0,0
0,6115,"Multipower Protein Layer Bar Beyaz Çikolata-Çilek 18 Adet","BodyFit Shop",https://sportoonline.com/tr/urun/prd-multipower-protein-layer-bar-cikolata-cilek-18-adet-mp-1264,kopya_aciklama,805,2,0,0
0,6134,"Protein Ocean Whey Protein Cookie & Banana 400 Gr","BodyFit Shop",https://sportoonline.com/tr/urun/prd-protein-ocean-whey-protein-cookie-banana-400-gr-po-2-7,kopya_aciklama,2248,8,0,0
0,6135,"Flava Biotin 60 Kapsül","BodyFit Shop",https://sportoonline.com/tr/urun/prd-flava-biotin-60-kapsul-flv-32,aciklama_yok,0,0,0,0
0,6148,"Applied Critical Whey Çikolata Milkshake 2000 Gr (HEDİYELİ)","BodyFit Shop",https://sportoonline.com/tr/urun/prd-applied-critical-whey-cikolata-milkshake-2000-gr-st001901,kopya_aciklama,1106,3,0,0
0,6149,"Applied Critical Whey Beyaz Çikolata Bueno 2000 Gr (HEDİYELİ)","BodyFit Shop",https://sportoonline.com/tr/urun/prd-applied-critical-whey-beyaz-cikolata-2000-gr-st001902,kopya_aciklama,1106,3,0,0
0,6150,"Applied Nutrition Lifestyle Sports Water Bootle 1000 mL","BodyFit Shop",https://sportoonline.com/tr/urun/prd-applied-nutrition-lifestyle-sports-water-bootle-1000-ml-shaker1,aciklama_yok,0,0,0,0
0,6152,"Danvita Peynirli Frenk Soğanlı Kraker 130 Gr","BodyFit Shop",https://sportoonline.com/tr/urun/prd-danvita-peynirli-soganli-kraker-130-gr-danvita-2,aciklama_yok,0,0,0,0
0,6153,"Protein Ocean Cream Of Rice Red Velvet Cake 1 Kg","BodyFit Shop",https://sportoonline.com/tr/urun/prd-protein-ocean-cream-of-rice-red-velvet-cake-1-kg-po-13-50261,kopya_aciklama,1510,2,0,0
0,6172,"Nutraxin Iron Max 30 Tablet","BodyFit Shop",https://sportoonline.com/tr/urun/prd-nutraxin-iron-max-30-tablet-nut-029,aciklama_yok,0,0,0,0
0,6182,"Muscle Pump Baskılı Klimalı Tişört - Beyaz - XXL","BodyFit Shop",https://sportoonline.com/tr/urun/prd-muscle-pump-baskili-beyaz-tisort-beyaz-xxl-mus-114,aciklama_yok,0,0,0,0
0,6183,"Muscle Pump Baskılı Klimalı Tişört - Beyaz - XL","BodyFit Shop",https://sportoonline.com/tr/urun/prd-muscle-pump-baskili-beyaz-tisort-beyaz-xl-mus-113,aciklama_yok,0,0,0,0
0,6184,"Muscle Pump Baskılı Klimalı Tişört - Beyaz - L","BodyFit Shop",https://sportoonline.com/tr/urun/prd-muscle-pump-baskili-beyaz-tisort-beyaz-l-mus-112,aciklama_yok,0,0,0,0
0,6185,"Muscle Pump Baskılı Klimalı Tişört - Beyaz - M","BodyFit Shop",https://sportoonline.com/tr/urun/prd-muscle-pump-baskili-beyaz-tisort-beyaz-m-mus-111,aciklama_yok,0,0,0,0
0,6186,"Muscle Pump Baskılı Klimalı Tişört - Beyaz - XXL","BodyFit Shop",https://sportoonline.com/tr/urun/prd-muscle-pump-baskili-beyaz-tisort-mus-110,aciklama_yok,0,0,0,0
0,6189,"Protein Ocean Pre-Supreme Fruit Fusion 280 Gr","BodyFit Shop",https://sportoonline.com/tr/urun/prd-protein-ocean-pre-supreme-fruit-fusion-280-gr-st002081,kopya_aciklama,1118,2,0,0
0,6191,"Danvita Zeytinli&Sarımsaklı Kraker 130 Gr","BodyFit Shop",https://sportoonline.com/tr/urun/prd-danvita-zeytinlisarimsakli-kraker-130-gr-danvita1,aciklama_yok,0,0,0,0
0,6196,"10 Adet Tatami Minderi 100x100 cm 26 mm SİYAH - GRİ",Ceysport,https://sportoonline.com/tr/urun/10-adet-tatami-minderi-100x100-cm-26-mm-siyah-gri,ince_aciklama,138,0,0,0
0,6204,"Renkli Oyun Tüneli",Ceysport,https://sportoonline.com/tr/urun/renkli-oyun-tuneli,ince_aciklama+aciklama_ad_ile_ayni,18,0,0,0
0,6205,"Takla Minderi",Ceysport,https://sportoonline.com/tr/urun/takla-minderi,ince_aciklama+aciklama_ad_ile_ayni,13,0,0,0
0,6206,"Denge & Koordinasyon Minder Seti",Ceysport,https://sportoonline.com/tr/urun/denge-koordinasyon-minder-seti,ince_aciklama,36,0,0,0
0,6207,"Mini Hareket Parkuru",Ceysport,https://sportoonline.com/tr/urun/mini-hareket-parkuru,ince_aciklama,29,0,0,0
0,6208,"Basketbol Çemberi Helix Eco",Ceysport,https://sportoonline.com/tr/urun/basketbol-cemberi-helix-eco,ince_aciklama,55,0,0,0
0,6209,"Düz Bench Sehpası | Profesyonel Antrenman Sehpası",Ceysport,https://sportoonline.com/tr/urun/duz-bench-sehpasi-profesyonel-antrenman-sehpasi,ince_aciklama,15,0,0,0
0,6210,"Flat Bench Sehpası Düz Bench",Ceysport,https://sportoonline.com/tr/urun/flat-bench-sehpasi-duz-bench,ince_aciklama,16,0,0,0
0,6211,"Siyah Bench Sehpası Ayarlanabilir",Ceysport,https://sportoonline.com/tr/urun/siyah-bench-sehpasi-ayarlanabilir,ince_aciklama,29,0,0,0
0,6212,"Kırmızı Bench Sehpası Ayarlanabilir",Ceysport,https://sportoonline.com/tr/urun/kirmizi-bench-sehpasi,ince_aciklama,31,0,0,0
0,6213,"AVESSA PORTATİF BASKETBOL POTASI 1,08-2,10 MT CPBP-20",Ceysport,https://sportoonline.com/tr/urun/avessa-portatif-basketbol-potasi-108-210-mt-cpbp-20,ince_aciklama,25,0,0,0
0,6215,"CrossFit Kızak Halısı 1 x 10 mt | HYROX Uyumlu Kızak & Koşu Halısı",Ceysport,https://sportoonline.com/tr/urun/crossfit-kizak-halisi-1-x-10-mt-hyrox-uyumlu-kizak-kosu-halisi,ince_aciklama,88,0,0,0
0,6217,"Soft Plyo 50×60×75",Ceysport,https://sportoonline.com/tr/urun/soft-plyo-50x60x75,ince_aciklama,15,0,0,0
0,6218,"Wood Plyo Sıçrama Kutusu 40 cm",Ceysport,https://sportoonline.com/tr/urun/wood-plyo-sicrama-kutusu-40-cm,kopya_aciklama,253,8,0,0
0,6220,"Wood Plyo Sıçrama Kutusu 30-40-50 cm SET",Ceysport,https://sportoonline.com/tr/urun/wood-plyo-sicrama-kutusu-30-40-50-cm-set,kopya_aciklama,253,8,0,0
0,6221,"Wood Plyo Sıçrama Kutusu 80 cm",Ceysport,https://sportoonline.com/tr/urun/wood-plyo-sicrama-kutusu-80-cm,kopya_aciklama,253,8,0,0
0,6222,"Wood Plyo Sıçrama Kutusu 70 cm",Ceysport,https://sportoonline.com/tr/urun/wood-plyo-sicrama-kutusu-70-cm,kopya_aciklama,253,8,0,0
0,6223,"Wood Plyo Sıçrama Kutusu 60 cm",Ceysport,https://sportoonline.com/tr/urun/wood-plyo-sicrama-kutusu-60-cm,kopya_aciklama,253,8,0,0
0,6224,"Wood Plyo Sıçrama Kutusu 50 cm",Ceysport,https://sportoonline.com/tr/urun/wood-plyo-sicrama-kutusu-50-cm,kopya_aciklama,253,8,0,0
0,6225,"Wood Plyo Sıçrama Kutusu 30 cm",Ceysport,https://sportoonline.com/tr/urun/wood-plyo-sicrama-kutusu-30-cm,kopya_aciklama,253,8,0,0
0,6226,"Wood Plyo Sıçrama Kutusu 20 cm",Ceysport,https://sportoonline.com/tr/urun/wood-plyo-sicrama-kutusu-20-cm,kopya_aciklama,253,8,0,0
0,6230,"Profesyonel Plyometric Box Seti (30-45-60 cm) - Çelik Zıplama Kutusu Kırmızı",Ceysport,https://sportoonline.com/tr/urun/profesyonel-plyometric-box-seti-30-45-60-cm-celik-ziplama-kutusu-kirmizi,ince_aciklama,130,0,0,0
0,6238,"Pro Halter Platformu",Ceysport,https://sportoonline.com/tr/urun/pro-halter-platformu,ince_aciklama,8,0,0,0
0,6239,"Halter Atış Minderi (Drop Pad)",Ceysport,https://sportoonline.com/tr/urun/halter-atis-minderi-drop-pad,ince_aciklama,15,0,0,0
0,6242,"Ağırlık Yeleği 20 KG Kamuflaj – Profesyonel Antrenman Yeleği",Ceysport,https://sportoonline.com/tr/urun/agirlik-yelegi-20-kg-kamuflaj-profesyonel-antrenman-yelegi,ince_aciklama,17,0,0,0
0,6245,"Denge Tahtası Profesyonel",Ceysport,https://sportoonline.com/tr/urun/denge-tahtasi-profesyonel,ince_aciklama,17,0,0,0
0,6246,"Tatami Minderi 100x100 cm 26 mm KIRMIZI - MAVİ",Ceysport,https://sportoonline.com/tr/urun/tatami-minderi-100x100-cm-26-mm,ince_aciklama,138,0,0,0
0,6248,"El ve Ayak Ağırlığı 5 Kg 2x 2,5 Kg",Ceysport,https://sportoonline.com/tr/urun/ayak-agirligi-5-kg-2x-25-kg,ince_aciklama,11,0,0,0
0,6249,"Portatif Squat Stand – Genişliği Ayarlanabilir Power Stand",Ceysport,https://sportoonline.com/tr/urun/portatif-squat-stand-genisligi-ayarlanabilir-power-stand,ince_aciklama,21,0,0,0
0,6250,"Power Kafes Rack 80×80×3 mm – Elit Seri Güç ve Performans Sistemi",Ceysport,https://sportoonline.com/tr/urun/power-kafes-rack-80x80x3-mm-elit-seri-guc-ve-performans-sistemi,ince_aciklama,21,0,0,0
0,6251,"Pro Power Rack 80x80x3 mm – Elit Seri Squat & Power Cage",Ceysport,https://sportoonline.com/tr/urun/pro-power-rack-80x80x3-mm-elit-seri-squat-power-cage,ince_aciklama,21,0,0,0
0,6254,"PRO Squat Stand – Çok Fonksiyonlu Serbest Ağırlık İstasyonu",Ceysport,https://sportoonline.com/tr/urun/pro-squat-stand-cok-fonksiyonlu-serbest-agirlik-istasyonu,ince_aciklama,139,0,0,0
0,6256,"Bulldog Pad – İstasyona Monte Kalça Destek Pedi",Ceysport,https://sportoonline.com/tr/urun/bulldog-pad-istasyona-monte-kalca-destek-pedi,ince_aciklama,13,0,0,0
0,6257,"Lever Power Arms Eklentisi – İstasyona Monte",Ceysport,https://sportoonline.com/tr/urun/lever-power-arms-eklentisi-istasyona-monte,ince_aciklama,13,0,0,0
0,6258,"Dips Aleti – İstasyona Monte",Ceysport,https://sportoonline.com/tr/urun/dips-aleti-istasyona-monte,ince_aciklama,13,0,0,0
0,6259,"Land Mine (İstasyona Monte) – Profesyonel Barbell Pivot Aparatı",Ceysport,https://sportoonline.com/tr/urun/land-mine-istasyona-monte-profesyonel-barbell-pivot-aparati,ince_aciklama,13,0,0,0
0,6260,"WALL-BALL HEDEFİ | Sağlık Topu Atış Hedefi",Ceysport,https://sportoonline.com/tr/urun/wall-ball-hedefi-saglik-topu-atis-hedefi,ince_aciklama,8,0,0,0
0,6264,"Dart Oku 3'lü",Ceysport,https://sportoonline.com/tr/urun/dart-oku-3lu,kopya_aciklama,213,2,0,0
0,6265,"Dart Oku 3'lü 20 gr",Ceysport,https://sportoonline.com/tr/urun/dart-oku-3lu-20-gr,kopya_aciklama,213,2,0,0
0,6266,"Pilastik Kettlebell 8 Kg",Ceysport,https://sportoonline.com/tr/urun/pilastik-kettlebell-8-kg,ince_aciklama,21,0,0,0
0,6269,"J-CUPS | Profesyonel Halter Bar Tutucu Aparat",Ceysport,https://sportoonline.com/tr/urun/j-cups-profesyonel-halter-bar-tutucu-aparat,ince_aciklama,18,0,0,0
0,6271,"İsveç Duvarı – Çok Fonksiyonlu Duvar Tipi Antrenman İstasyonu",Ceysport,https://sportoonline.com/tr/urun/isvec-duvari-cok-fonksiyonlu-duvar-tipi-antrenman-istasyonu,ince_aciklama,21,0,0,0
0,6272,"Güç İstasyonu Duvara Monte 4 İstasyon 10 Direk",Ceysport,https://sportoonline.com/tr/urun/guc-istasyonu-duvara-monte-4-istasyon-10-direk,ince_aciklama,18,0,0,0
0,6274,"Tatami Minderi 100x100 cm 13 mm GRİ",Ceysport,https://sportoonline.com/tr/urun/tatami-minderi-100x100-cm-13-mm-gri,ince_aciklama,138,0,0,0
0,6275,"Basketbol Filesi Ağı Nodes CN262BS 10mm",Ceysport,https://sportoonline.com/tr/urun/basketbol-filesi-agi-nodes-cn262bs-10mm,ince_aciklama,8,0,0,0
0,6277,"Duvara Monte Yeni Nesil Çok Fonksiyonlu Barfiks",Ceysport,https://sportoonline.com/tr/urun/duvara-monte-yeni-nesil-cok-fonksiyonlu-barfiks,ince_aciklama,131,0,0,0
0,6278,"Profesyonel Silikon Dişlik Avessa D-100",Ceysport,https://sportoonline.com/tr/urun/profesyonel-silikon-dislik-avessa-d-100,aciklama_yok,0,0,0,0
0,6279,"Kauçuk Kettlebell 20 Kg",Ceysport,https://sportoonline.com/tr/urun/kaucuk-kettlebell-20-kg,ince_aciklama,21,0,0,0
0,6280,"Powerkol Bilek Rotasyon Makinesi",Ceysport,https://sportoonline.com/tr/urun/powerkol-bilek-rotasyon-makinesi,ince_aciklama,47,0,0,0
0,6281,"Cimnastik Halkası Ahşap",Ceysport,https://sportoonline.com/tr/urun/cimnastik-halkasi-ahsap,ince_aciklama,13,0,0,0
0,6282,"Triceps Halatı Çift Yön Renkli",Ceysport,https://sportoonline.com/tr/urun/triceps-halati-cift-yon-renkli,ince_aciklama,38,0,0,0
0,6283,"Pilastik Kettlebell 12 Kg",Ceysport,https://sportoonline.com/tr/urun/pilastik-kettlebell-12-kg,ince_aciklama,21,0,0,0
0,6284,"Güç İstasyonu Duvara Monte – 4 İstasyon 8 Direk",Ceysport,https://sportoonline.com/tr/urun/guc-istasyonu-duvara-monte-4-istasyon-8-direk,ince_aciklama,13,0,0,0
0,6285,"Güç İstasyonu Duvara Monte – 3 İstasyon 6 Direk",Ceysport,https://sportoonline.com/tr/urun/guc-istasyonu-duvara-monte-3-istasyon-6-direk,ince_aciklama,18,0,0,0
0,6286,"Güç İstasyonu Duvara Monte – 2 İstasyon 4 Direk",Ceysport,https://sportoonline.com/tr/urun/guc-istasyonu-duvara-monte-2-istasyon-4-direk,ince_aciklama,13,0,0,0
0,6287,"Güç İstasyonu Duvara Monte – 1 İstasyon 2 Direk",Ceysport,https://sportoonline.com/tr/urun/guc-istasyonu-duvara-monte-1-istasyon-2-direk,ince_aciklama,18,0,0,0
0,6288,"Güç İstasyonu Orta Tip – 10 İstasyon 20 Direk",Ceysport,https://sportoonline.com/tr/urun/guc-istasyonu-orta-tip-10-istasyon-20-direk,ince_aciklama,21,0,0,0
0,6289,"Güç İstasyonu Orta Tip – 8 İstasyon 16 Direk",Ceysport,https://sportoonline.com/tr/urun/guc-istasyonu-orta-tip-8-istasyon-16-direk,ince_aciklama,21,0,0,0
0,6290,"Güç İstasyonu Orta Tip – 6 İstasyon 12 Direk",Ceysport,https://sportoonline.com/tr/urun/guc-istasyonu-orta-tip-6-istasyon-12-direk,ince_aciklama,20,0,0,0
0,6291,"Güç İstasyonu Orta Tip – 4 İstasyon 8 Direk",Ceysport,https://sportoonline.com/tr/urun/guc-istasyonu-orta-tip-4-istasyon-8-direk,ince_aciklama,18,0,0,0
0,6292,"Güç İstasyonu Orta Tip – 2 İstasyon 4 Direk",Ceysport,https://sportoonline.com/tr/urun/guc-istasyonu-orta-tip-2-istasyon-4-direk,ince_aciklama,13,0,0,0
0,6293,"Duvara Monte Wall Ball – Top & Pilates Matı Depolama Askısı Küçük",Ceysport,https://sportoonline.com/tr/urun/duvara-monte-wall-ball-top-pilates-mati-depolama-askisi-kucuk,ince_aciklama,21,0,0,0
0,6294,"Duvara Monte Wall Ball – Top & Pilates Matı Depolama Askısı",Ceysport,https://sportoonline.com/tr/urun/duvara-monte-wall-ball-top-pilates-mati-depolama-askisi,ince_aciklama,21,0,0,0
0,6296,"Slam Ball & Medicine Ball Standı | Tekli Dikey Model",Ceysport,https://sportoonline.com/tr/urun/slam-ball-medicine-ball-standi-tekli-dikey-model,ince_aciklama,13,0,0,0
0,6297,"Profesyonel İkili Dikey Wall Ball / Medicine Ball Standı",Ceysport,https://sportoonline.com/tr/urun/profesyonel-ikili-dikey-wall-ball-medicine-ball-standi,ince_aciklama,13,0,0,0
0,6298,"İkili Dikey Slam Ball & Medicine Ball Standı",Ceysport,https://sportoonline.com/tr/urun/ikili-dikey-slam-ball-medicine-ball-standi,ince_aciklama,13,0,0,0
0,6299,"Dambıl Rack 20’li | Profesyonel Dambıl Rafı",Ceysport,https://sportoonline.com/tr/urun/dambil-rack-20li-profesyonel-dambil-rafi,ince_aciklama,13,0,0,0
0,6300,"Dambıl Rack 24’lü | 3 Katlı Profesyonel Dambıl Standı",Ceysport,https://sportoonline.com/tr/urun/dambil-rack-24lu-3-katli-profesyonel-dambil-standi,ince_aciklama,13,0,0,0
0,6301,"Dambıl Rack 10’lu – Profesyonel Dambıl Depolama Standı",Ceysport,https://sportoonline.com/tr/urun/dambil-rack-10lu-profesyonel-dambil-depolama-standi,ince_aciklama,21,0,0,0
0,6302,"Ultra Raf Sistemi 3 – Profesyonel Çok Amaçlı Depolama Rafı",Ceysport,https://sportoonline.com/tr/urun/ultra-raf-sistemi-3-profesyonel-cok-amacli-depolama-rafi,ince_aciklama,8,0,0,0
0,6303,"Ultra Raf Sistemi 2 – Profesyonel Çok Amaçlı Depolama Rafı",Ceysport,https://sportoonline.com/tr/urun/ultra-raf-sistemi-2-profesyonel-cok-amacli-depolama-rafi,ince_aciklama,8,0,0,0
0,6304,"Ultra Raf Sistemi 1 – Profesyonel Çok Amaçlı Depolama Rafı",Ceysport,https://sportoonline.com/tr/urun/ultra-raf-sistemi-1-profesyonel-cok-amacli-depolama-rafi,ince_aciklama,21,0,0,0
0,6305,"Kettlebell Rafı – Profesyonel 2 Katlı Depolama Ünitesi",Ceysport,https://sportoonline.com/tr/urun/kettlebell-rafi-profesyonel-2-katli-depolama-unitesi,ince_aciklama,21,0,0,0
0,6306,"Egzersiz Karın Aleti",Ceysport,https://sportoonline.com/tr/urun/egzersiz-tekeri-renkli-kutu-2,ince_aciklama,29,0,0,0
0,6309,"Plaj Voleybol Topu Mikasa BV550C FIVB Onaylı",Ceysport,https://sportoonline.com/tr/urun/mikasa-bv550c-fivb-onayli-sentetik-deri-beach-resmi-voleybol-topu,ince_aciklama,65,0,0,0
0,6315,"Voleybol Topu Mikasa V300W FIVB Onaylı No-5",Ceysport,https://sportoonline.com/tr/urun/voleybol-topu-mikasa-v300w-fivb-onayli-mikasa-no-5,ince_aciklama,54,0,0,0
0,6316,"Yapıştırma Lastikli Smaç Eğitim Voleybol Topu Mikasa V300W AT-TR No-5",Ceysport,https://sportoonline.com/tr/urun/yapistirma-lastikli-smac-egitim-voleybol-topu-mikasa-v300w-at-tr-no-5,ince_aciklama,45,0,0,0
0,6318,"Voleybol Topu Mikasa V360W-SL No-5",Ceysport,https://sportoonline.com/tr/urun/voleybol-topu-mikasa-v360w-sl-no-5,ince_aciklama,66,0,0,0
0,6319,"Voleybol Topu Mikasa V360W-L No-5",Ceysport,https://sportoonline.com/tr/urun/voleybol-topu-mikasa-v360w-l-no-5,ince_aciklama,66,0,0,0
0,6320,"Pasör Eğitim Voleybol Topu Mikasa VT370W No-5",Ceysport,https://sportoonline.com/tr/urun/pasor-egitim-voleybol-topu-mikasa-vt370w-no-5,ince_aciklama,126,0,0,0
0,6326,"Pasör Eğitim Voleybol Topu Mikasa VT500W No-5",Ceysport,https://sportoonline.com/tr/urun/pasor-egitim-voleybol-topu-mikasa-vt500w-no-5,ince_aciklama,134,0,0,0
0,6348,"Futbol Topu Molten F5A1710 Dikişli No-5",Ceysport,https://sportoonline.com/tr/urun/futbol-topu-molten-f5a1710-dikisli-no-5,kopya_aciklama,566,3,0,0
0,6349,"Futbol Topu Molten F5A1710-O Dikişli No-5",Ceysport,https://sportoonline.com/tr/urun/futbol-topu-molten-f5a1710-o-dikisli-no-5,kopya_aciklama,566,3,0,0
0,6351,"Futbol Topu Molten F5A1710-Y Dikişli No-5",Ceysport,https://sportoonline.com/tr/urun/futbol-topu-molten-f5a1710-y-dikisli-no-5,kopya_aciklama,566,3,0,0
0,6356,"Ucabor PU Mıcro Fiber Korfball Topu Sarı - Lacivert",Ceysport,https://sportoonline.com/tr/urun/ucabor-pu-micro-fiber-korfball-topu-sari-lacivert,ince_aciklama,62,0,0,0
0,6357,"Mikasa K5-IKF Sentetik Korfball Topu Sarı/Lacivert",Ceysport,https://sportoonline.com/tr/urun/mikasa-k5-ikf-sentetik-korfball-topu-sari-lacivert,ince_aciklama,67,0,0,0
0,6358,"Eğitici Oyuncak MMX Blocks Kutulu",Ceysport,https://sportoonline.com/tr/urun/egitici-oyuncak-mmx-blocks-kutulu,ince_aciklama,17,0,0,0
0,6359,"Vinyl PVC Dambıl 4 Kg",Ceysport,https://sportoonline.com/tr/urun/vinyl-pvc-dambil-4-kg,ince_aciklama,16,0,0,0
0,6360,"Vinyl PVC Dambıl 2,5 Kg",Ceysport,https://sportoonline.com/tr/urun/vinyl-pvc-dambil-25-kg,ince_aciklama,16,0,0,0
0,6362,"ProLine Depolama Ünitesi – 3 Katlı",Ceysport,https://sportoonline.com/tr/urun/proline-depolama-unitesi-3-katli,ince_aciklama,21,0,0,0
0,6363,"Pro Plaka Arabası",Ceysport,https://sportoonline.com/tr/urun/pro-plaka-arabasi,ince_aciklama,21,0,0,0
0,6364,"Profesyonel Dikey Dambıl Rafı",Ceysport,https://sportoonline.com/tr/urun/profesyonel-dikey-dambil-rafi,ince_aciklama,21,0,0,0
0,6365,"Duvara Monte Ahşşap Dambıl Stand",Ceysport,https://sportoonline.com/tr/urun/duvara-monte-ahssap-dambil-stand,ince_aciklama,21,0,0,0
0,6366,"Tekerlekli Mat Askısı",Ceysport,https://sportoonline.com/tr/urun/tekerlekli-mat-askisi,ince_aciklama,21,0,0,0
0,6367,"CrossFit Aksesuar Askısı",Ceysport,https://sportoonline.com/tr/urun/crossfit-aksesuar-askisi,ince_aciklama,21,0,0,0
0,6368,"Duvara Monte Ahşap Bar Standı (3’lü)",Ceysport,https://sportoonline.com/tr/urun/duvara-monte-ahsap-bar-standi-3lu,ince_aciklama,21,0,0,0
0,6369,"Duvara Monte Ahşap Bar Standı (6’lı)",Ceysport,https://sportoonline.com/tr/urun/duvara-monte-ahsap-bar-standi-6li,ince_aciklama,21,0,0,0
0,6370,"Atlama İpi Avessa 7 mt",Ceysport,https://sportoonline.com/tr/urun/atlama-ipi-avessa-7-mt,ince_aciklama,48,0,0,0
0,6371,"3’lü Duvara Monte Bar Askısı",Ceysport,https://sportoonline.com/tr/urun/3lu-duvara-monte-bar-askisi,ince_aciklama,21,0,0,0
0,6372,"Olimpik Plaka ve Bar Standı",Ceysport,https://sportoonline.com/tr/urun/olimpik-plaka-ve-bar-standi,ince_aciklama,21,0,0,0
0,6375,"Tekerlekli Olimpik Plaka ve Bar Standı",Ceysport,https://sportoonline.com/tr/urun/tekerlekli-olimpik-plaka-ve-bar-standi,ince_aciklama,18,0,0,0
0,6377,"Neopren Sağlık Topu 5 KG",Ceysport,https://sportoonline.com/tr/urun/neopren-saglik-topu-5-kg,ince_aciklama,144,0,0,0
0,6379,"Neopren Sağlık Topu 3 KG",Ceysport,https://sportoonline.com/tr/urun/neopren-saglik-topu-3-kg,ince_aciklama,133,0,0,0
0,6382,"Hip Thrust Bench Pro",Ceysport,https://sportoonline.com/tr/urun/hip-thrust-bench-pro,ince_aciklama,21,0,0,0
0,6383,"DEADLIFT Bar Jack",Ceysport,https://sportoonline.com/tr/urun/deadlift-bar-jack,ince_aciklama,21,0,0,0
0,6384,"Split Pro Stand",Ceysport,https://sportoonline.com/tr/urun/split-pro-stand,ince_aciklama,21,0,0,0
0,6385,"Glute Ham Roller",Ceysport,https://sportoonline.com/tr/urun/glute-ham-roller,ince_aciklama,63,0,0,0
0,6386,"Front Sıssy SQUAT",Ceysport,https://sportoonline.com/tr/urun/front-sissy-squat,ince_aciklama,21,0,0,0
0,6387,"Peg Board (Tırmanma Tahtası)",Ceysport,https://sportoonline.com/tr/urun/peg-board-tirmanma-tahtasi,ince_aciklama,21,0,0,0
0,6388,"CrossFit Kızak – Güç, Kondisyon ve Patlayıcı Kuvvet Antrenman Ekipmanı",Ceysport,https://sportoonline.com/tr/urun/crossfit-kizak-guc-kondisyon-ve-patlayici-kuvvet-antrenman-ekipmani,ince_aciklama,21,0,0,0
0,6389,"Large Paralette – Fonksiyonel Antrenman Barı",Ceysport,https://sportoonline.com/tr/urun/large-paralette-fonksiyonel-antrenman-bari,ince_aciklama,18,0,0,0
0,6390,"Eko CrossFit Kızak (Small Sled)",Ceysport,https://sportoonline.com/tr/urun/eko-crossfit-kizak-small-sled,ince_aciklama,21,0,0,0
0,6392,"10 Adet Tatami Minderi 100x100 cm 26 mm KIRMIZI - MAVİ",Ceysport,https://sportoonline.com/tr/urun/10-adet-tatami-minderi-100x100-cm-26-mm-kirmizi-mavi,ince_aciklama,138,0,0,0
0,6393,"Tatami Minderi 100x100 cm 26 mm SİYAH - GRİ",Ceysport,https://sportoonline.com/tr/urun/tatami-minderi-100x100-cm-26-mm-siyah-gri,ince_aciklama,138,0,0,0
0,6394,"Tatami Minderi 100x100 cm 26 mm SİYAH - SARI",Ceysport,https://sportoonline.com/tr/urun/tatami-minderi-100x100-cm-26-mm-siyah-sari,ince_aciklama,138,0,0,0
0,6395,"10 Adet Tatami Minderi 100x100 cm 26 mm SİYAH - SARI",Ceysport,https://sportoonline.com/tr/urun/10-adet-tatami-minderi-100x100-cm-26-mm-siyah-sari,ince_aciklama,138,0,0,0
0,6396,"Tatami Minderi 100x100 cm 13 mm SARI",Ceysport,https://sportoonline.com/tr/urun/tatami-minderi-100x100-cm-13-mm-sari,ince_aciklama,138,0,0,0
0,6398,"Tatami Minderi 100x100 cm 13 mm SİYAH",Ceysport,https://sportoonline.com/tr/urun/tatami-minderi-100x100-cm-13-mm-siyah,ince_aciklama,138,0,0,0
0,6399,"10 Adet Tatami Minderi 100x100 cm 13 mm SİYAH",Ceysport,https://sportoonline.com/tr/urun/10-adet-tatami-minderi-100x100-cm-13-mm-siyah,ince_aciklama,138,0,0,0
0,6400,"Tatami Minderi 100x100 cm 13 mm TURUNCU",Ceysport,https://sportoonline.com/tr/urun/tatami-minderi-100x100-cm-13-mm-turuncu,ince_aciklama,138,0,0,0
0,6401,"10 Adet Tatami Minderi 100x100 cm 13 mm TURUNCU",Ceysport,https://sportoonline.com/tr/urun/10-adet-tatami-minderi-100x100-cm-13-mm-turuncu,ince_aciklama,138,0,0,0
0,6403,"Tatami Minderi 100x100 cm 13 mm YEŞİL",Ceysport,https://sportoonline.com/tr/urun/tatami-minderi-100x100-cm-13-mm-yesil,ince_aciklama,138,0,0,0
0,6404,"10 Adet Tatami Minderi 100x100 cm 13 mm YEŞİL",multiprice,https://sportoonline.com/tr/urun/10-adet-tatami-minderi-100x100-cm-13-mm-yesil,ince_aciklama,138,0,0,0
0,6405,"Tatami Minderi 100x100 cm 13 mm KIRMIZI",multiprice,https://sportoonline.com/tr/urun/tatami-minderi-100x100-cm-13-mm-kirmizi,ince_aciklama,138,0,0,0
0,6406,"10 Adet Tatami Minderi 100x100 cm 13 mm KIRMIZI",multiprice,https://sportoonline.com/tr/urun/10-adet-tatami-minderi-100x100-cm-13-mm-kirmizi,ince_aciklama,138,0,0,0
0,6407,"Tatami Minderi 100x100 cm 13 mm MAVİ",multiprice,https://sportoonline.com/tr/urun/tatami-minderi-100x100-cm-13-mm-mavi,ince_aciklama,138,0,0,0
0,6408,"10 Adet Tatami Minderi 100x100 cm 13 mm MAVİ",Ceysport,https://sportoonline.com/tr/urun/10-adet-tatami-minderi-100x100-cm-13-mm-mavi,ince_aciklama,138,0,0,0
0,6413,"Voleybol Dizliği Diadora VD-1000 S BEDEN",Ceysport,https://sportoonline.com/tr/urun/voleybol-dizligi-diadora-vd-1000-s-beden,kopya_aciklama,405,4,0,0
0,6414,"Voleybol Dizliği Diadora VD-1000 M BEDEN",Ceysport,https://sportoonline.com/tr/urun/voleybol-dizligi-diadora-vd-1000-m-beden,kopya_aciklama,405,4,0,0
0,6415,"Voleybol Dizliği Diadora VD-1000 L BEDEN",Ceysport,https://sportoonline.com/tr/urun/voleybol-dizligi-diadora-vd-1000-l-beden,kopya_aciklama,405,4,0,0
0,6417,"Voleybol Dizliği Diadora VD-1000 XL BEDEN",Ceysport,https://sportoonline.com/tr/urun/voleybol-dizligi-diadora-vd-1000-xl-beden,kopya_aciklama,405,4,0,0
0,6425,"Masa Tenisi Maç Topu KBS ITTF Onaylı 3'lü Kutu",Ceysport,https://sportoonline.com/tr/urun/tenis-mac-topu-kbs-ittf-onayli-3lu-kutu,ince_aciklama,33,0,0,0
0,6426,"Masa Tenisi Antrenman Topu 100'lü 1 Yıldız",Ceysport,https://sportoonline.com/tr/urun/tenis-antrenman-topu-100lu-1-yildiz,ince_aciklama,18,0,0,0
0,6427,"Masa Tenisi File Demir Set KBS ITTF Onaylı",Ceysport,https://sportoonline.com/tr/urun/masa-tenisi-file-demir-set-kbs-ittf-onayli,aciklama_yok,0,0,0,0
0,6429,"Çok Fonksiyonlu Büyük Çanaklı Set",Ceysport,https://sportoonline.com/tr/urun/cok-fonksiyonlu-buyuk-canakli-set,ince_aciklama+aciklama_ad_ile_ayni,33,0,0,0
0,6430,"Antrenman Huni 23 cm 4'lü",Ceysport,https://sportoonline.com/tr/urun/antrenman-huni-23-cm-4lu,ince_aciklama,35,0,0,0
0,6431,"Fonksiyonel Antrenman Huni 38 cm 4'lü",Ceysport,https://sportoonline.com/tr/urun/fonksiyonel-antrenman-huni-38-cm-4lu,ince_aciklama,24,0,0,0
0,6432,"Antrenman Merdiveni 4 mt Çantalı",Ceysport,https://sportoonline.com/tr/urun/antrenman-merdiveni-4-mt-cantali,ince_aciklama,112,0,0,0
0,6434,"Slalom Seti Standart",Ceysport,https://sportoonline.com/tr/urun/slalom-seti-standart,ince_aciklama,43,0,0,0
0,6435,"Scucs SCX1061 – Orta Direnç Pilates Bandı | Esneme, Güçlendirme ve Rehabilitasyon İçin İdeal",Ceysport,https://sportoonline.com/tr/urun/scucs-scx1061-orta-direnc-pilates-bandi-esneme-guclendirme-ve-rehabilitasyon-icin-ideal,ince_aciklama,137,0,0,0
0,6437,"Tenis Top Sepeti Wilson Metal",Ceysport,https://sportoonline.com/tr/urun/tenis-top-sepeti-wilson-metal,ince_aciklama,108,0,0,0
0,6442,"Stiga Bat Pro WRB Blue Edition – 3 Star Masa Tenisi Raketi | Hız – Spin – Kontrol Dengesi",Ceysport,https://sportoonline.com/tr/urun/stiga-bat-pro-wrb-blue-edition-3-star-masa-tenisi-raketi-hiz-spin-kontrol-dengesi,ince_aciklama,90,0,0,0
0,6443,"Stiga Bat React – 2 Star Masa Tenisi Raketi | Başlangıç",Ceysport,https://sportoonline.com/tr/urun/stiga-bat-react-2-star-masa-tenisi-raketi-baslangic,ince_aciklama,37,0,0,0
0,6444,"Stiga Bat Artist – 2 Star Masa Tenisi Raketi | Başlangıç",Ceysport,https://sportoonline.com/tr/urun/stiga-bat-artist-2-star-masa-tenisi-raketi-baslangic,ince_aciklama,40,0,0,0
0,6445,"Stiga Bat Clash – Hobby Masa Tenis Raketi | Başlangıç",Ceysport,https://sportoonline.com/tr/urun/stiga-bat-clash-hobby-masa-tenis-raketi-baslangic,ince_aciklama,27,0,0,0
0,6446,"Stiga Profesyonel Masa Tenisi Filesi",Ceysport,https://sportoonline.com/tr/urun/stiga-profesyonel-masa-tenisi-filesi,ince_aciklama,62,0,0,0
0,6447,"Stiga Turuncu Pinpon Topu 12’li Paket | Antrenman",Ceysport,https://sportoonline.com/tr/urun/stiga-turuncu-pinpon-topu-12li-paket-antrenman,ince_aciklama,123,0,0,0
0,6448,"Stiga Müsabaka Seviyesi Masa Tenisi Filesi",Ceysport,https://sportoonline.com/tr/urun/stiga-musabaka-seviyesi-masa-tenisi-filesi,ince_aciklama,62,0,0,0
0,6449,"Stiga Beyaz Pinpon Topu 12’li Paket | Antrenman",Ceysport,https://sportoonline.com/tr/urun/stiga-beyaz-pinpon-topu-12li-paket-antrenman,ince_aciklama,123,0,0,0
0,6450,"Stiga Skor Levhası (B. Boy / Siyah) | Okul & Kulüp Kullanımına Uygun",Ceysport,https://sportoonline.com/tr/urun/stiga-skor-levhasi-b-boy-siyah-okul-kulup-kullanimina-uygun,ince_aciklama,112,0,0,0
0,6455,"Basketbol Topu Spalding TF1000 ZK Pro No-6",Ceysport,https://sportoonline.com/tr/urun/spalding-basketbol-topu-tf1000-zk-pro-size6,ince_aciklama,119,0,0,0
0,6456,"Basketbol Topu Spalding 2021 TF1000 LEG/EURO No-7",Ceysport,https://sportoonline.com/tr/urun/spalding-basketbol-topu-2021-tf1000-leg-euro-size7,ince_aciklama,66,0,0,0
0,6469,"AVESSA PORTATİF BASKETBOL POTASI 1 - 3,05 MT CPBP-30",Ceysport,https://sportoonline.com/tr/urun/avessa-portatif-basketbol-potasi-1-305-mt-cpbp-30,ince_aciklama,25,0,0,0
0,6472,"AVESSA DUVARA MONTE AYARLI BASKETBOL PANYA VE ÇEMBER 2,30-3,05 MT SBP-10",Ceysport,https://sportoonline.com/tr/urun/avessa-duvara-monte-ayarli-basketbol-panya-ve-cember-230-305-mt-sbp-10,ince_aciklama,45,0,0,0
0,6476,"Voleybol Topu Avessa VTB-500 Yapıştırma",Ceysport,https://sportoonline.com/tr/urun/avessa-vtb-500-yapistirma-voleybol-topu,ince_aciklama,73,0,0,0
0,6503,"Voleybol Dizliği Avessa VD-50 XS BEDEN",Ceysport,https://sportoonline.com/tr/urun/voleybol-dizligi-avessa-vd-50-xs-beden,ince_aciklama,33,0,0,0
0,6504,"Voleybol Dizliği Avessa VD-50 L BEDEN",Ceysport,https://sportoonline.com/tr/urun/voleybol-dizligi-avessa-vd-50-l-beden,ince_aciklama,33,0,0,0
0,6505,"Voleybol Dizliği Avessa VD-50 S BEDEN",Ceysport,https://sportoonline.com/tr/urun/voleybol-dizligi-avessa-vd-50-s-beden,ince_aciklama,33,0,0,0
0,6506,"Voleybol Dizliği Avessa VD-50 M BEDEN",Ceysport,https://sportoonline.com/tr/urun/voleybol-dizligi-avessa-vd-50-m-beden,ince_aciklama,33,0,0,0
0,6507,"Voleybol Dizliği Avessa VD-50 XL BEDEN",Ceysport,https://sportoonline.com/tr/urun/voleybol-dizligi-avessa-vd-50-xl-beden,ince_aciklama,33,0,0,0
0,6508,"Voleybol Dizliği Avessa VD-100 XS BEDEN",Ceysport,https://sportoonline.com/tr/urun/voleybol-dizligi-avessa-vd-100-xs-beden,kopya_aciklama,509,4,0,0
0,6509,"Voleybol Dizliği Avessa VD-100 S BEDEN",Ceysport,https://sportoonline.com/tr/urun/voleybol-dizligi-avessa-vd-100-s-beden,kopya_aciklama,509,4,0,0
0,6510,"Voleybol Dizliği Avessa VD-100 L BEDEN",Ceysport,https://sportoonline.com/tr/urun/voleybol-dizligi-avessa-vd-100-m-beden,kopya_aciklama,509,4,0,0
0,6511,"Voleybol Dizliği Avessa VD-100 XL BEDEN",Ceysport,https://sportoonline.com/tr/urun/voleybol-dizligi-avessa-vd-100-xl-beden,kopya_aciklama,509,4,0,0
0,6516,"Kapı-Koridor Barfiksi Tam Boy Süngerli 60-100 cm",Ceysport,https://sportoonline.com/tr/urun/kapi-koridor-barfiksi-tam-boy-sungerli-60-100-cm,ince_aciklama,23,0,0,0
0,6519,"Bacak Açma Egzersiz Aleti",Ceysport,https://sportoonline.com/tr/urun/bacak-acma-egzersiz-aleti,ince_aciklama,44,0,0,0
0,6522,"Kondisyon Bisikleti KR-602 Spin Bike Dikey",Ceysport,https://sportoonline.com/tr/urun/kondisyon-bisikleti-kr-602-spin-bike-dikey,ince_aciklama,55,0,0,0
0,6523,"Kondisyon Bisikleti KR-707 Spin Bike Dikey",Ceysport,https://sportoonline.com/tr/urun/kondisyon-bisikleti-kr-707-spin-bike-dikey,ince_aciklama,49,0,0,0
0,6525,"Dambıl Standı Metal RELIFE",Ceysport,https://sportoonline.com/tr/urun/dambil-standi-metal-relife,ince_aciklama,28,0,0,0
0,6526,"Dambıl Standı Metal 16'lı",Ceysport,https://sportoonline.com/tr/urun/dambil-standi-metal-16li,ince_aciklama,40,0,0,0
0,6527,"Slide Disk Egzersiz ve Pilates Diski Kırmızı",Ceysport,https://sportoonline.com/tr/urun/slide-disk-egzersiz-ve-pilates-diski-kirmizi,ince_aciklama,46,0,0,0
0,6528,"Egzersiz Tekeri Renkli Kutu",Ceysport,https://sportoonline.com/tr/urun/egzersiz-tekeri-renkli-kutu,ince_aciklama,29,0,0,0
0,6529,"Egzersiz Tekeri Kırmızı-Siyah",Ceysport,https://sportoonline.com/tr/urun/egzersiz-tekeri-avessa-kirmizi-siyah,kopya_aciklama,252,5,0,0
0,6530,"Egzersiz Tekeri Sarı-Siyah",Ceysport,https://sportoonline.com/tr/urun/egzersiz-tekeri-sari-siyah,kopya_aciklama,252,5,0,0
0,6531,"Egzersiz Tekeri Beyaz-Siyah",Ceysport,https://sportoonline.com/tr/urun/egzersiz-tekeri-beyaz-siyah,kopya_aciklama,252,5,0,0
0,6532,"Egzersiz Tekeri Siyah-Kırmızı",Ceysport,https://sportoonline.com/tr/urun/egzersiz-tekeri-siyah-kirmizi,kopya_aciklama,252,5,0,0
0,6533,"Egzersiz Tekeri Siyah-Mavi",Ceysport,https://sportoonline.com/tr/urun/egzersiz-tekeri-siyah-mavi,kopya_aciklama,252,5,0,0
0,6534,"El ve Ayak Ağırlığı 1 Kg 2x 0,5 Kg",Ceysport,https://sportoonline.com/tr/urun/ayak-agirligi-1-kg-2x-05-kg,ince_aciklama,11,0,0,0
0,6535,"El ve Ayak Ağırlığı 2 Kg 2x 1 Kg",Ceysport,https://sportoonline.com/tr/urun/ayak-agirligi-2-kg-2x-1-kg,ince_aciklama,11,0,0,0
0,6536,"El ve Ayak Ağırlığı 3 Kg 2x 1,5 Kg",Ceysport,https://sportoonline.com/tr/urun/ayak-agirligi-3-kg-2x-15-kg,ince_aciklama,11,0,0,0
0,6537,"El ve Ayak Ağırlığı 4 Kg 2x 2 Kg",Ceysport,https://sportoonline.com/tr/urun/ayak-agirligi-4-kg-2x-2-kg,ince_aciklama,11,0,0,0
0,6538,"El ve Ayak Ağırlığı 6 Kg 2x 3 Kg",Ceysport,https://sportoonline.com/tr/urun/ayak-agirligi-6-kg-2x-3-kg,ince_aciklama,11,0,0,0
0,6539,"El ve Ayak Ağırlığı 8 Kg 2x 4 Kg",Ceysport,https://sportoonline.com/tr/urun/ayak-agirligi-8-kg-2x-4-kg,ince_aciklama,11,0,0,0
0,6540,"El ve Ayak Ağırlığı 10 Kg 2x 5 Kg",Ceysport,https://sportoonline.com/tr/urun/ayak-agirligi-10-kg-2x-5-kg,ince_aciklama,11,0,0,0
0,6541,"Vinyl PVC Dambıl 1 Kg",Ceysport,https://sportoonline.com/tr/urun/vinyl-pvc-dambil-1-kg,ince_aciklama,16,0,0,0
0,6542,"Vinyl PVC Dambıl 1,5 Kg",Ceysport,https://sportoonline.com/tr/urun/vinyl-pvc-dambil-15-kg,ince_aciklama,16,0,0,0
0,6543,"Vinyl PVC Dambıl 2 Kg",Ceysport,https://sportoonline.com/tr/urun/vinyl-pvc-dambil-2-kg,ince_aciklama,16,0,0,0
0,6544,"Vinyl PVC Dambıl 3 Kg",Ceysport,https://sportoonline.com/tr/urun/vinyl-pvc-dambil-3-kg,ince_aciklama,16,0,0,0
0,6545,"Vinyl PVC Dambıl 5 Kg",Ceysport,https://sportoonline.com/tr/urun/vinyl-pvc-dambil-5-kg,ince_aciklama,16,0,0,0
0,6546,"Vinyl PVC Dambıl 6 Kg",Ceysport,https://sportoonline.com/tr/urun/vinyl-pvc-dambil-6-kg,ince_aciklama,16,0,0,0
0,6547,"Vinyl PVC Dambıl 7 Kg",Ceysport,https://sportoonline.com/tr/urun/vinyl-pvc-dambil-7-kg,ince_aciklama,16,0,0,0
0,6548,"Vinyl PVC Dambıl 7,5 Kg",Ceysport,https://sportoonline.com/tr/urun/vinyl-pvc-dambil-75-kg,ince_aciklama,16,0,0,0
0,6549,"Vinyl PVC Dambıl 8 Kg",Ceysport,https://sportoonline.com/tr/urun/vinyl-pvc-dambil-8-kg,ince_aciklama,16,0,0,0
0,6550,"Vinyl PVC Dambıl 9 Kg",Ceysport,https://sportoonline.com/tr/urun/vinyl-pvc-dambil-9-kg,ince_aciklama,16,0,0,0
0,6551,"Vinyl PVC Dambıl 10 Kg",Ceysport,https://sportoonline.com/tr/urun/vinyl-pvc-dambil-10-kg,ince_aciklama,16,0,0,0
0,6553,"Pilastik Kettlebell 4 Kg",Ceysport,https://sportoonline.com/tr/urun/pilastik-kettlebell-4-kg,ince_aciklama,21,0,0,0
0,6554,"Pilastik Kettlebell 6 Kg",Ceysport,https://sportoonline.com/tr/urun/pilastik-kettlebell-6-kg,ince_aciklama,21,0,0,0
0,6555,"Kauçuk Kettlebell 3 Kg",Ceysport,https://sportoonline.com/tr/urun/kaucuk-kettlebell-3-kg,ince_aciklama,21,0,0,0
0,6556,"Kauçuk Kettlebell 4 Kg",Ceysport,https://sportoonline.com/tr/urun/kaucuk-kettlebell-4-kg,ince_aciklama,21,0,0,0
0,6557,"Kauçuk Kettlebell 5 Kg",Ceysport,https://sportoonline.com/tr/urun/kaucuk-kettlebell-5-kg,ince_aciklama,21,0,0,0
0,6558,"Kauçuk Kettlebell 6 Kg",Ceysport,https://sportoonline.com/tr/urun/kaucuk-kettlebell-6-kg,ince_aciklama,21,0,0,0
0,6559,"Kauçuk Kettlebell 7 Kg",Ceysport,https://sportoonline.com/tr/urun/kaucuk-kettlebell-7-kg,ince_aciklama,21,0,0,0
0,6560,"Kauçuk Kettlebell 8 Kg",Ceysport,https://sportoonline.com/tr/urun/kaucuk-kettlebell-8-kg,ince_aciklama,21,0,0,0
0,6561,"Kauçuk Kettlebell 9 Kg",Ceysport,https://sportoonline.com/tr/urun/kaucuk-kettlebell-9-kg,ince_aciklama,21,0,0,0
0,6562,"Kauçuk Kettlebell 10 Kg",Ceysport,https://sportoonline.com/tr/urun/kaucuk-kettlebell-9-kg-kopya,ince_aciklama,21,0,0,0
0,6563,"Döküm Kettlebell 2 Kg - Çaydanlık Model",Ceysport,https://sportoonline.com/tr/urun/dokum-kettlebell-2-kg-caydanlik-model,ince_aciklama,21,0,0,0
0,6564,"Döküm Kettlebell 3 Kg - Çaydanlık Model",Ceysport,https://sportoonline.com/tr/urun/dokum-kettlebell-3-kg-caydanlik-model,ince_aciklama,21,0,0,0
0,6565,"Döküm Kettlebell 4 Kg - Çaydanlık Model",Ceysport,https://sportoonline.com/tr/urun/dokum-kettlebell-4-kg-caydanlik-model,ince_aciklama,21,0,0,0
0,6566,"Döküm Kettlebell 5 Kg - Çaydanlık Model",Ceysport,https://sportoonline.com/tr/urun/dokum-kettlebell-5-kg-caydanlik-model,ince_aciklama,21,0,0,0
0,6567,"Döküm Kettlebell 6 Kg - Çaydanlık Model",Ceysport,https://sportoonline.com/tr/urun/dokum-kettlebell-6-kg-caydanlik-model,ince_aciklama,21,0,0,0
0,6569,"Sulu Ağırlık Çalışma Çantası 2-25 Kg",Ceysport,https://sportoonline.com/tr/urun/sulu-agirlik-calisma-cantasi-2-25-kg,ince_aciklama,50,0,0,0
0,6570,"Sulu Ağırlık Çalışma Çantası 2-15 Kg",Ceysport,https://sportoonline.com/tr/urun/sulu-agirlik-calisma-cantasi-2-15-kg,ince_aciklama,50,0,0,0
0,6571,"Kısa Krom Bar 30 cm",Ceysport,https://sportoonline.com/tr/urun/kisa-krom-bar-30-cm,ince_aciklama,21,0,0,0
0,6572,"Ağırlık Barı 152 cm",Ceysport,https://sportoonline.com/tr/urun/agirlik-bari-152-cm,ince_aciklama,12,0,0,0
0,6573,"Ağırlık Barı 168 cm",Ceysport,https://sportoonline.com/tr/urun/agirlik-bari-168-cm,ince_aciklama,12,0,0,0
0,6574,"Ağırlık Barı 183 cm",Ceysport,https://sportoonline.com/tr/urun/agirlik-bari-183-cm,ince_aciklama,12,0,0,0
0,6575,"Ağırlık Barı 213 cm",Ceysport,https://sportoonline.com/tr/urun/agirlik-bari-213-cm,ince_aciklama,12,0,0,0
0,6578,"Olimpik Bar 183 cm",Ceysport,https://sportoonline.com/tr/urun/olimpik-bar-183-cm,ince_aciklama,26,0,0,0
0,6579,"Olimpik Bar 152 cm",Ceysport,https://sportoonline.com/tr/urun/olimpik-bar-152-cm,ince_aciklama,25,0,0,0
0,6580,"Olimpik Bar 218 cm",Ceysport,https://sportoonline.com/tr/urun/olimpik-bar-218-cm,ince_aciklama,26,0,0,0
0,6581,"Profesyonel Hex Olimpik Bar 150 cm",Ceysport,https://sportoonline.com/tr/urun/profesyonel-hex-olimpik-bar-150-cm,ince_aciklama,36,0,0,0
0,6582,"Push Down Aparatı ve Cable Cross Bar",Ceysport,https://sportoonline.com/tr/urun/push-down-aparati-ve-cable-cross-bar,ince_aciklama,63,0,0,0
0,6593,"Olimpik Bar Klipsi",Ceysport,https://sportoonline.com/tr/urun/olimpik-bar-klipsi,ince_aciklama,14,0,0,0
0,6594,"Sıkıştırmalı Plastik Olimpik Bar Klipsi",Ceysport,https://sportoonline.com/tr/urun/sikistirmali-plastik-olimpik-bar-klipsi,ince_aciklama,14,0,0,0
0,6595,"Push Down Aparatı ve Cable Cross Barı",Ceysport,https://sportoonline.com/tr/urun/push-down-aparati-ve-cable-cross-bari,ince_aciklama,63,0,0,0
0,6596,"Rowing Barı",Ceysport,https://sportoonline.com/tr/urun/rowing-bari,ince_aciklama,29,0,0,0
0,6597,"Handle Çift El Çekiş Barı",Ceysport,https://sportoonline.com/tr/urun/handle-cift-el-cekis-bari,ince_aciklama,29,0,0,0
0,6598,"Multi Exercise Bar Mide Kas Çekiş Aparatı",Ceysport,https://sportoonline.com/tr/urun/multi-exercise-bar-mide-kas-cekis-aparati,ince_aciklama+aciklama_ad_ile_ayni,41,0,0,0
0,6602,"Çıkış Takozu Profesyonel",Ceysport,https://sportoonline.com/tr/urun/cikis-takozu-profesyonel,ince_aciklama,18,0,0,0
0,6604,"Normal Çanak 22 cm",Ceysport,https://sportoonline.com/tr/urun/normal-canak-22-cm,ince_aciklama,43,0,0,0
0,6605,"Orta Boy Çanak 20 cm",Ceysport,https://sportoonline.com/tr/urun/orta-boy-canak-20-cm,ince_aciklama,50,0,0,0
0,6606,"Üçgen Dizayn Çanak 16 cm",Ceysport,https://sportoonline.com/tr/urun/ucgen-dizayn-canak-20-cm,ince_aciklama,50,0,0,0
0,6607,"Dikdörtgen Dizayn Çanak 18 cm",Ceysport,https://sportoonline.com/tr/urun/dikdortgen-dizayn-canak-18-cm,ince_aciklama,50,0,0,0
0,6608,"Kauçuk Daire Çanak Seti 10'lu",Ceysport,https://sportoonline.com/tr/urun/kaucuk-daire-canak-seti-10,ince_aciklama,17,0,0,0
0,6609,"Kauçuk Kare Çanak Seti 10'lu",Ceysport,https://sportoonline.com/tr/urun/kaucuk-kare-canak-seti-10lu,ince_aciklama,17,0,0,0
0,6610,"Antrenman Huni 18 cm 4'lü Set Kırmızı",Ceysport,https://sportoonline.com/tr/urun/antrenman-huni-18-cm-4lu-set-kirmizi,ince_aciklama,16,0,0,0
0,6612,"Antrenman Huni 18 cm 4'lü Set Turuncu",Ceysport,https://sportoonline.com/tr/urun/antrenman-huni-18-cm-4lu-set-turuncu,ince_aciklama,16,0,0,0
0,6614,"Antrenman Huni 23 cm 4'lü Set Pembe",Ceysport,https://sportoonline.com/tr/urun/antrenman-huni-23-cm-4lu-set-pembe,ince_aciklama,16,0,0,0
0,6615,"Antrenman Huni 23 cm 4'lü Set Kırmızı",Ceysport,https://sportoonline.com/tr/urun/antrenman-huni-23-cm-4lu-set-kirmizi,ince_aciklama,16,0,0,0
0,6616,"Antrenman Huni 23 cm 4'lü Set Sarı",Ceysport,https://sportoonline.com/tr/urun/antrenman-huni-23-cm-4lu-set-sari,ince_aciklama,16,0,0,0
0,6617,"Antrenman Huni 18 cm 4'lü Set Pembe",Ceysport,https://sportoonline.com/tr/urun/antrenman-huni-18-cm-4lu-set-pembe,ince_aciklama,16,0,0,0
0,6618,"Antrenman Huni 23 cm 4'lü Set Yeşil",Ceysport,https://sportoonline.com/tr/urun/antrenman-huni-23-cm-4lu-set-yesil,ince_aciklama,16,0,0,0
0,6619,"Antrenman Huni 23 cm 4'lü Set Turuncu",Ceysport,https://sportoonline.com/tr/urun/antrenman-huni-23-cm-4lu-set-turuncu,ince_aciklama,16,0,0,0
0,6620,"Antrenman Huni 23 cm 4'lü Set Mavi",Ceysport,https://sportoonline.com/tr/urun/antrenman-huni-23-cm-4lu-set-mavi,ince_aciklama,16,0,0,0
0,6621,"Delikli Yeni Model Huni 23 cm",Ceysport,https://sportoonline.com/tr/urun/delikli-yeni-model-huni-23-cm,ince_aciklama,43,0,0,0
0,6622,"Delikli Yeni Model Huni 32 cm",Ceysport,https://sportoonline.com/tr/urun/delikli-yeni-model-huni-32-cm,ince_aciklama,43,0,0,0
0,6623,"Delikli Yeni Model Huni 38 cm",Ceysport,https://sportoonline.com/tr/urun/delikli-yeni-model-huni-38-cm,ince_aciklama,43,0,0,0
0,6625,"Antrenman Engeli 15 cm",Ceysport,https://sportoonline.com/tr/urun/antrenman-engeli-15-cm,ince_aciklama,46,0,0,0
0,6626,"Antrenman Engeli 23 cm",Ceysport,https://sportoonline.com/tr/urun/antrenman-engeli-23-cm,ince_aciklama,46,0,0,0
0,6627,"Antrenman Engeli 30 cm",Ceysport,https://sportoonline.com/tr/urun/antrenman-engeli-30-cm,ince_aciklama,46,0,0,0
0,6628,"Antrenman Engeli 40 cm",Ceysport,https://sportoonline.com/tr/urun/antrenman-engeli-40-cm,ince_aciklama,46,0,0,0
0,6629,"Antrenman Engeli 50 cm",Ceysport,https://sportoonline.com/tr/urun/antrenman-engeli-50-cm,ince_aciklama,46,0,0,0
0,6630,"Koordinasyon Çemberi Profesyonel",Ceysport,https://sportoonline.com/tr/urun/koordinasyon-cemberi-profesyonel,ince_aciklama,120,0,0,0
0,6631,"Koordinasyon Çemberi Sekizgen Profesyonel",Ceysport,https://sportoonline.com/tr/urun/koordinasyon-cemberi-sekizgen-profesyonel,ince_aciklama,115,0,0,0
0,6632,"Antrenman Merdiveni 4 mt",Ceysport,https://sportoonline.com/tr/urun/antrenman-merdiveni-4-mt,ince_aciklama,112,0,0,0
0,6656,"Olimpik Kauçuk Kaplama Plaka 1,25 KG",Ceysport,https://sportoonline.com/tr/urun/olimpik-kaucuk-kaplama-plaka-125-kg,kopya_aciklama,372,2,0,0
0,6657,"Olimpik Kauçuk Kaplama Plaka 7,5 KG",Ceysport,https://sportoonline.com/tr/urun/olimpik-kaucuk-kaplama-plaka-75-kg,kopya_aciklama,372,2,0,0
0,6666,"Hentbol Topu Avessa Kauçuk No:1",Ceysport,https://sportoonline.com/tr/urun/hentbol-topu-avessa-kaucuk-no1,kopya_aciklama,399,3,0,0
0,6667,"Hentbol Topu Avessa Kauçuk No:2",Ceysport,https://sportoonline.com/tr/urun/hentbol-topu-avessa-kaucuk-no2,kopya_aciklama,399,3,0,0
0,6668,"Hentbol Topu Avessa Kauçuk No:3",Ceysport,https://sportoonline.com/tr/urun/hentbol-topu-avessa-kaucuk-no3,kopya_aciklama,399,3,0,0
0,6671,"240 Volt Elektrikli Pompa",Ceysport,https://sportoonline.com/tr/urun/240-volt-elektrikli-pompa,ince_aciklama,48,0,0,0
0,6672,"Basketbol Top Çantası",Ceysport,https://sportoonline.com/tr/urun/basketbol-top-cantasi,ince_aciklama,25,0,0,0
0,6673,"Hentbol Top Çantası",Ceysport,https://sportoonline.com/tr/urun/hentbol-top-cantasi,ince_aciklama,25,0,0,0
0,6674,"Voleybol Top Çantası",Ceysport,https://sportoonline.com/tr/urun/voleybol-top-cantasi,ince_aciklama,25,0,0,0
0,6675,"Top İğnesi Kalın Uçlu Çelik",Ceysport,https://sportoonline.com/tr/urun/top-ignesi-kalin-uclu-celik,ince_aciklama,50,0,0,0
0,6677,"Top Malzeme Çantası",Ceysport,https://sportoonline.com/tr/urun/top-malzeme-cantasi,ince_aciklama,25,0,0,0
0,6678,"Top Malzeme Çantası Tekerlekli",Ceysport,https://sportoonline.com/tr/urun/top-malzeme-cantasi-tekerlekli,ince_aciklama,27,0,0,0
0,6682,"Basketbol Antrenman Makinası",Ceysport,https://sportoonline.com/tr/urun/basketbol-antrenman-makinasi,ince_aciklama,38,0,0,0
0,6683,"Seyyar Badminton–Voleybol File Seti",Ceysport,https://sportoonline.com/tr/urun/seyyar-badminton-voleybol-file-seti,ince_aciklama,38,0,0,0
0,6684,"Dart Koruma Çemberi",Ceysport,https://sportoonline.com/tr/urun/dart-koruma-cemberi,ince_aciklama,42,0,0,0
0,6689,"Koşu Bandı 1,75 HP – 90 KG Taşıma Kapasitesi",Ceysport,https://sportoonline.com/tr/urun/kosu-bandi-175-hp-90-kg-tasima-kapasitesi,ince_aciklama,136,0,0,0
0,6690,"Mini Dijital Göstergeli Kondisyon Bisikleti Siyah - Ayarlanabilir Pedal Direnci",Ceysport,https://sportoonline.com/tr/urun/mini-dijital-gostergeli-kondisyon-bisikleti-siyah-ayarlanabilir-pedal-direnci,ince_aciklama,65,0,0,0
0,6692,"Vinyl PVC Dambıl 0,5 Kg",Ceysport,https://sportoonline.com/tr/urun/vinyl-pvc-dambil-05-kg,ince_aciklama,16,0,0,0
0,6695,"Antrenman Engeli Seti 5'li Çantalı",Ceysport,https://sportoonline.com/tr/urun/antrenman-engeli-seti-5li-cantali,ince_aciklama,66,0,0,0
0,6698,"Black Amatör Lapa",Ceysport,https://sportoonline.com/tr/urun/black-amator-lapa,ince_aciklama,15,0,0,0
0,6699,"Siyah Amatör Lapa",Ceysport,https://sportoonline.com/tr/urun/siyah-amator-lapa-kopya,ince_aciklama,15,0,0,0
0,6700,"Amatör Lapa Sarı-Siyah 22 × 18 × 4 cm",Ceysport,https://sportoonline.com/tr/urun/amator-lapa-sari-siyah-22-x-18-x-4-cm,ince_aciklama,15,0,0,0
0,6701,"PRO Lapa Sarı-Siyah",Ceysport,https://sportoonline.com/tr/urun/pro-lapa-sari-siyah,ince_aciklama,15,0,0,0
0,6702,"Aktivite Tırmanma Halatı (40 mm Çap – 18 mm Kavak Kontra Taban)",Ceysport,https://sportoonline.com/tr/urun/aktivite-tirmanma-halati-40-mm-cap-18-mm-kavak-kontra-taban,ince_aciklama,34,0,0,0
0,6703,"Air Hockey Masası Elektrikli Büyük Model",Ceysport,https://sportoonline.com/tr/urun/air-hockey-masasi-elektrikli-buyuk-model,ince_aciklama,63,0,0,0
0,6704,"Air Hockey Masası Elektrikli Küçük Model",Ceysport,https://sportoonline.com/tr/urun/air-hockey-masasi-elektrikli-kucuk-model,ince_aciklama,63,0,0,0
0,6705,"Ev ve Ofis Tipi Langırt Masası 140x110x85 cm 4mm Temperli Cam",Ceysport,https://sportoonline.com/tr/urun/ev-ve-ofis-tipi-langirt-masasi-140x110x85-cm-4mm-temperli-cam,ince_aciklama,25,0,0,0
0,6708,"Tekli Duvar Tipi Bale Barı",Ceysport,https://sportoonline.com/tr/urun/tekli-duvar-tipi-bale-bari,ince_aciklama,17,0,0,0
0,6709,"Cimnastik Parkur Ekipmanı – Piramit Sünger Blok (100x50x30 cm)",Ceysport,https://sportoonline.com/tr/urun/cimnastik-parkur-ekipmani-piramit-sunger-blok-100x50x30-cm,ince_aciklama,14,0,0,0
0,6710,"Cimnastik Parkur Ekipmanı – Piramit Sünger Blok (100x60x30 cm)",Ceysport,https://sportoonline.com/tr/urun/cimnastik-parkur-ekipmani-piramit-sunger-blok-100x60x30-cm,ince_aciklama,14,0,0,0
0,6711,"Cimnastik Parkur Ekipmanı – Piramit Sünger Blok (100x70x30 cm)",Ceysport,https://sportoonline.com/tr/urun/cimnastik-parkur-ekipmani-piramit-sunger-blok-100x70x30-cm,ince_aciklama,14,0,0,0
0,6712,"Cimnastik Parkur Ekipmanı – Doğal Ahşap Parkur Kutusu (150x60x70 cm)",Ceysport,https://sportoonline.com/tr/urun/cimnastik-parkur-ekipmani-dogal-ahsap-parkur-kutusu-150x60x70-cm,ince_aciklama,14,0,0,0
0,6713,"Cimnastik Parkur Ekipmanı – Kulvar Rayları",Ceysport,https://sportoonline.com/tr/urun/cimnastik-parkur-ekipmani-kulvar-raylari,ince_aciklama,14,0,0,0
0,6714,"Cimnastik Parkur Ekipmanı – Parkur Yüksek Bar Seti",Ceysport,https://sportoonline.com/tr/urun/cimnastik-parkur-ekipmani-parkur-yuksek-bar-seti,ince_aciklama,21,0,0,0
0,6715,"Cimnastik Parkur Ekipmanı – Parkur Sırası (250x30x40 cm)",Ceysport,https://sportoonline.com/tr/urun/cimnastik-parkur-ekipmani-parkur-sirasi-250x30x40-cm,ince_aciklama,14,0,0,0
0,6716,"Cimnastik Parkur Ekipmanı – Düz Parkur Minderi (200x100x10 cm)",Ceysport,https://sportoonline.com/tr/urun/cimnastik-parkur-ekipmani-duz-parkur-minderi-200x100x10-cm,ince_aciklama,14,0,0,0
0,6717,"Cimnastik Parkur Ekipmanı – Parkur Yer Barı Seti (200x150 cm)",Ceysport,https://sportoonline.com/tr/urun/cimnastik-parkur-ekipmani-parkur-yer-bari-seti-200x150-cm,ince_aciklama,14,0,0,0
0,6718,"Cimnastik Parkur Ekipmanı – Kulvar İçi Parkur Rulosu (140 x 36 m)",Ceysport,https://sportoonline.com/tr/urun/cimnastik-parkur-ekipmani-kulvar-ici-parkur-rulosu-140-x-36-m,ince_aciklama,14,0,0,0
0,6719,"Cimnastik Parkur Ekipmanı – Parkur Ahşap Aletleri Kutu Engel Seti (150x50x50 cm)",Ceysport,https://sportoonline.com/tr/urun/cimnastik-parkur-ekipmani-parkur-ahsap-aletleri-kutu-engel-seti-150x50x50-cm,ince_aciklama,14,0,0,0
0,6720,"Cimnastik Parkur Ekipmanı – Eğilimli Duvar Tırmanış Modülü (220 cm | Doğal Ahşap)",Ceysport,https://sportoonline.com/tr/urun/cimnastik-parkur-ekipmani-egilimli-duvar-tirmanis-modulu-220-cm-dogal-ahsap-2,ince_aciklama,14,0,0,0
0,6721,"Cimnastik Parkur Ekipmanı – Eğilimli Duvar Tırmanış Modülü (170 cm | Doğal Ahşap)",Ceysport,https://sportoonline.com/tr/urun/cimnastik-parkur-ekipmani-egilimli-duvar-tirmanis-modulu-220-cm-dogal-ahsap,ince_aciklama,14,0,0,0
0,6722,"Cimnastik Parkur Ekipmanı – Ayarlanabilir Tik Tak Engel (Doğal Ahşap)",Ceysport,https://sportoonline.com/tr/urun/cimnastik-parkur-ekipmani-ayarlanabilir-tik-tak-engel-dogal-ahsap,ince_aciklama,15,0,0,0
0,6723,"Cimnastik Parkur Ekipmanı – Doğal Ahşap Bari Piramit Engel (150x60x50 cm)",Ceysport,https://sportoonline.com/tr/urun/cimnastik-parkur-ekipmani-dogal-ahsap-bari-piramit-engel-150x60x50-cm,ince_aciklama,14,0,0,0
0,6724,"Cimnastik Parkur Ekipmanı – Doğal Ahşap Parkur Kutusu (150x60x60 cm)",Ceysport,https://sportoonline.com/tr/urun/cimnastik-parkur-ekipmani-dogal-ahsap-parkur-kutusu-150x60x60-cm,ince_aciklama,14,0,0,0
0,6725,"Cimnastik Parkur Ekipmanı – Parkur Step Minderi (40x40x10 cm)",Ceysport,https://sportoonline.com/tr/urun/cimnastik-parkur-ekipmani-parkur-step-minderi-40x40x10-cm,ince_aciklama,14,0,0,0
0,6726,"Cimnastik Parkur Ekipmanı – Çok Katmanlı Sünger Blok Seti (150x60x50 cm | 2 Adet)",Ceysport,https://sportoonline.com/tr/urun/cimnastik-parkur-ekipmani-cok-katmanli-sunger-blok-seti-150x60x50-cm-2-adet,ince_aciklama,14,0,0,0
0,6727,"Cimnastik Parkur Ekipmanı – Başlangıç Piramit Sünger Blok (100x35x30 cm)",Ceysport,https://sportoonline.com/tr/urun/cimnastik-parkur-ekipmani-baslangic-piramit-sunger-blok-100x35x30-cm,ince_aciklama,14,0,0,0
0,6728,"Cimnastik Parkur Ekipmanı – Tırmanma Sünger Blok (180x120x90 cm)",Ceysport,https://sportoonline.com/tr/urun/cimnastik-parkur-ekipmani-tirmanma-sunger-blok-180x120x90-cm,ince_aciklama,14,0,0,0
0,6729,"Cimnastik Parkur Ekipmanı – Sünger Tık Tak Blok (60x60x30 cm)",Ceysport,https://sportoonline.com/tr/urun/cimnastik-parkur-ekipmani-sunger-tik-tak-blok-60x60x30-cm,ince_aciklama,14,0,0,0
0,6730,"Cimnastik Parkur Ekipmanı – Cırtlı Sünger Blok (150x30x20 cm)",Ceysport,https://sportoonline.com/tr/urun/cimnastik-parkur-ekipmani-cirtli-sunger-blok-150x30x20-cm,ince_aciklama,14,0,0,0
0,6735,"Hakem Koltuğu Koruması",Ceysport,https://sportoonline.com/tr/urun/hakem-koltugu-korumasi,ince_aciklama,18,0,0,0
0,6736,"TVF Model Teleskopik Voleybol Hakem Koltuğu",Ceysport,https://sportoonline.com/tr/urun/tvf-model-teleskopik-voleybol-hakem-koltugu,ince_aciklama,18,0,0,0
0,6740,"Voleybol Anten Seti - Standart Çift",Ceysport,https://sportoonline.com/tr/urun/voleybol-anten-seti-standart-cift,ince_aciklama,60,0,0,0
0,6741,"Voleybol Blok Tahtası",Ceysport,https://sportoonline.com/tr/urun/voleybol-blok-tahtasi,ince_aciklama,18,0,0,0
0,6742,"PRO POWERSANDBAG – 20 KG | Siyah",Ceysport,https://sportoonline.com/tr/urun/pro-powersandbag-20-kg-siyah,ince_aciklama,39,0,0,0
0,6743,"PRO POWERSANDBAG – 15 KG | Siyah",Ceysport,https://sportoonline.com/tr/urun/pro-powersandbag-15-kg-siyah,ince_aciklama,39,0,0,0
0,6744,"PRO POWERSANDBAG – 10 KG | Siyah",Ceysport,https://sportoonline.com/tr/urun/pro-powersandbag-10-kg-siyah,ince_aciklama,39,0,0,0
0,6746,"Voleybol Filesi Ağı Nodes CN730V Amatör Overlok",Ceysport,https://sportoonline.com/tr/urun/voleybol-filesi-agi-nodes-cn730v-amator-overlok,ince_aciklama,12,0,0,0
0,6747,"Voleybol Filesi Ağı Nodes CN700V Çubuklu 9.5 Metre",Ceysport,https://sportoonline.com/tr/urun/voleybol-filesi-agi-nodes-cn700v-cubuklu-9-5-metre,ince_aciklama,86,0,0,0
0,6748,"Voleybol Filesi Ağı Nodes CN750V 9.5 Metre",Ceysport,https://sportoonline.com/tr/urun/voleybol-filesi-agi-nodes-cn750v-9-5-metre,ince_aciklama,142,0,0,0
0,6750,"Voleybol Filesi Ağı Nodes CN795V TVF Model",Ceysport,https://sportoonline.com/tr/urun/voleybol-filesi-agi-nodes-cn795v-tvf-model,ince_aciklama,134,0,0,0
0,6751,"Voleybol Maç Filesi Ağı Nodes CN7045 Fiber Çubuklu",Ceysport,https://sportoonline.com/tr/urun/voleybol-mac-filesi-agi-nodes-cn7045-fiber-cubuklu,ince_aciklama,65,0,0,0
0,6752,"Plaj Voleybol Filesi Ağı Nodes CN710V Turuncu",Ceysport,https://sportoonline.com/tr/urun/plaj-voleybol-filesi-agi-nodes-cn710v-turuncu,ince_aciklama,90,0,0,0
0,6753,"Plaj Voleybol Filesi Ağı Nodes CN712VS Sarı 9.5 Metre",Ceysport,https://sportoonline.com/tr/urun/plaj-voleybol-filesi-agi-nodes-cn712vs-sari-9-5-metre,ince_aciklama,90,0,0,0
0,6754,"Voleybol Anten Kılıfı Nodes CN772V Profesyonel",Ceysport,https://sportoonline.com/tr/urun/voleybol-anten-kilifi-nodes-cn772v-profesyonel,ince_aciklama,45,0,0,0
0,6755,"Voleybol Anten Seti Nodes CN779V Fiber",Ceysport,https://sportoonline.com/tr/urun/voleybol-anten-seti-nodes-cn779v-fiber,ince_aciklama,45,0,0,0
0,6758,"KUM TORBASI TRX HAMAK ASKI APARATI BKS-001",Ceysport,https://sportoonline.com/tr/urun/kum-torbasi-trx-hamak-aski-aparati-bks-001,ince_aciklama,88,0,0,0
0,6809,"Slalom Seti Renkli Dolu Takozlu",Ceysport,https://sportoonline.com/tr/urun/slalom-seti-renkli-dolu-takozlu,ince_aciklama,16,0,0,0
0,6810,"Slalom Seti Renkli Kauçuk Tabanlı",Ceysport,https://sportoonline.com/tr/urun/slalom-seti-renkli-kaucuk-tabanli,ince_aciklama,16,0,0,0
0,6811,"Çivili Slalom Seti",Ceysport,https://sportoonline.com/tr/urun/civili-slalom-seti,ince_aciklama,16,0,0,0
0,6812,"Eğitici Oyuncak Tur Sayacı",Ceysport,https://sportoonline.com/tr/urun/egitici-oyuncak-tur-sayaci,ince_aciklama,41,0,0,0
0,6813,"Eğitici Oyuncak Seksek Oyun Brandası",Ceysport,https://sportoonline.com/tr/urun/egitici-oyuncak-seksek-oyun-brandasi,ince_aciklama,22,0,0,0
0,6814,"Eğitici Oyuncak Scoreboard",Ceysport,https://sportoonline.com/tr/urun/egitici-oyuncak-scoreboard,ince_aciklama,49,0,0,0
0,6816,"Eğitici Oyuncak İşaret Seti",Ceysport,https://sportoonline.com/tr/urun/egitici-oyuncak-isaret-seti,ince_aciklama,11,0,0,0
0,6817,"Eğitici Oyuncak Dev Domino",Ceysport,https://sportoonline.com/tr/urun/egitici-oyuncak-dev-domino,ince_aciklama,40,0,0,0
0,6818,"Aktivite Oyunlar Askılı Denge Oyunu",Ceysport,https://sportoonline.com/tr/urun/aktivite-oyunlar-askili-denge-oyunu,ince_aciklama,14,0,0,0
0,6819,"Tekli Trambolin 200x200 cm",Ceysport,https://sportoonline.com/tr/urun/tekli-trambolin-200x200-cm,ince_aciklama,44,0,0,0
0,6821,"Aktivite Oyunlar Şans Topu Oyunu Etkinlik Masası",Ceysport,https://sportoonline.com/tr/urun/aktivite-oyunlar-sans-topu-oyunu-etkinlik-masasi,ince_aciklama,14,0,0,0
0,6822,"Aktivite Oyunlar Bardak Arenası",Ceysport,https://sportoonline.com/tr/urun/aktivite-oyunlar-bardak-arenasi,aciklama_yok,0,0,0,0
0,6823,"Aktivite Oyunlar DörtX Oyun Masası",Ceysport,https://sportoonline.com/tr/urun/aktivite-oyunlar-dortx-oyun-masasi,ince_aciklama,14,0,0,0
0,6824,"Aktivite Oyunlar PowerShot Hedef Oyun",Ceysport,https://sportoonline.com/tr/urun/aktivite-oyunlar-powershot-hedef-oyunu,ince_aciklama,14,0,0,0
0,6825,"Aktivite Oyunlar İsabet Master",Ceysport,https://sportoonline.com/tr/urun/aktivite-oyunlar-isabet-master,ince_aciklama,17,0,0,0
0,6826,"Aktivite Oyunlar Top Jengasi",Ceysport,https://sportoonline.com/tr/urun/aktivite-oyunlar-top-jengasi,ince_aciklama,14,0,0,0
0,6828,"Aktivite Oyunlar Tornet",Ceysport,https://sportoonline.com/tr/urun/aktivite-oyunlar-tornet,ince_aciklama,17,0,0,0
0,6829,"Aktivite Oyunlar Tank Yarışı",Ceysport,https://sportoonline.com/tr/urun/aktivite-oyunlar-tank-yarisi,ince_aciklama,17,0,0,0
0,6830,"Aktivite Oyunlar Metal Top Hedefi Yuvarlak",Ceysport,https://sportoonline.com/tr/urun/aktivite-oyunlar-metal-top-hedefi-yuvarlak,ince_aciklama,17,0,0,0
0,6831,"Limbo Geçiti – Yükseklik Ayarlı Parkur Oyunu",Ceysport,https://sportoonline.com/tr/urun/limbo-geciti-yukseklik-ayarli-parkur-oyunu,ince_aciklama,17,0,0,0
0,6832,"Aktivite Oyunlar Yaz Kızağı – Ekip Oyunu",Ceysport,https://sportoonline.com/tr/urun/aktivite-oyunlar-yaz-kizagi-ekip-oyunu,ince_aciklama,17,0,0,0
0,6834,"Aktivite Oyunlar Parçalı Denge Aleti",Ceysport,https://sportoonline.com/tr/urun/aktivite-oyunlar-parcali-denge-aleti,ince_aciklama,16,0,0,0
0,6835,"Aktivite Oyunlar Halat Çekme",Ceysport,https://sportoonline.com/tr/urun/aktivite-oyunlar-halat-cekme,ince_aciklama,19,0,0,0
0,6836,"Aktivite Oyunlar Yengeç Yürüme Tahtası",Ceysport,https://sportoonline.com/tr/urun/aktivite-oyunlar-yengec-yurume-tahtasi,ince_aciklama,16,0,0,0
0,6837,"Aktivite Oyunlar Base Mas Güreşi Tahtası",Ceysport,https://sportoonline.com/tr/urun/aktivite-oyunlar-base-mas-guresi-tahtasi,ince_aciklama,22,0,0,0
0,6840,"Aktivite Oyunlar Çivili Tahta",Ceysport,https://sportoonline.com/tr/urun/aktivite-oyunlar-civili-tahta,ince_aciklama,16,0,0,0
0,6841,"Oyun Aktivite Paraşütü 5 mt",Ceysport,https://sportoonline.com/tr/urun/oyun-aktivite-parasutu-5-mt,ince_aciklama,57,0,0,0
0,6842,"Oyun Aktivite Paraşütü 3,5 mt",Ceysport,https://sportoonline.com/tr/urun/oyun-aktivite-parasutu-35-mt,ince_aciklama,57,0,0,0
0,6843,"Pikler Üçgen Seti",Ceysport,https://sportoonline.com/tr/urun/pikler-ucgen-seti,ince_aciklama,17,0,0,0
0,6844,"StudioLine Pro - Profesyonel Sabit Tip Çiftli Bale Bar",Ceysport,https://sportoonline.com/tr/urun/studioline-pro-profesyonel-sabit-tip-ciftli-bale-bar,ince_aciklama,81,0,0,0
0,6845,"Premium Seri Sabit Çiftli Bale Barı-Kırmızı",Ceysport,https://sportoonline.com/tr/urun/premium-seri-sabit-ciftli-bale-bari-kirmizi,ince_aciklama,17,0,0,0
0,6846,"Premium Seri Sabit Çiftli Bale Barı-Siyah",Ceysport,https://sportoonline.com/tr/urun/premium-seri-sabit-ciftli-bale-bari,ince_aciklama,17,0,0,0
0,6847,"Paralel Pro Çift Kollu Ayarlanabilir Bale Barı",Ceysport,https://sportoonline.com/tr/urun/paralel-pro-cift-kollu-ayarlanabilir-bale-bari,ince_aciklama,17,0,0,0
0,6848,"Elite Pro Ağırlıklı Yükseklik Ayarlı Bale Barı",Ceysport,https://sportoonline.com/tr/urun/elite-pro-agirlikli-yukseklik-ayarli-bale-bari,ince_aciklama,31,0,0,0
0,6849,"Elite Pro Portatif Yükseklik Ayarlı Bale Barı Mor",Ceysport,https://sportoonline.com/tr/urun/elite-pro-portatif-yukseklik-ayarli-bale-bari-mor,ince_aciklama,17,0,0,0
0,6850,"Elite Pro Portatif Yükseklik Ayarlı Bale Barı",Ceysport,https://sportoonline.com/tr/urun/k-elite-pro-portatif-yukseklik-ayarli-bale-bari,ince_aciklama,17,0,0,0
0,6851,"S Portatif Taşınabilir Yükseklik Ayarlı Bale Barı – Siyah",Ceysport,https://sportoonline.com/tr/urun/s-portatif-tasinabilir-yukseklik-ayarli-bale-bari-siyah,ince_aciklama,17,0,0,0
0,6852,"K Portatif Taşınabilir Yükseklik Ayarlı Bale Barı – Kırmızı",Ceysport,https://sportoonline.com/tr/urun/k-portatif-tasinabilir-yukseklik-ayarli-bale-bari-kirmizi,ince_aciklama,46,0,0,0
0,6853,"S Taşınabilir Çift Katlı Bale Barı – Siyah",Ceysport,https://sportoonline.com/tr/urun/s-tasinabilir-cift-katli-bale-bari-siyah,ince_aciklama,40,0,0,0
0,6854,"K Taşınabilir Çift Katlı Bale Barı – Kırmızı",Ceysport,https://sportoonline.com/tr/urun/k-tasinabilir-cift-katli-bale-bari-kirmizi,ince_aciklama,17,0,0,0
0,6855,"Çiftli Duvar Tipi Bale Barı",Ceysport,https://sportoonline.com/tr/urun/ciftli-duvar-tipi-bale-bari,ince_aciklama,17,0,0,0
0,6856,"Besyo Sınav Tipi Barfiks",Ceysport,https://sportoonline.com/tr/urun/besyo-sinav-tipi-barfiks,ince_aciklama,68,0,0,0
0,6857,"Besyo Sıçrama Süngeri Sınav Modeli",Ceysport,https://sportoonline.com/tr/urun/besyo-sicrama-sungeri-sinav-modeli,ince_aciklama,16,0,0,0
0,6858,"Besyo Sıçrama Tahtası Sınav Modeli",Ceysport,https://sportoonline.com/tr/urun/besyo-sicrama-tahtasi-sinav-modeli,ince_aciklama,17,0,0,0
0,6859,"Besyo Sıçrama Tahtası Metal Ayaklı",Ceysport,https://sportoonline.com/tr/urun/besyo-sicrama-tahtasi-metal-ayakli,ince_aciklama,17,0,0,0
0,6860,"Bilek ve Parmak Güçlendirme Aparatı",Ceysport,https://sportoonline.com/tr/urun/bilek-ve-parmak-guclendirme-aparati,ince_aciklama,39,0,0,0
0,6861,"Pro Double Handle Grip",Ceysport,https://sportoonline.com/tr/urun/pro-double-handle-grip,ince_aciklama,63,0,0,0
0,6862,"Bilek Güçlendirme Pulley Seti",Ceysport,https://sportoonline.com/tr/urun/bilek-guclendirme-pulley-seti,ince_aciklama,59,0,0,0
0,6863,"Pro Arm Bilek Güreşi Masası",Ceysport,https://sportoonline.com/tr/urun/pro-arm-bilek-guresi-masasi,ince_aciklama,47,0,0,0
0,6865,"Mobil Dart Standı",Ceysport,https://sportoonline.com/tr/urun/mobil-dart-standi,ince_aciklama,13,0,0,0
0,6866,"Besyo Sıçrama Tahtası",Ceysport,https://sportoonline.com/tr/urun/besyo-sicrama-tahtasi,ince_aciklama,15,0,0,0
0,6869,"Komando Merdiven Tırmanma",Ceysport,https://sportoonline.com/tr/urun/komando-merdiven-tirmanma,ince_aciklama,17,0,0,0
0,6870,"Tırmanma Duvarı (Kandiwaal)",Ceysport,https://sportoonline.com/tr/urun/tirmanma-duvari-kandiwaal,ince_aciklama,37,0,0,0
0,6871,"Duvara Monte Ahşap Multi Dips Seti",Ceysport,https://sportoonline.com/tr/urun/duvara-monte-ahsap-multi-dips-seti,ince_aciklama,66,0,0,0
0,6872,"Duvara Monte Ahşap Multi Dips Aparatı",Ceysport,https://sportoonline.com/tr/urun/duvara-monte-ahsap-multi-dips-aparati,ince_aciklama,51,0,0,0
0,6873,"Cimnastik Parmaklık Eğimli Set",Ceysport,https://sportoonline.com/tr/urun/cimnastik-parmaklik-egimli-set,ince_aciklama,28,0,0,0
0,6874,"Cimnastik Ahşap Balans Tahtası ( Kare Model )",Ceysport,https://sportoonline.com/tr/urun/cimnastik-ahsap-balans-tahtasi-kare-model,ince_aciklama,17,0,0,0
0,6875,"Cimnastik Ahşap Balans Tahtası ( Yuvarlak Model )",Ceysport,https://sportoonline.com/tr/urun/cimnastik-ahsap-balans-tahtasi-yuvarlak-model,ince_aciklama,17,0,0,0
0,6876,"Cimnastik Kovalı Mantar",Ceysport,https://sportoonline.com/tr/urun/cimnastik-kovali-mantar,ince_aciklama,29,0,0,0
0,6878,"Cimnastik Ahşap Tekli Atlama Kasası CeySport",Ceysport,https://sportoonline.com/tr/urun/cimnastik-ahsap-tekli-atlama-kasasi-ceysport-2,ince_aciklama,30,0,0,0
0,6880,"Taktil Diskler 6’lı Set",Ceysport,https://sportoonline.com/tr/urun/taktil-diskler-6li-set,ince_aciklama,22,0,0,0
0,6881,"Aktivite Oyun Halkaları 6’lı Set",Ceysport,https://sportoonline.com/tr/urun/aktivite-oyun-halkalari-6li-set,ince_aciklama,10,0,0,0
0,6883,"Yuva Oyun Minder Seti (Suni Deri)",Ceysport,https://sportoonline.com/tr/urun/yuva-oyun-minder-seti-suni-deri,ince_aciklama,45,0,0,0
0,6884,"Papatya Oturma Seti 5 Parça",Ceysport,https://sportoonline.com/tr/urun/papatya-oturma-seti-5-parca,ince_aciklama,61,0,0,0
0,6885,"Sünger Oturma Grubu 4 Parça (Çocuklar İçin)",Ceysport,https://sportoonline.com/tr/urun/sunger-oturma-grubu-4-parca-cocuklar-icin,ince_aciklama,19,0,0,0
0,6886,"Sensory T-Bar Swing Salıncak",Ceysport,https://sportoonline.com/tr/urun/sensory-t-bar-swing-salincak,ince_aciklama,16,0,0,0
0,6888,"Duyu Baskı Silindiri",Ceysport,https://sportoonline.com/tr/urun/duyu-baski-silindiri,ince_aciklama,22,0,0,0
0,6889,"Montessori Denge Köprüsü (Çift Yönlü Kullanım)",Ceysport,https://sportoonline.com/tr/urun/montessori-denge-koprusu-cift-yonlu-kullanim,ince_aciklama,15,0,0,0
0,6890,"Ergoterapi Denge Tahtası",Ceysport,https://sportoonline.com/tr/urun/ergoterapi-denge-tahtasi,ince_aciklama,9,0,0,0
0,6891,"Silindir Sensory Swing Salıncak",Ceysport,https://sportoonline.com/tr/urun/silindir-sensory-swing-salincak,ince_aciklama,17,0,0,0
0,6892,"Sensory Swing (Yarım Silindir Tip)",Ceysport,https://sportoonline.com/tr/urun/sensory-swing-yarim-silindir-tip,ince_aciklama,16,0,0,0
0,6893,"Renkli Duyu Tırmanma Rampası",Ceysport,https://sportoonline.com/tr/urun/renkli-duyu-tirmanma-rampasi,ince_aciklama,77,0,0,0
0,6894,"Ahşap Küp Seti 12’li 5x5 cm",Ceysport,https://sportoonline.com/tr/urun/ahsap-kup-seti-12li-5x5-cm,ince_aciklama,24,0,0,0
0,6895,"Duyu Denge Yolu",Ceysport,https://sportoonline.com/tr/urun/duyu-denge-yolu,ince_aciklama,15,0,0,0
0,6896,"Exer Tablası – El ve Bilek Çalıştırma Duyu Ürünü",Ceysport,https://sportoonline.com/tr/urun/exer-tablasi-el-ve-bilek-calistirma-duyu-urunu,ince_aciklama,61,0,0,0
0,6897,"Kurbağa XOX Duvar Oyunu",Ceysport,https://sportoonline.com/tr/urun/kurbaga-xox-duvar-oyunu-2,ince_aciklama,25,0,0,0
0,6898,"Maymun Sayılar Duvar Oyunu",Ceysport,https://sportoonline.com/tr/urun/kurbaga-xox-duvar-oyunu,ince_aciklama,25,0,0,0
0,6899,"Anahtar Eşleştirme Vagonu Duvar Oyunu",Ceysport,https://sportoonline.com/tr/urun/anahtar-eslestirme-vagonu-duvar-oyunu,ince_aciklama,25,0,0,0
0,6900,"Köpek Labirent Duvar Oyunu",Ceysport,https://sportoonline.com/tr/urun/kopek-labirent-duvar-oyunu,ince_aciklama,25,0,0,0
0,6901,"Geometrik Şekiller Vagonu Duvar Oyunu",Ceysport,https://sportoonline.com/tr/urun/geometrik-sekiller-vagonu-duvar-oyunu,ince_aciklama,25,0,0,0
0,6902,"Lokomotif Duvar Oyunu",Ceysport,https://sportoonline.com/tr/urun/lokomotif-duvar-oyunu,ince_aciklama,25,0,0,0
0,6903,"Kaplan Saat Duvar Oyunu",Ceysport,https://sportoonline.com/tr/urun/kaplan-saat-duvar-oyunu,ince_aciklama,25,0,0,0
0,6904,"Maymun Geometrik Şekiller Duvar Oyunu",Ceysport,https://sportoonline.com/tr/urun/maymun-geometrik-sekiller-duvar-oyunu,ince_aciklama,25,0,0,0
0,6905,"Tilki Abaküs Duvar Oyunu",Ceysport,https://sportoonline.com/tr/urun/tilki-abakus-duvar-oyunu,ince_aciklama,25,0,0,0
0,6906,"Panda Dişli Çarklar Duvar Oyunu",Ceysport,https://sportoonline.com/tr/urun/panda-disli-carklar-duvar-oyunu,ince_aciklama,25,0,0,0
0,6907,"Sallanan Balık",Ceysport,https://sportoonline.com/tr/urun/sallanan-balik,ince_aciklama,31,0,0,0
0,6908,"Sallanan Düldül At",Ceysport,https://sportoonline.com/tr/urun/sallanan-duldul-at,ince_aciklama,31,0,0,0
0,6909,"Dino Tahterevalli",Ceysport,https://sportoonline.com/tr/urun/dino-tahterevalli,ince_aciklama,31,0,0,0
0,6910,"Mammut Çocuk Oyun Sandalyesi",Ceysport,https://sportoonline.com/tr/urun/mammut-cocuk-oyun-sandalyesi,ince_aciklama,31,0,0,0
0,6911,"Mammut Çocuk Oyun Masası",Ceysport,https://sportoonline.com/tr/urun/mammut-cocuk-oyun-masasi,ince_aciklama,63,0,0,0
0,6912,"Cimnastik Minderi Air Track 400x200x10 Cm",Ceysport,https://sportoonline.com/tr/urun/cimnastik-minderi-air-track-400x200x10-cm,ince_aciklama,16,0,0,0
0,6913,"Cimnastik Minderi Air Track 600x200x20 Cm",Ceysport,https://sportoonline.com/tr/urun/cimnastik-minderi-air-track-600x200x10-cm,ince_aciklama,16,0,0,0
0,6914,"Cimnastik Minderi Air Track 800x200x20 Cm",Ceysport,https://sportoonline.com/tr/urun/cimnastik-minderi-air-track-800x200x10-cm,ince_aciklama,16,0,0,0
0,6915,"Cimnastik Minderi Air Track 1000x200x20 Cm",Ceysport,https://sportoonline.com/tr/urun/cimnastik-minderi-air-track-1000x200x10-cm,ince_aciklama,16,0,0,0
0,6916,"Cimnastik Ahşap 5 Katlı Pramit Atlama Kasası CeySport",Ceysport,https://sportoonline.com/tr/urun/cimnastik-ahsap-5-katli-pramit-atlama-kasasi-ceysport,ince_aciklama,28,0,0,0
0,6917,"Cimnastik Sünger Atlama Kasası 4 Katlı CeySport",Ceysport,https://sportoonline.com/tr/urun/cimnastik-sunger-atlama-kasasi-4-katli-ceysport,ince_aciklama,22,0,0,0
0,6918,"Cimnastik Tırtıl Minder CeySport",Ceysport,https://sportoonline.com/tr/urun/cimnastik-tirtil-minder-ceysport,ince_aciklama,113,0,0,0
0,6919,"Cimnastik Sünger Atlama Kasası 3 Katlı CeySport",Ceysport,https://sportoonline.com/tr/urun/cimnastik-sunger-atlama-kasasi-3-katli-ceysport,ince_aciklama,21,0,0,0
0,6920,"Cimnastik Sekizgen Minder CeySport",Ceysport,https://sportoonline.com/tr/urun/cimnastik-sekizgen-minder-ceysport,ince_aciklama,15,0,0,0
0,6921,"Cimnastik Ahşap 3 Katlı Atlama Kasası CeySport",Ceysport,https://sportoonline.com/tr/urun/cimnastik-ahsap-3-katli-atlama-kasasi-ceysport,ince_aciklama,44,0,0,0
0,6922,"Cimnastik Mini Set Halka Barı",Ceysport,https://sportoonline.com/tr/urun/cimnastik-mini-set-halka-bari,ince_aciklama,34,0,0,0
0,6923,"Trambolinli Top Havuzu Oyun Alanı 600x300",Ceysport,https://sportoonline.com/tr/urun/trambolinli-top-havuzu-oyun-alani-600x300,ince_aciklama,17,0,0,0
0,6924,"Top Havuzu Kaydıraklı 2x3 Metre",Ceysport,https://sportoonline.com/tr/urun/top-havuzu-kaydirakli-2x3-metre,ince_aciklama,17,0,0,0
0,6925,"Top Havuzu ve Trambolin Oyun Alanı Maxi",Ceysport,https://sportoonline.com/tr/urun/top-havuzu-ve-trambolin-oyun-alani-maxi,ince_aciklama,17,0,0,0
0,6926,"Top Havuzu ve Trambolin Oyun Alanı Mega",Ceysport,https://sportoonline.com/tr/urun/top-havuzu-ve-trambolin-oyun-alani-mega,ince_aciklama,17,0,0,0
0,6927,"Top Havuzu ve Trambolin Double",Ceysport,https://sportoonline.com/tr/urun/top-havuzu-ve-trambolin-double,ince_aciklama,17,0,0,0
0,6928,"Top Havuzu 2x3 Metre",Ceysport,https://sportoonline.com/tr/urun/top-havuzu-2x3-metre,ince_aciklama,17,0,0,0
0,6929,"Top Havuzu 2x2 mt",Ceysport,https://sportoonline.com/tr/urun/top-havuzu-2x2-mt,ince_aciklama,17,0,0,0
0,6935,"Cimnastik Parmaklık Profesyonel Set CeySport",Ceysport,https://sportoonline.com/tr/urun/cimnastik-parmaklik-profesyonel-set-ceysport,ince_aciklama,58,0,0,0
0,6936,"Cimnastik Metal Parmaklık Profesyonel CeySport",Ceysport,https://sportoonline.com/tr/urun/cimnastik-metal-parmaklik-profesyonel-ceysport,ince_aciklama,66,0,0,0
0,6937,"Cimnastik Eğlence ve Öğretme Merdiven Seti CeySport",Ceysport,https://sportoonline.com/tr/urun/cimnastik-eglence-ve-ogretme-merdiven-seti-ceysport,ince_aciklama,6,0,0,0
0,6938,"Cimnastik Denge Aleti CeySport",Ceysport,https://sportoonline.com/tr/urun/cimnastik-denge-aleti-ceysport,ince_aciklama,97,0,0,0
0,6939,"Cimnastik Daire Minder CeySport",Ceysport,https://sportoonline.com/tr/urun/cimnastik-daire-minder-ceysport,ince_aciklama,54,0,0,0
0,6943,"Bocce Metal Raffa Seti Helix 8'li",Ceysport,https://sportoonline.com/tr/urun/bocce-metal-raffa-seti-helix-8li,ince_aciklama,16,0,0,0
0,6944,"Bocce Metal Set Helix 8'li",Ceysport,https://sportoonline.com/tr/urun/bocce-metal-set-helix-8li,ince_aciklama,16,0,0,0
0,6945,"Mini Ahşap Golf Standı",Ceysport,https://sportoonline.com/tr/urun/aktivite-oyunlar-mini-ahsap-golf-standi,ince_aciklama,23,0,0,0
0,6947,"Ahşap Teneke Hedef",Ceysport,https://sportoonline.com/tr/urun/ahsap-teneke-hedef,ince_aciklama,85,0,0,0
0,6948,"Ahşap Top Atma Puanlı Kırmızı",Ceysport,https://sportoonline.com/tr/urun/ahsap-top-atma-puanli-kirmizi,ince_aciklama,16,0,0,0
0,6949,"Ahşap Top Atma Puanlı Mavi",Ceysport,https://sportoonline.com/tr/urun/ahsap-top-atma-puanli-mavi,ince_aciklama,16,0,0,0
0,6950,"Ahşap Slıng Puck Sapan",Ceysport,https://sportoonline.com/tr/urun/ahsap-sling-puck-sapan,ince_aciklama,35,0,0,0
0,6952,"Ahşap Four In A Row",Ceysport,https://sportoonline.com/tr/urun/ahsap-four-in-a-row,ince_aciklama,46,0,0,0
0,6953,"Ahşap Çarkı Felek",Ceysport,https://sportoonline.com/tr/urun/ahsap-carki-felek,ince_aciklama,37,0,0,0
0,6954,"Ahşap Şövalye Savaşı",Ceysport,https://sportoonline.com/tr/urun/ahsap-sovalye-savasi,ince_aciklama,26,0,0,0
0,6955,"Cimnastik Blok Minder Seti",Ceysport,https://sportoonline.com/tr/urun/cimnastik-blok-minder-seti,ince_aciklama,46,0,0,0
0,6956,"Cimnastik Oyun Seti 3'lü",Ceysport,https://sportoonline.com/tr/urun/cimnastik-oyun-seti-3lu,ince_aciklama,32,0,0,0
0,6957,"Cimnastik Üçgen Rampa ve Merdiven Set",Ceysport,https://sportoonline.com/tr/urun/cimnastik-ucgen-rampa-ve-merdiven-set,ince_aciklama,30,0,0,0
0,6959,"Cimnastik Renkli Macera Seti 12",Ceysport,https://sportoonline.com/tr/urun/cimnastik-renkli-macera-seti-12,ince_aciklama,30,0,0,0
0,6960,"Cimnastik Macera Seti 11",Ceysport,https://sportoonline.com/tr/urun/cimnastik-macera-seti-11,ince_aciklama,32,0,0,0
0,6961,"Cimnastik Macera Seti 10",Ceysport,https://sportoonline.com/tr/urun/cimnastik-macera-seti-10,ince_aciklama,32,0,0,0
0,6962,"Cimnastik Macera Seti 9",Ceysport,https://sportoonline.com/tr/urun/cimnastik-macera-seti-9,ince_aciklama,35,0,0,0
0,6963,"Cimnastik Macera Seti 8",Ceysport,https://sportoonline.com/tr/urun/cimnastik-macera-seti-8,ince_aciklama,39,0,0,0
0,6964,"Cimnastik Macera Seti 7",Ceysport,https://sportoonline.com/tr/urun/cimnastik-macera-seti-7,ince_aciklama,39,0,0,0
0,6965,"Cimnastik Macera Seti 6",Ceysport,https://sportoonline.com/tr/urun/cimnastik-macera-seti-6,ince_aciklama,30,0,0,0
0,6966,"Cimnastik Macera Seti 5",Ceysport,https://sportoonline.com/tr/urun/cimnastik-macera-seti-5,ince_aciklama,27,0,0,0
0,6967,"Cimnastik Macera Seti 4",Ceysport,https://sportoonline.com/tr/urun/cimnastik-macera-seti-4,ince_aciklama,41,0,0,0
0,6968,"Cimnastik Macera Seti 3",Ceysport,https://sportoonline.com/tr/urun/cimnastik-macera-seti-3,ince_aciklama,42,0,0,0
0,6969,"Cimnastik Macera Seti 2",Ceysport,https://sportoonline.com/tr/urun/cimnastik-macera-seti-2,ince_aciklama,63,0,0,0
0,6970,"Cimnastik Macera Seti 1",Ceysport,https://sportoonline.com/tr/urun/cimnastik-macera-seti-1,ince_aciklama,39,0,0,0
0,6971,"Cimnastik Paralel Bar 360° Profesyonel",Ceysport,https://sportoonline.com/tr/urun/cimnastik-paralel-bar-360-profesyonel,ince_aciklama,38,0,0,0
0,6972,"Cimnastik Mini Set Paralel Barı",Ceysport,https://sportoonline.com/tr/urun/cimnastik-mini-set-paralel-bari,ince_aciklama,47,0,0,0
0,6973,"Cimnastik Duvara Monte Halka Aleti",Ceysport,https://sportoonline.com/tr/urun/cimnastik-duvara-monte-halka-aleti,ince_aciklama,49,0,0,0
0,6974,"Cimnastik Mini Set Barfiks Barı",Ceysport,https://sportoonline.com/tr/urun/cimnastik-mini-set-barfiks-bari,ince_aciklama,21,0,0,0
0,6975,"Cimnastik Barfiks Barı",Ceysport,https://sportoonline.com/tr/urun/cimnastik-barfiks-bari,ince_aciklama,32,0,0,0
0,6976,"Cimnastik Paralel Bar Metal",Ceysport,https://sportoonline.com/tr/urun/cimnastik-paralel-bar-metal,ince_aciklama,29,0,0,0
0,6977,"Cimnastik Paralel Bar Ahşap",Ceysport,https://sportoonline.com/tr/urun/cimnastik-paralel-bar-ahsap,ince_aciklama,27,0,0,0
0,6978,"Cimnastik Yer Barı",Ceysport,https://sportoonline.com/tr/urun/cimnastik-yer-bari,ince_aciklama,18,0,0,0
0,6980,"Cimnastik Mini Paralel Bar",Ceysport,https://sportoonline.com/tr/urun/cimnastik-mini-paralel-bar,ince_aciklama,26,0,0,0
0,6981,"Cimnastik Geçiş Köprü Minderi",Ceysport,https://sportoonline.com/tr/urun/cimnastik-gecis-kopru-minderi,ince_aciklama,29,0,0,0
0,6982,"Cimnastik Katlanır Minder",Ceysport,https://sportoonline.com/tr/urun/cimnastik-katlanir-minder,ince_aciklama,17,0,0,0
0,6983,"Cimnastik Çember Minder Dikdörtgen Model",Ceysport,https://sportoonline.com/tr/urun/cimnastik-cember-minder-dikdortgen-model,ince_aciklama,34,0,0,0
0,6984,"Cimnastik U Minder",Ceysport,https://sportoonline.com/tr/urun/cimnastik-u-minder,ince_aciklama,18,0,0,0
0,6985,"Cimnastik Katlanabilir Bataklık Minderi Mapalı",Ceysport,https://sportoonline.com/tr/urun/cimnastik-katlanabilir-bataklik-minderi-mapali,ince_aciklama,42,0,0,0
0,6986,"Cimnastik Katlanabilir Bataklık Minderi",Ceysport,https://sportoonline.com/tr/urun/cimnastik-katlanabilir-bataklik-minderi,ince_aciklama,39,0,0,0
0,6987,"Cimnastik Bataklık Minderi Dolu 10’lu",Ceysport,https://sportoonline.com/tr/urun/cimnastik-bataklik-minderi-dolu-10lu,ince_aciklama,42,0,0,0
0,6988,"Cimnastik Bataklık Minderi Delikli 10'lu",Ceysport,https://sportoonline.com/tr/urun/cimnastik-bataklik-minderi-delikli-10lu,ince_aciklama,37,0,0,0
0,6989,"Cimnastik Tünel Minder 4'lü",Ceysport,https://sportoonline.com/tr/urun/cimnastik-tunel,ince_aciklama,27,0,0,0
0,6990,"Cimnastik H Minder CeySport",Ceysport,https://sportoonline.com/tr/urun/cimnastik-h-minder-ceysport,ince_aciklama,54,0,0,0
0,6991,"Cimnastik Eğimli Dalga Minderi",Ceysport,https://sportoonline.com/tr/urun/cimnastik-egimli-dalga-minderi,ince_aciklama,29,0,0,0
0,6992,"Cimnastik Gökkuşağı Tünel Minderi",Ceysport,https://sportoonline.com/tr/urun/cimnastik-gokkusagi-tunel-minderi,ince_aciklama,32,0,0,0
0,6993,"Cimnastik Geo Koltuk Minderi",Ceysport,https://sportoonline.com/tr/urun/cimnastik-geo-koltuk-minderi,ince_aciklama,27,0,0,0
0,6994,"Cimnastik Kare Tünel Minderi",Ceysport,https://sportoonline.com/tr/urun/cimnastik-kare-tunel-minderi,ince_aciklama,27,0,0,0
0,6995,"Cimnastik Geo Tünel Minderi",Ceysport,https://sportoonline.com/tr/urun/cimnastik-geo-tunel-minderi,ince_aciklama,26,0,0,0
0,6996,"Cimnastik Geo Tırtıl Minderi",Ceysport,https://sportoonline.com/tr/urun/cimnastik-geo-tirtil-minderi,ince_aciklama,27,0,0,0
0,6997,"Cimnastik Kutu Geo Minderi",Ceysport,https://sportoonline.com/tr/urun/cimnastik-kutu-geo-minderi,ince_aciklama,25,0,0,0
0,6998,"Cimnastik C Köprü Minderi",Ceysport,https://sportoonline.com/tr/urun/cimnastik-c-kopru-minderi,ince_aciklama,30,0,0,0
0,6999,"Cimnastik D Minderi",Ceysport,https://sportoonline.com/tr/urun/cimnastik-d-minderi,ince_aciklama,18,0,0,0
0,7001,"Cimnastik Aktivite Engel Seti 4'lü",Ceysport,https://sportoonline.com/tr/urun/cimnastik-aktivite-engel-seti-4lu,ince_aciklama,40,0,0,0
0,7002,"Trambolin Kare Profesyonel Ayarlanabilir",Ceysport,https://sportoonline.com/tr/urun/trambolin-kare-profesyonel-ayarlanabilir,ince_aciklama,17,0,0,0
0,7003,"Trambolin Track 6 Metre",Ceysport,https://sportoonline.com/tr/urun/trambolin-track-6-metre,ince_aciklama,17,0,0,0
0,7004,"Trambolin Track 8 Metre",Ceysport,https://sportoonline.com/tr/urun/trambolin-track-8-metre,ince_aciklama,17,0,0,0
0,7005,"Trambolin Track 4 Metre",Ceysport,https://sportoonline.com/tr/urun/trambolin-track-4-metre,ince_aciklama,17,0,0,0
0,7006,"Tramplen Sünger Minderi",Ceysport,https://sportoonline.com/tr/urun/tramplen-sunger-minderi,ince_aciklama,17,0,0,0
0,7007,"Trambolin 5 Yaylı Sıçrama Tahtası",Ceysport,https://sportoonline.com/tr/urun/trambolin-5-yayli-sicrama-tahtasi,ince_aciklama,17,0,0,0
0,7008,"Trambolin Helix Kırmızı",Ceysport,https://sportoonline.com/tr/urun/helix-trambolin-kirmizi,ince_aciklama,16,0,0,0
0,7009,"Trambolin Helix Mavi",Ceysport,https://sportoonline.com/tr/urun/helix-trambolin-mavi,ince_aciklama,16,0,0,0
0,7010,"Trambolin Helix Fileli Korumalı Mavi",Ceysport,https://sportoonline.com/tr/urun/trambolin-helix-fileli-korumali-mavi,ince_aciklama,16,0,0,0
0,7011,"Trambolin Helix Fileli Korumalı Turuncu",Ceysport,https://sportoonline.com/tr/urun/trambolin-helix-fileli-korumali-turuncu,ince_aciklama,16,0,0,0
0,7012,"Trambolin Helix Fileli Korumalı Kırmızı",Ceysport,https://sportoonline.com/tr/urun/trambolin-helix-fileli-korumali-kirmizi,ince_aciklama,16,0,0,0
0,7013,"Cimnastik Tam Donut Minder CeySport",Ceysport,https://sportoonline.com/tr/urun/cimnastik-tam-donut-minder-ceysport,ince_aciklama,29,0,0,0
0,7014,"Cimnastik Yarım Donut Minder CeySport",Ceysport,https://sportoonline.com/tr/urun/cimnastik-yarim-donut-minder-ceysport,ince_aciklama,86,0,0,0
0,7015,"Cimnastik Simit Minder CeySport",Ceysport,https://sportoonline.com/tr/urun/cimnastik-simit-minder-ceysport,ince_aciklama,54,0,0,0
0,7016,"Cimnastik T Minder CeySport",Ceysport,https://sportoonline.com/tr/urun/cimnastik-t-minder-ceysport,ince_aciklama,54,0,0,0
0,7017,"Cimnastik C Minder CeySport",Ceysport,https://sportoonline.com/tr/urun/cimnastik-c-minder-ceysport,ince_aciklama,76,0,0,0
0,7018,"Cimnastik Çubuk Minder CeySport",Ceysport,https://sportoonline.com/tr/urun/cimnastik-cubuk-minder-ceysport,ince_aciklama,54,0,0,0
0,7019,"Cimnastik Küp Minder CeySport",Ceysport,https://sportoonline.com/tr/urun/cimnastik-kup-minder-ceysport,ince_aciklama,54,0,0,0
0,7020,"Cimnastik Dikdörtgen Minder CeySport",Ceysport,https://sportoonline.com/tr/urun/cimnastik-dikdortgen-minder-ceysport,ince_aciklama,54,0,0,0
0,7021,"Cimnastik Parmaklık Profesyonel CeySport",Ceysport,https://sportoonline.com/tr/urun/cimnastik-parmaklik-profesyonel-ceysport,ince_aciklama,66,0,0,0
0,7022,"Cimnastik Parmaklık Standart CeySport",Ceysport,https://sportoonline.com/tr/urun/cimnastik-parmaklik-standart-ceysport,ince_aciklama,66,0,0,0
0,7023,"Cimnastik Örümcek Merdiven CeySport",Ceysport,https://sportoonline.com/tr/urun/cimnastik-orumcek-merdiven-ceysport,ince_aciklama,65,0,0,0
0,7024,"Cimnastik Tırmanma Merdiveni CeySport",Ceysport,https://sportoonline.com/tr/urun/cimnastik-tirmanma-merdiveni-ceysport,ince_aciklama,65,0,0,0
0,7025,"Cimnastik İp Tırmanma Merdiveni -2 CeySport",Ceysport,https://sportoonline.com/tr/urun/cimnastik-ip-tirmanma-merdiveni-2-ceysport,ince_aciklama,65,0,0,0
0,7026,"Cimnastik İp Tırmanma Merdiveni CeySport",Ceysport,https://sportoonline.com/tr/urun/cimnastik-ip-merdiven-tirmanma-ceysport,ince_aciklama,76,0,0,0
0,7027,"Cimnastik Merdiven Minder 4 Basamaklı CeySport",Ceysport,https://sportoonline.com/tr/urun/cimnastik-merdiven-minder-4-basamakli-ceysport,ince_aciklama,93,0,0,0
0,7028,"Cimnastik Merdiven Minder 5 Basamaklı CeySport",Ceysport,https://sportoonline.com/tr/urun/cimnastik-merdiven-minder-5-basamakli-ceysport,ince_aciklama,17,0,0,0
0,7031,"Cimnastik Sırası CeySport",Ceysport,https://sportoonline.com/tr/urun/cimnastik-sirasi-ceysport,ince_aciklama,49,0,0,0
0,7032,"Cimnastik Profesyonel Denge Aleti Yükseklik Ayarlı 5mt CeySport",Ceysport,https://sportoonline.com/tr/urun/cimnastik-profesyonel-denge-aleti-yukseklik-ayarli-5mt-ceysport,ince_aciklama,84,0,0,0
0,7033,"Cimnastik Profesyonel Denge Aleti Yükseklik Ayarlı 4mt CeySport",Ceysport,https://sportoonline.com/tr/urun/cimnastik-profesyonel-denge-aleti-yukseklik-ayarli-4mt-ceysport,ince_aciklama,96,0,0,0
0,7034,"Cimnastik Yüksek Sünger Aleti CeySport",Ceysport,https://sportoonline.com/tr/urun/cimnastik-yuksek-sunger-aleti-ceysport,ince_aciklama,90,0,0,0
0,7036,"Cimnastik Yer Denge Aleti CeySport",Ceysport,https://sportoonline.com/tr/urun/cimnastik-yer-denge-aleti-ceysport,ince_aciklama,102,0,0,0
0,7037,"Cimnastik Bondeks Denge Aleti 3 mt",Ceysport,https://sportoonline.com/tr/urun/cimnastik-bondeks-denge-aleti-3-mt,ince_aciklama,98,0,0,0
0,7038,"Cimnastik Ahşap 5 Katlı Atlama Kasası CeySport",Ceysport,https://sportoonline.com/tr/urun/cimnastik-ahsap-5-katli-atlama-kasasi-ceysport,ince_aciklama,44,0,0,0
0,7039,"Cimnastik Sünger Atlama Masası CeySport",Ceysport,https://sportoonline.com/tr/urun/cimnastik-sunger-atlama-masasi-ceysport,ince_aciklama,40,0,0,0
0,7040,"Cimnastik Mini Kısa Üçgen Minder 90x70x24,5 cm",Ceysport,https://sportoonline.com/tr/urun/cimnastik-mini-kisa-ucgen-minder-90x70x245-cm,ince_aciklama,26,0,0,0
0,7041,"Cimnastik Üçgen Minder 100x100x40 cm CeySport",Ceysport,https://sportoonline.com/tr/urun/cimnastik-ucgen-minder-100x100x40-cm-ceysport,ince_aciklama,58,0,0,0
0,7042,"Cimnastik Üçgen Rampa Minder 100x60x50",Ceysport,https://sportoonline.com/tr/urun/cimnastik-ucgen-rampa-minder-100x60x50,ince_aciklama,25,0,0,0
0,7043,"Cimnastik Geri Takla Minder 150x70x30",Ceysport,https://sportoonline.com/tr/urun/cimnastik-geri-takla-minder-150x70x30,ince_aciklama,56,0,0,0
0,7045,"Cimnastik Takla Minder 150x70x30 cm",Ceysport,https://sportoonline.com/tr/urun/cimnastik-takla-minder-150x70x30-cm,ince_aciklama,58,0,0,0
0,7046,"Cimnastik Dik Rampa Minder 90x60x60",Ceysport,https://sportoonline.com/tr/urun/cimnastik-dik-rampa-minder-90x60x60,ince_aciklama,17,0,0,0
0,7047,"Cimnastik Eğimli Rampa Minder 125x60x60",Ceysport,https://sportoonline.com/tr/urun/cimnastik-egimli-rampa-minder-125x60x60,ince_aciklama,58,0,0,0
0,7048,"Cimnastik Uzun Rampa Minder 120x70x50",Ceysport,https://sportoonline.com/tr/urun/cimnastik-uzun-rampa-minder-120x70x50,ince_aciklama,58,0,0,0
0,7049,"Cimnastik Katlanır Uzun Üçgen Minder 160x60x36",Ceysport,https://sportoonline.com/tr/urun/cimnastik-katlanir-uzun-ucgen-minder-160x60x36,ince_aciklama,58,0,0,0
0,7052,"Cimnastik Kumaş Puf Minder Seti 100x200x50 cm CeySport",Ceysport,https://sportoonline.com/tr/urun/cimnastik-kumas-puf-minder-seti-100x200x50-cm-ceysport-2,ince_aciklama,26,0,0,0
0,7055,"Aktivasyon Minderi Eğitici 100x200x5 cm CeySport",Ceysport,https://sportoonline.com/tr/urun/aktivasyon-minderi-egitici-100x200x5-cm-ceysport,ince_aciklama,110,0,0,0
0,7061,"Portatif Pickleball File Seti Helix",Ceysport,https://sportoonline.com/tr/urun/portatif-pickleball-file-seti-helix,ince_aciklama,30,0,0,0
0,7062,"Squash Raketi Helix Victory",Ceysport,https://sportoonline.com/tr/urun/squash-raketi-helix-victory,ince_aciklama,61,0,0,0
0,7063,"Squash Raketi Seti Helix Buddie",Ceysport,https://sportoonline.com/tr/urun/squash-raketi-seti-helix-buddie,ince_aciklama,16,0,0,0
0,7064,"Squash Topu Helix",Ceysport,https://sportoonline.com/tr/urun/squash-topu-helix,ince_aciklama,16,0,0,0
0,7065,"Ayak Tenisi Seti Portatif Helix 3 Metre",Ceysport,https://sportoonline.com/tr/urun/ayak-tenisi-seti-portatif-helix-3-metre,ince_aciklama,65,0,0,0
0,7070,"Profesyonel Tenis Direği (İthal Krikolu – Mapalı)",Ceysport,https://sportoonline.com/tr/urun/profesyonel-tenis-diregi-ithal-krikolu-mapali,ince_aciklama,34,0,0,0
0,7072,"Tenis Kortu Zemin Silindiri",Ceysport,https://sportoonline.com/tr/urun/tenis-kortu-zemin-silindiri,ince_aciklama,85,0,0,0
0,7075,"Tenis Top Taşıma Sepeti Helix Metal",Ceysport,https://sportoonline.com/tr/urun/tenis-top-tasima-sepeti-helix-metal,ince_aciklama,17,0,0,0
0,7078,"Tenis Topu Helix 4-7 Yaş ITF Onaylı 36'lı",Ceysport,https://sportoonline.com/tr/urun/tenis-topu-helix-4-7-yas-itf-onayli-36li,ince_aciklama,11,0,0,0
0,7079,"Tenis Raketi Helix Invict Carbon Grip",Ceysport,https://sportoonline.com/tr/urun/tenis-raketi-helix-invict-carbon-grip-3,ince_aciklama,10,0,0,0
0,7080,"Tenis Raketi Helix Invict Carbon Grip",Ceysport,https://sportoonline.com/tr/urun/tenis-raketi-helix-invict-carbon-grip-2,ince_aciklama,10,0,0,0
0,7081,"Tenis Raketi Helix Invict Carbon Grip",Ceysport,https://sportoonline.com/tr/urun/tenis-raketi-helix-invict-carbon-grip,ince_aciklama,10,0,0,0
0,7082,"Tenis Raketi Helix Invict Carbon",Ceysport,https://sportoonline.com/tr/urun/tenis-raketi-helix-invict-carbon-4,ince_aciklama,10,0,0,0
0,7083,"Tenis Raketi Helix Invict Carbon",Ceysport,https://sportoonline.com/tr/urun/tenis-raketi-helix-invict-carbon-3,ince_aciklama,10,0,0,0
0,7084,"Tenis Raketi Helix Invict Carbon",Ceysport,https://sportoonline.com/tr/urun/tenis-raketi-helix-invict-carbon-2,ince_aciklama,10,0,0,0
0,7085,"Tenis Raketi Helix Invict Carbon",Ceysport,https://sportoonline.com/tr/urun/tenis-raketi-helix-invict-carbon,ince_aciklama,10,0,0,0
0,7087,"Basketbol Pota Çemberi Esnek Elit Model",Ceysport,https://sportoonline.com/tr/urun/basketbol-pota-cemberi-esnek-elit-model,ince_aciklama,36,0,0,0
0,8850,"Bigjoy %100 Pure L-Arginine Aromasız 300 gram",ProteinMax,https://sportoonline.com/tr/urun/bigjoy-100-pure-l-arginine-6607,kopya_aciklama,150,265,0,0
0,8851,"Bigjoy %100 Pure L-Arginine Aromasız 150 gram",ProteinMax,https://sportoonline.com/tr/urun/bigjoy-100-pure-l-arginine-6489,kopya_aciklama,150,265,0,0
0,8853,"Bigjoy Arginine Powder Orman Meyveli 500 gram",ProteinMax,https://sportoonline.com/tr/urun/bigjoy-arginine-powder-3945,kopya_aciklama,150,265,0,0
0,8855,"Bigjoy BCAA Pro 4:1:1 Aromasız 420 gram",ProteinMax,https://sportoonline.com/tr/urun/bigjoy-bcaa-pro-4-1-1-3940,kopya_aciklama,150,265,0,0
0,8856,"Bigjoy BCAA Pro 4:1:1 Ripped Kola 432 gram",ProteinMax,https://sportoonline.com/tr/urun/bigjoy-bcaa-pro-4-1-1-ripped-4814,kopya_aciklama,150,265,0,0
0,8858,"Bigjoy Bcaa+Glutamine+Creatine Portakal 480 gram",ProteinMax,https://sportoonline.com/tr/urun/bigjoy-bcaa-glutamine-creatine-6626,kopya_aciklama,150,265,0,0
0,8859,"Bigjoy BcaaBig Ananas 589 gram",ProteinMax,https://sportoonline.com/tr/urun/bigjoy-bcaabig-4010,kopya_aciklama,150,265,0,0
0,8860,"Bigjoy BcaaBig Karpuz 312 gram",ProteinMax,https://sportoonline.com/tr/urun/bigjoy-bcaabig-6481,kopya_aciklama,150,265,0,0
0,8861,"Bigjoy Beef & Whey Çikolata 2176 gram",ProteinMax,https://sportoonline.com/tr/urun/bigjoy-beef-ve-whey-6165,kopya_aciklama,150,265,0,0
0,8863,"Bigjoy Beta Alanine Powder Aromasız 300 gram",ProteinMax,https://sportoonline.com/tr/urun/bigjoy-beta-alanine-powder-3713,kopya_aciklama,150,265,0,0
0,8866,"Bigjoy BigWhey Classic Whey Protein Hindistan Cevizi&Vanilya 2196 gram",ProteinMax,https://sportoonline.com/tr/urun/bigjoy-bigwhey-classic-whey-protein-6540,kopya_aciklama,150,265,0,0
0,8868,"Bigjoy BigWhey Classic Whey Protein Çikolata 1020 gram",ProteinMax,https://sportoonline.com/tr/urun/bigjoy-bigwhey-classic-whey-protein-5344,kopya_aciklama,150,265,0,0
0,8870,"Bigjoy BigWhey Classic Whey Protein Çikolata 2448 gram",ProteinMax,https://sportoonline.com/tr/urun/bigjoy-bigwhey-classic-whey-protein-5477,kopya_aciklama,150,265,0,0
0,8874,"Bigjoy Caffeine Plus 100 Kapsül",ProteinMax,https://sportoonline.com/tr/urun/bigjoy-caffeine-plus-5339,kopya_aciklama,150,265,0,0
0,8875,"Bigjoy Citruline Malate Aromasız 150 gram",ProteinMax,https://sportoonline.com/tr/urun/bigjoy-citruline-malate-6485,kopya_aciklama,150,265,0,0
0,8877,"Bigjoy CLABig 1100 mg. 99 Kapsül",ProteinMax,https://sportoonline.com/tr/urun/bigjoy-clabig-1100-mg-3683,kopya_aciklama,150,265,0,0
0,8879,"Bigjoy Classic High Protein Bar Cookie Cream 45 gram",ProteinMax,https://sportoonline.com/tr/urun/bigjoy-classic-high-protein-bar-6476,kopya_aciklama,150,265,0,0
0,8881,"Bigjoy CreaBig Go! Yeşil Elma 21 Adet x 7 gr. (147gr.)",ProteinMax,https://sportoonline.com/tr/urun/bigjoy-creabig-go-3832,kopya_aciklama,150,265,0,0
0,8883,"Bigjoy CreaBig Powder Aromasız 300 gram",ProteinMax,https://sportoonline.com/tr/urun/bigjoy-creabig-powder-3936,kopya_aciklama,150,265,0,0
0,8884,"Bigjoy CreaBig Powder Aromasız 120 gram",ProteinMax,https://sportoonline.com/tr/urun/bigjoy-creabig-powder-3935,kopya_aciklama,150,265,0,0
0,8885,"Bigjoy CreaBig Powder Ananas 210 gram",ProteinMax,https://sportoonline.com/tr/urun/bigjoy-creabig-powder-6486,kopya_aciklama,150,265,0,0
0,8886,"Bigjoy Creamix 7000 Aromasız 350 gram",ProteinMax,https://sportoonline.com/tr/urun/bigjoy-creamix-7000-5077,kopya_aciklama,150,265,0,0
0,8887,"Bigjoy EAA+Glutamine+Creatine Portakal 480 gram",ProteinMax,https://sportoonline.com/tr/urun/bigjoy-eaa-glutamine-creatine-6175,kopya_aciklama,150,265,0,0
0,8890,"Bigjoy Glucosamine Chon. With MSM 90 Tablet",ProteinMax,https://sportoonline.com/tr/urun/bigjoy-glucosamine-chondroitin-with-msm-5340,kopya_aciklama,150,265,0,0
0,8892,"Bigjoy GlutaBig Powder Ananas 420 gram",ProteinMax,https://sportoonline.com/tr/urun/bigjoy-glutabig-powder-3952,kopya_aciklama,150,265,0,0
0,8893,"Bigjoy GlutaBig Powder Aromasız 300 gram",ProteinMax,https://sportoonline.com/tr/urun/bigjoy-glutabig-powder-6606,kopya_aciklama,150,265,0,0
0,8896,"Bigjoy Hydro Pump Aromasız 180 gram",ProteinMax,https://sportoonline.com/tr/urun/bigjoy-hydro-pump-glycerol-6591,kopya_aciklama,150,265,0,0
0,8901,"Bigjoy L-Carnitine Likit Çilek 1000 ml.",ProteinMax,https://sportoonline.com/tr/urun/bigjoy-l-carnitine-likit-3953,kopya_aciklama,150,265,0,0
0,8903,"Bigjoy MultiBig 90 Kapsül",ProteinMax,https://sportoonline.com/tr/urun/bigjoy-multibig-3716,kopya_aciklama,150,265,0,0
0,8904,"Bigjoy NoxOne Pre-Workout Orman Meyveli 442 gram",ProteinMax,https://sportoonline.com/tr/urun/bigjoy-noxone-pre-workout-6253,kopya_aciklama,150,265,0,0
0,8907,"Bigjoy Predator Go! Mix 21 Adet x 17 gr. (357gr.)",ProteinMax,https://sportoonline.com/tr/urun/bigjoy-predator-go-5079,kopya_aciklama,150,265,0,0
0,8908,"Bigjoy Predator Shot Portakal 60 ml.",ProteinMax,https://sportoonline.com/tr/urun/bigjoy-predator-shot-orange-60-ml-6037,kopya_aciklama,150,265,0,0
0,8909,"Bigjoy Predator Shot Portakal 20 Adet x 60 ml.",ProteinMax,https://sportoonline.com/tr/urun/bigjoy-predator-shot-5934,kopya_aciklama,150,265,0,0
0,8911,"Bigjoy Sports Argimax 120 Kapsül",ProteinMax,https://sportoonline.com/tr/urun/bigjoy-sports-argimax-5675,kopya_aciklama,150,265,0,0
0,8916,"Bigjoy Sports On The Go Magnesium Portakal 20 Shot x 25 ml.",ProteinMax,https://sportoonline.com/tr/urun/bigjoy-on-the-go-magnesium-6387,kopya_aciklama,150,265,0,0
0,8918,"Bigjoy Sports On The Go Pre-Workout Orman Meyveli 20 Adet x 15 gram",ProteinMax,https://sportoonline.com/tr/urun/bigjoy-on-the-go-pre-workout-6401,kopya_aciklama,150,265,0,0
0,8919,"Bigjoy Sports On The Go Pre-Workout Orman Meyveli 450 gram",ProteinMax,https://sportoonline.com/tr/urun/bigjoy-on-the-go-pre-workout-6388,kopya_aciklama,150,265,0,0
0,8923,"Bigjoy Sports On The Go Whey+Plus Çikolata 756 gram",ProteinMax,https://sportoonline.com/tr/urun/bigjoy-sports-on-the-go-whey-plus-6725,kopya_aciklama,150,265,0,0
0,8924,"Bigjoy Sports On The Go Whey+Plus Ananas 693 gram",ProteinMax,https://sportoonline.com/tr/urun/bigjoy-sports-on-the-go-whey-plus-6724,kopya_aciklama,150,265,0,0
0,8927,"Bigjoy Thermonator Portakal 20 Adet x 40 ml.",ProteinMax,https://sportoonline.com/tr/urun/bigjoy-thermonator-3955,kopya_aciklama,150,265,0,0
0,8928,"Bigjoy Thermonator Ripped 120 Kapsül",ProteinMax,https://sportoonline.com/tr/urun/bigjoy-thermonator-ripped-4007,kopya_aciklama,150,265,0,0
0,8929,"Bigjoy Tribulus GRW 120 Kapsül",ProteinMax,https://sportoonline.com/tr/urun/bigjoy-tribulus-grw-3941,kopya_aciklama,150,265,0,0
0,8930,"Bigjoy Vitamins Alpha Max 90 Kapsül",ProteinMax,https://sportoonline.com/tr/urun/bigjoy-vitamins-alpha-max-6614,kopya_aciklama,150,265,0,0
0,8931,"Bigjoy Vitamins B-50 Complex 60 Kapsül",ProteinMax,https://sportoonline.com/tr/urun/bigjoy-vitamins-b-50-complex-6675,kopya_aciklama,150,265,0,0
0,8932,"Bigjoy Vitamins Bromelain 60 Tablet",ProteinMax,https://sportoonline.com/tr/urun/bigjoy-vitamins-bromelain-6689,kopya_aciklama,150,265,0,0
0,8934,"Bigjoy Vitamins Coenzyme Q10 30 Kapsül",ProteinMax,https://sportoonline.com/tr/urun/bigjoy-vitamins-coenzyme-q10-6547,kopya_aciklama,150,265,0,0
0,8937,"Bigjoy Vitamins İron Plus 60 Kapsül",ProteinMax,https://sportoonline.com/tr/urun/bigjoy-vitamins-ron-plus-6610,kopya_aciklama,150,265,0,0
0,8938,"Bigjoy Vitamins Magnesıum Multiform 60 Tablet",ProteinMax,https://sportoonline.com/tr/urun/bigjoy-vitamins-magnesium-multiform-6557,kopya_aciklama,150,265,0,0
0,8939,"Bigjoy Vitamins Mens Bigbiotic 30 Kapsül",ProteinMax,https://sportoonline.com/tr/urun/bigjoy-vitamins-mens-bigbiotic-6549,kopya_aciklama,150,265,0,0
0,8940,"Bigjoy Vitamins Mens Multivitamin 30 Kapsül",ProteinMax,https://sportoonline.com/tr/urun/bigjoy-vitamins-mens-multivitamin-6548,kopya_aciklama,150,265,0,0
0,8941,"Bigjoy Vitamins Omega 3 60 Softjel",ProteinMax,https://sportoonline.com/tr/urun/bigjoy-vitamins-omega-3-6615,kopya_aciklama,150,265,0,0
0,8943,"Bigjoy Vitamins Vitamin C Plus Portakal 20 Efervesan Tablet",ProteinMax,https://sportoonline.com/tr/urun/bigjoy-vitamins-vitamin-c-plus-6713,kopya_aciklama,150,265,0,0
0,8944,"Bigjoy Vitamins Vitamin D3 1000 iu 100 Tablet",ProteinMax,https://sportoonline.com/tr/urun/bigjoy-vitamins-vitamin-d3-1000-iu-6731,kopya_aciklama,150,265,0,0
0,8945,"Bigjoy Vitamins Womens Bigbiotic 30 Kapsül",ProteinMax,https://sportoonline.com/tr/urun/bigjoy-vitamins-womens-bigbiotic-6546,kopya_aciklama,150,265,0,0
0,8946,"Bigjoy Vitamins Womens Multivitamin 30 Kapsül",ProteinMax,https://sportoonline.com/tr/urun/bigjoy-vitamins-womens-multivitamin-6545,kopya_aciklama,150,265,0,0
0,8947,"Bigjoy ZMA 120 Kapsül",ProteinMax,https://sportoonline.com/tr/urun/bigjoy-zma-5341,kopya_aciklama,150,265,0,0
0,8957,"Bite & More L-Carnitine Coffee 10 Adet x 12 gram",ProteinMax,https://sportoonline.com/tr/urun/bite-ve-more-l-carnitine-coffee-6236,kopya_aciklama,150,265,0,0
0,8959,"Bite & More Limited Edition Protein Pancake Red Velvet 12 Adet x 50 gram",ProteinMax,https://sportoonline.com/tr/urun/bite-ve-more-protein-pancake-6214,kopya_aciklama,150,265,0,0
0,8963,"Bite & More Protein Iced Coffee Espresso 10 Adet x 33 gram",ProteinMax,https://sportoonline.com/tr/urun/bite-ve-more-protein-iced-coffee-espresso-6228,kopya_aciklama,150,265,0,0
0,8966,"Bite & More Protein Iced Coffee White Chocolate Mocha 33 gram",ProteinMax,https://sportoonline.com/tr/urun/bite-ve-more-protein-iced-coffee-white-chocolate-mocha-6233,kopya_aciklama,150,265,0,0
0,8977,"Bite & More Protein Pancake Strawberry Cream 12 Adet x 50 gram",ProteinMax,https://sportoonline.com/tr/urun/bite-more-protein-pancake-strawberry-cream-12-adet-x-50-gram,kopya_aciklama,150,265,0,0
0,8982,"Bite & More Protein Waffle Fındık 12 Adet x 55 Gram",ProteinMax,https://sportoonline.com/tr/urun/bite-ve-more-protein-waffle-6598,kopya_aciklama,150,265,0,0
0,8988,"Dy Nutrition Creatine Aromasız 300 gram",ProteinMax,https://sportoonline.com/tr/urun/dy-nutrition-creatine-6667,kopya_aciklama,150,265,0,0
0,8989,"Dy Nutrition Hit Eaa Amino Acid Complex Kan Portakalı 360 gram",ProteinMax,https://sportoonline.com/tr/urun/dy-nutrition-hit-eaa-amino-acid-complex-6668,kopya_aciklama,150,265,0,0
0,8992,"Effive Nutrition Argi1500 120 Kapsül",ProteinMax,https://sportoonline.com/tr/urun/effive-nutrition-argi1500-6105,kopya_aciklama,150,265,0,0
0,8993,"Effive Nutrition B Complex 60 Tablet",ProteinMax,https://sportoonline.com/tr/urun/effive-nutrition-b-complex-6166,kopya_aciklama,150,265,0,0
0,8994,"Effive Nutrition Caffeine+Taurine  100 Kapsül",ProteinMax,https://sportoonline.com/tr/urun/effive-nutrition-caffeine-taurine-6039,kopya_aciklama,150,265,0,0
0,8996,"Effive Nutrition Crea1500 Kreatin Kapsül Aromasız 120 Kapsül",ProteinMax,https://sportoonline.com/tr/urun/effive-nutrition-crea1500-kreatin-kapsul-6268,kopya_aciklama,150,265,0,0
0,8997,"Effive Nutrition Glucosamine MSM Chondroitin 90 Tablet",ProteinMax,https://sportoonline.com/tr/urun/effive-nutrition-glucosamine-msm-chondroitin-6276,kopya_aciklama,150,265,0,0
0,8998,"Effive Nutrition Milk Thistle Complex 60 Kapsül",ProteinMax,https://sportoonline.com/tr/urun/effive-nutrition-milk-thistle-complex-6277,kopya_aciklama,150,265,0,0
0,9000,"Effive Nutrition Omega 3  120 Softgel",ProteinMax,https://sportoonline.com/tr/urun/effive-nutrition-omega-3-6041,kopya_aciklama,150,265,0,0
0,9005,"Enervit Low Sugar Protein Bar Kurabiye 55 gram",ProteinMax,https://sportoonline.com/tr/urun/enervit-low-sugar-protein-bar-6451,kopya_aciklama,150,265,0,0
0,9006,"Enervit Low Sugar Protein Bar Dark Chocolate 60 gram",ProteinMax,https://sportoonline.com/tr/urun/enervit-low-sugar-protein-bar-6364,kopya_aciklama,150,265,0,0
0,9008,"Enervit Low Sugar Protein Bar Lemon Cake 48 gram",ProteinMax,https://sportoonline.com/tr/urun/enervit-low-sugar-protein-bar-6458,kopya_aciklama,150,265,0,0
0,9010,"Fa Nutrition Ice Pump Pre Workout Icy Citrus & Peach 463 gram",ProteinMax,https://sportoonline.com/tr/urun/fa-nutrition-ice-pump-pre-workout-6444,kopya_aciklama,150,265,0,0
0,9011,"Fa Nutrition Ice Pump Pre Workout Icy Citrus & Peach 18.5 gr.",ProteinMax,https://sportoonline.com/tr/urun/fa-nutrition-ice-pump-pre-workout-6452,kopya_aciklama,150,265,0,0
0,9012,"Fa Nutrition Ice Pump Pre Workout Sample Box Icy Citrus & Peach 10 Adet x 18.5 gram",ProteinMax,https://sportoonline.com/tr/urun/fa-nutrition-ice-pump-pre-workout-sample-box-6449,kopya_aciklama,150,265,0,0
0,9013,"Fit Bites Mint Şekersiz Nane & Mentol 60 Kutu x 50 Mint",ProteinMax,https://sportoonline.com/tr/urun/fit-bites-mint-nane-ve-mentol-aromali-sekersiz-6712,kopya_aciklama,150,265,0,0
0,9014,"Fit Bites Mint Şekersiz Nane & Mentol 1 Kutu x 50 Mint",ProteinMax,https://sportoonline.com/tr/urun/fit-bites-mint-nane-ve-mentol-aromali-sekersiz-6711,kopya_aciklama,150,265,0,0
0,9019,"Grenade Black Ops 100 Kapsül",ProteinMax,https://sportoonline.com/tr/urun/grenade-black-ops-6304,kopya_aciklama,150,265,0,0
0,9027,"Hardline 3D Maskot Anahtarlık",ProteinMax,https://sportoonline.com/tr/urun/hardline-3d-maskot-anahtarlik-5091,kopya_aciklama,150,265,0,0
0,9028,"Hardline Amerikan Beyzbol Şapka",ProteinMax,https://sportoonline.com/tr/urun/hardline-amerikan-beyzbol-sapka-6434,kopya_aciklama,150,265,0,0
0,9029,"Hardline Amino Full 300 Tablet",ProteinMax,https://sportoonline.com/tr/urun/hardline-amino-full-3676,kopya_aciklama,150,265,0,0
0,9032,"Hardline AOL 120 Kapsül",ProteinMax,https://sportoonline.com/tr/urun/hardline-aol-3706,kopya_aciklama,150,265,0,0
0,9033,"Hardline ARG 1250 120 Tablet",ProteinMax,https://sportoonline.com/tr/urun/hardline-arg-1250-3707,kopya_aciklama,150,265,0,0
0,9034,"Hardline Arginine Fusion Portakal 130 gram",ProteinMax,https://sportoonline.com/tr/urun/hardline-arginine-fusion-6630,kopya_aciklama,150,265,0,0
0,9036,"Hardline Askılı Sporcu Çantası",ProteinMax,https://sportoonline.com/tr/urun/hardline-askili-sporcu-cantasi-6435,kopya_aciklama,150,265,0,0
0,9038,"Hardline BCAA Fusion Çilek 525 gram",ProteinMax,https://sportoonline.com/tr/urun/hardline-bcaa-fusion-5371,kopya_aciklama,150,265,0,0
0,9039,"Hardline BCAA Matrix Böğürtlen 630 gram",ProteinMax,https://sportoonline.com/tr/urun/hardline-bcaa-matrix-3791,kopya_aciklama,150,265,0,0
0,9040,"Hardline Bcaa Matrix 40S Yeşil Elma 600 gram",ProteinMax,https://sportoonline.com/tr/urun/hardline-bcaa-matrix-40s-5673,kopya_aciklama,150,265,0,0
0,9041,"Hardline Bcaa+Glutamine Yeşil Elma 115 gram",ProteinMax,https://sportoonline.com/tr/urun/hardline-bcaa-glutamine-6550,kopya_aciklama,150,265,0,0
0,9042,"Hardline Burner 120 Tablet",ProteinMax,https://sportoonline.com/tr/urun/hardline-burner-3686,kopya_aciklama,150,265,0,0
0,9043,"Hardline Caffeine 200 mg. Liquid Limon 20 Shot x 30 ml.",ProteinMax,https://sportoonline.com/tr/urun/hardl-ne-200-mg-caffe-ne-shot-l-mon-30-ml-x-20-adet-6555,kopya_aciklama,150,265,0,0
0,9045,"Hardline Carbopure Aromasız 2000 gram",ProteinMax,https://sportoonline.com/tr/urun/hardline-carbopure-5788,kopya_aciklama,150,265,0,0
0,9046,"Hardline Carbopure Aromasız 4000 gram",ProteinMax,https://sportoonline.com/tr/urun/hardline-carbopure-3681,kopya_aciklama,150,265,0,0
0,9048,"Hardline Carnifit Ananas 24 Adet x 500 ml.",ProteinMax,https://sportoonline.com/tr/urun/hardline-carnifit-5372,kopya_aciklama,150,265,0,0
0,9049,"Hardline CLA One 1000 Mg. 100 Jel Kapsül",ProteinMax,https://sportoonline.com/tr/urun/hardline-cla-one-2400-mg-3685,kopya_aciklama,150,265,0,0
0,9051,"Hardline Creatine Creapure® 120 Kapsül",ProteinMax,https://sportoonline.com/tr/urun/hardline-creatine-creapure-5874,kopya_aciklama,150,265,0,0
0,9055,"Hardline Creatine Micronized Portakal 336 gram",ProteinMax,https://sportoonline.com/tr/urun/hardline-creatine-micronized-6368,kopya_aciklama,150,265,0,0
0,9056,"Hardline Glucosamine Chondroitin MSM 120 Tablet",ProteinMax,https://sportoonline.com/tr/urun/hardline-glucosamine-chondroitin-msm-5069,kopya_aciklama,150,265,0,0
0,9057,"Hardline Glucosamine MSM 120 Tablet",ProteinMax,https://sportoonline.com/tr/urun/hardline-glucosamine-msm-3708,kopya_aciklama,150,265,0,0
0,9060,"Hardline Güç Elinde Shaker 700 ml.",ProteinMax,https://sportoonline.com/tr/urun/hardline-guc-elinde-shaker-700-ml-6628,kopya_aciklama,150,265,0,0
0,9061,"Hardline Hazneli Shaker Kırmızı 600 ml.",ProteinMax,https://sportoonline.com/tr/urun/hardline-hazneli-shaker-kirmizi-600-ml-4779,kopya_aciklama,150,265,0,0
0,9062,"Hardline Hazneli Shaker Pembe 600 ml.",ProteinMax,https://sportoonline.com/tr/urun/hardline-hazneli-shaker-pembe-600-ml-6567,kopya_aciklama,150,265,0,0
0,9065,"Hardline İnce Bileklik",ProteinMax,https://sportoonline.com/tr/urun/hardline-nce-bileklik-5745,kopya_aciklama,150,265,0,0
0,9067,"Hardline Kreatin Mikronize Aromasız 120 gram",ProteinMax,https://sportoonline.com/tr/urun/hardline-kreatin-mikronize-6511,kopya_aciklama,150,265,0,0
0,9068,"Hardline Kreatin Mikronize Aromasız 300 gram",ProteinMax,https://sportoonline.com/tr/urun/hardline-kreatin-mikronize-3692,kopya_aciklama,150,265,0,0
0,9069,"Hardline L-Karnitin Matrix Limon 7 Shot x 30ml.",ProteinMax,https://sportoonline.com/tr/urun/hardline-l-karnitin-matrix-3830,kopya_aciklama,150,265,0,0
0,9070,"Hardline L-Karnitin Matrix  Limon 20 Shot x 30ml.",ProteinMax,https://sportoonline.com/tr/urun/hardline-l-karnitin-matrix-3000-mg-3824,kopya_aciklama,150,265,0,0
0,9071,"Hardline L-Karnitin Sıvı Limon 1000 ml.",ProteinMax,https://sportoonline.com/tr/urun/hardline-l-karnitin-sivi-3825,kopya_aciklama,150,265,0,0
0,9075,"Hardline Nutrition Toz Saklama Hunisi",ProteinMax,https://sportoonline.com/tr/urun/hardline-nutrition-toz-saklama-hunisi-6376,kopya_aciklama,150,265,0,0
0,9085,"Hardline Sıvı Magnesium Liquid 250 mg. Ananas 20 Shot x 30 ml.",ProteinMax,https://sportoonline.com/tr/urun/hardline-sivi-magnesium-liquid-250-mg-6047,kopya_aciklama,150,265,0,0
0,9088,"Hardline Tribulus Terrestris 100 Kapsül",ProteinMax,https://sportoonline.com/tr/urun/hardline-tribulus-terrestris-3701,kopya_aciklama,150,265,0,0
0,9089,"Hardline Vitamin Mineral 120 Tablet",ProteinMax,https://sportoonline.com/tr/urun/hardline-vitamin-mineral-3712,kopya_aciklama,150,265,0,0
0,9096,"Hardline ZMA 180 Kapsül",ProteinMax,https://sportoonline.com/tr/urun/hardline-zma-3702,kopya_aciklama,150,265,0,0
0,9097,"Herbina Biotin 5000mcg 30 Tablet",ProteinMax,https://sportoonline.com/tr/urun/herbina-biotin-5000mcg-6423,kopya_aciklama,150,265,0,0
0,9098,"Herbina Bromelain 60 Tablet",ProteinMax,https://sportoonline.com/tr/urun/herbina-sindirim-enzimleri-bromelain-lipaz-proteaz-6416,kopya_aciklama,150,265,0,0
0,9099,"Herbina Collagen Type 1/3 60 Tablet",ProteinMax,https://sportoonline.com/tr/urun/herbina-collagen-type-1-3-6693,kopya_aciklama,150,265,0,0
0,9100,"Herbina EfferWell C Vitamini 1000mg 105 gram",ProteinMax,https://sportoonline.com/tr/urun/herbina-efferwell-c-vitamini-1000-mg-6430,kopya_aciklama,150,265,0,0
0,9102,"Herbina L-Carnitine Coffee 12 Paket x 10 gr.",ProteinMax,https://sportoonline.com/tr/urun/herbina-l-carnitine-coffee-6504,kopya_aciklama,150,265,0,0
0,9103,"Herbina L-Carnitine Coffee 10 gram",ProteinMax,https://sportoonline.com/tr/urun/herbina-l-carnitine-coffee-6664,kopya_aciklama,150,265,0,0
0,9104,"Herbina Magnezyum Complex 120 Kapsül",ProteinMax,https://sportoonline.com/tr/urun/herbina-magnezyum-complex-6691,kopya_aciklama,150,265,0,0
0,9105,"Herbina Magnezyum Sitrat 120 Tablet",ProteinMax,https://sportoonline.com/tr/urun/herbina-magnezyum-sitrat-6692,kopya_aciklama,150,265,0,0
0,9107,"Herbina Multi Man 90 Kapsül",ProteinMax,https://sportoonline.com/tr/urun/herbina-multi-man-6694,kopya_aciklama,150,265,0,0
0,9108,"Herbina Multi Woman 90 Kapsül",ProteinMax,https://sportoonline.com/tr/urun/herbina-multi-woman-6695,kopya_aciklama,150,265,0,0
0,9112,"Herbina Zinde+C 60 Tablet",ProteinMax,https://sportoonline.com/tr/urun/herbina-zinde-c-6527,kopya_aciklama,150,265,0,0
0,9113,"Jnx Sport Skull Shaker Askeri Yeşil 700 ml.",ProteinMax,https://sportoonline.com/tr/urun/jnx-sports-skull-shaker-700-ml-asker-yes-l-6310,kopya_aciklama,150,265,0,0
0,9119,"Jofit Knee Wraps Kırmızı - Siyah",ProteinMax,https://sportoonline.com/tr/urun/jofit-knee-wraps-kirmizi-siyah-6275,kopya_aciklama,150,265,0,0
0,9121,"Jofit Knee Wraps Siyah - Mavi",ProteinMax,https://sportoonline.com/tr/urun/jofit-elbow-wraps-siyah-mavi-6273,kopya_aciklama,150,265,0,0
0,9122,"Jofit Knee Wraps Siyah - Turuncu",ProteinMax,https://sportoonline.com/tr/urun/jofit-knee-wraps-siyah-turuncu-6195,kopya_aciklama,150,265,0,0
0,9123,"Jofit Knee Wraps Siyah - Yeşil",ProteinMax,https://sportoonline.com/tr/urun/jofit-elbow-wraps-siyah-yesil-6274,kopya_aciklama,150,265,0,0
0,9124,"Jofit Padded Straps Siyah - Beyaz",ProteinMax,https://sportoonline.com/tr/urun/jof-t-padded-straps-s-yah-beyaz-6148,kopya_aciklama,150,265,0,0
0,9125,"Jofit Padded Straps Siyah - Kırmızı",ProteinMax,https://sportoonline.com/tr/urun/jof-t-padded-straps-s-yah-kirmizi-6063,kopya_aciklama,150,265,0,0
0,9126,"Jofit Padded Straps Siyah - Mavi",ProteinMax,https://sportoonline.com/tr/urun/jof-t-padded-straps-s-yah-mav-6062,kopya_aciklama,150,265,0,0
0,9128,"Jofit Premium Sports Şapka Haki-Beyaz",ProteinMax,https://sportoonline.com/tr/urun/jofit-premium-sports-sapka-haki-beyaz-6144,kopya_aciklama,150,265,0,0
0,9129,"Jofit Premium Sports Şapka Kırmızı-Beyaz",ProteinMax,https://sportoonline.com/tr/urun/jofit-premium-sports-sapka-kirmizi-beyaz-6143,kopya_aciklama,150,265,0,0
0,9130,"Jofit Premium Sports Şapka Siyah-Beyaz",ProteinMax,https://sportoonline.com/tr/urun/jofit-premium-sports-sapka-siyah-beyaz-6145,kopya_aciklama,150,265,0,0
0,9131,"Jofit Premium Sports Şapka Siyah-Turuncu",ProteinMax,https://sportoonline.com/tr/urun/jofit-premium-sports-sapka-siyah-turuncu-6146,kopya_aciklama,150,265,0,0
0,9133,"Jofit Pro Lifting Straps Siyah - Beyaz",ProteinMax,https://sportoonline.com/tr/urun/jof-t-pro-l-ft-ng-straps-s-yah-beyaz-6058,kopya_aciklama,150,265,0,0
0,9134,"Jofit Pro Lifting Straps Siyah - Kırmızı",ProteinMax,https://sportoonline.com/tr/urun/jof-t-pro-l-ft-ng-straps-s-yah-kirmizi-6061,kopya_aciklama,150,265,0,0
0,9135,"Jofit Pro Lifting Straps Siyah - Mavi",ProteinMax,https://sportoonline.com/tr/urun/jof-t-pro-l-ft-ng-straps-s-yah-mav-6060,kopya_aciklama,150,265,0,0
0,9136,"Jofit Pro Lifting Straps Siyah - Neon Yeşil",ProteinMax,https://sportoonline.com/tr/urun/jof-t-pro-l-ft-ng-straps-s-yah-neon-yes-l-6059,kopya_aciklama,150,265,0,0
0,9145,"Jofit Straps Siyah - Mavi",ProteinMax,https://sportoonline.com/tr/urun/jof-t-straps-s-yah-mav-6064,kopya_aciklama,150,265,0,0
0,9147,"Jofit Wrist Wraps Siyah - Turuncu",ProteinMax,https://sportoonline.com/tr/urun/jof-t-wr-st-wraps-s-yah-turuncu-6057,kopya_aciklama,150,265,0,0
0,9151,"Kevin Levrone Gold Tribulus 90 Tablet",ProteinMax,https://sportoonline.com/tr/urun/kevin-levrone-gold-tribulus-6494,kopya_aciklama,150,265,0,0
0,9153,"Kevin Levrone Shaaboom Pump Pre-Workout Dragon Fruit 385 gram",ProteinMax,https://sportoonline.com/tr/urun/kevin-levrone-shaaboom-pump-pre-workout-6700,kopya_aciklama,150,265,0,0
0,9162,"Mealjoy Proteinli Makarna 360 gram",ProteinMax,https://sportoonline.com/tr/urun/mealjoy-proteinli-makarna-6595,kopya_aciklama,150,265,0,0
0,9167,"Mr. Fit 3D Shaker Aslan 600 ml.",ProteinMax,https://sportoonline.com/tr/urun/mr-fit-3d-shaker-aslan-6743,kopya_aciklama,150,265,0,0
0,9168,"Mr. Fit 3D Shaker Bulldog 600 ml.",ProteinMax,https://sportoonline.com/tr/urun/mr-fit-3d-shaker-bulldog-6744,kopya_aciklama,150,265,0,0
0,9169,"Mr. Fit 3D Shaker Goril 600 ml.",ProteinMax,https://sportoonline.com/tr/urun/mr-fit-3d-shaker-goril-6741,kopya_aciklama,150,265,0,0
0,9181,"Multipower Creatine Powder 500 gram",ProteinMax,https://sportoonline.com/tr/urun/multipower-creatine-powder-6168,kopya_aciklama,150,265,0,0
0,9182,"Multipower L-Carnitine 1800 Mg Şeftali 20 Shot x 25 ml.",ProteinMax,https://sportoonline.com/tr/urun/multipower-l-carnitine-liquid-forte-1800-mg-3823,kopya_aciklama,150,265,0,0
0,9183,"Multipower L-Glutamine 500 gram",ProteinMax,https://sportoonline.com/tr/urun/multipower-l-glutamine-4246,kopya_aciklama,150,265,0,0
0,9185,"Multipower Power Pack XXL Bitter Çikolata   Muz 12 Adet x 60 gram",ProteinMax,https://sportoonline.com/tr/urun/multipower-power-pack-xxl-5768,kopya_aciklama,150,265,0,0
0,9186,"Multipower Protein Delight Protein Bar Dark Chocolate Mocha 35 gram",ProteinMax,https://sportoonline.com/tr/urun/multipower-protein-delight-protein-bar-6707,kopya_aciklama,150,265,0,0
0,9187,"Multipower Protein Delight Protein Bar Dark Chocolate Mocha 18 Adet x 35 gram",ProteinMax,https://sportoonline.com/tr/urun/multipower-protein-delight-protein-bar-6706,kopya_aciklama,150,265,0,0
0,9190,"Multipower Whey Amino 3400  300 Tablet",ProteinMax,https://sportoonline.com/tr/urun/multipower-whey-amino-3400-3675,kopya_aciklama,150,265,0,0
0,9191,"Multipower Whey İsolate  Çikolata 900 gram",ProteinMax,https://sportoonline.com/tr/urun/multipower-whey-solate-6026,kopya_aciklama,150,265,0,0
0,9192,"Multipower Whey İsolate  Çikolata 2000 gram",ProteinMax,https://sportoonline.com/tr/urun/multipower-whey-solate-6723,kopya_aciklama,150,265,0,0
0,9197,"Nutrend %100 Whey Protein Çikolata Browni  1000 gram",ProteinMax,https://sportoonline.com/tr/urun/nutrend-100-whey-protein-6413,kopya_aciklama,150,265,0,0
0,9198,"Nutrend Creatine Monohydrate  Aromasız 300 gram",ProteinMax,https://sportoonline.com/tr/urun/nutrend-creatine-monohydrate-6049,kopya_aciklama,150,265,0,0
0,9199,"Nutrend Glutamine Aromasız 300 gram",ProteinMax,https://sportoonline.com/tr/urun/nutrend-glutamine-5674,kopya_aciklama,150,265,0,0
0,9200,"Nutrend Micellar Casein Çikolata 900 gram",ProteinMax,https://sportoonline.com/tr/urun/nutrend-micellar-casein-5911,kopya_aciklama,150,265,0,0
0,9203,"Nutrend Winning Energy Suluk 1000 ml.",ProteinMax,https://sportoonline.com/tr/urun/nutrend-winning-energy-suluk-1000-ml-6406,kopya_aciklama,150,265,0,0
0,9204,"Nutrever NOXtreme Limon & Yeşil Çay 375 gram",ProteinMax,https://sportoonline.com/tr/urun/nutrever-noxtreme-5920,kopya_aciklama,150,265,0,0
0,9206,"Nutrever Xtreme Protein Bar  Kurabiye & Krema 50 gram",ProteinMax,https://sportoonline.com/tr/urun/nutrever-xtreme-protein-bar-5935,kopya_aciklama,150,265,0,0
0,9207,"Nutrever Xtreme Protein Bar  Kurabiye & Krema 24 Adet x 50 gram",ProteinMax,https://sportoonline.com/tr/urun/nutrever-xtreme-protein-bar-5930,kopya_aciklama,150,265,0,0
0,9208,"Olimp Amino Mega 5500 400 Kapsül",ProteinMax,https://sportoonline.com/tr/urun/olimp-amino-mega-5500-5629,kopya_aciklama,150,265,0,0
0,9209,"Olimp ArgiPower Mega Caps Arginine 120 Kapsül",ProteinMax,https://sportoonline.com/tr/urun/olimp-argipower-mega-caps-arginine-5863,kopya_aciklama,150,265,0,0
0,9211,"Olimp Bcaa Xplode Kola 500 gram",ProteinMax,https://sportoonline.com/tr/urun/olimp-bcaa-xplode-3781,kopya_aciklama,150,265,0,0
0,9212,"Olimp Carbonox Ananas 1000 gram",ProteinMax,https://sportoonline.com/tr/urun/olimp-carbonox-5864,kopya_aciklama,150,265,0,0
0,9213,"Olimp Cla With Green Tea + L-Carnitine  60 Kapsül",ProteinMax,https://sportoonline.com/tr/urun/olimp-cla-with-green-tea-l-carnitine-5936,kopya_aciklama,150,265,0,0
0,9214,"Olimp Creatine Monohydrate Powder 250 gram",ProteinMax,https://sportoonline.com/tr/urun/olimp-creatine-monohydrate-powder-super-micronized-3690,kopya_aciklama,150,265,0,0
0,9215,"Olimp Gain Bolic Çikolata 1000 gram",ProteinMax,https://sportoonline.com/tr/urun/olimp-gain-bolic-5909,kopya_aciklama,150,265,0,0
0,9216,"Olimp Gain Bolic Çikolata 3500 gram",ProteinMax,https://sportoonline.com/tr/urun/ol-mp-ga-nbol-c-3500-gr-c-kolata-5635,kopya_aciklama,150,265,0,0
0,9217,"Olimp Glucosamine Plus  60 Kapsül",ProteinMax,https://sportoonline.com/tr/urun/olimp-glucosamine-plus-5798,kopya_aciklama,150,265,0,0
0,9218,"Olimp İso Plus + L-Carnitine İsotonic Drink  700 gram",ProteinMax,https://sportoonline.com/tr/urun/olimp-so-plus-l-carnitine-sotonic-drink-5937,kopya_aciklama,150,265,0,0
0,9222,"Olimp Rocky Athletes Creatine Citrus Lemonade 200 gram",ProteinMax,https://sportoonline.com/tr/urun/olimp-rocky-athletes-creatine-6708,kopya_aciklama,150,265,0,0
0,9223,"Olimp Rocky Athletes L-Glutamine 250 gram",ProteinMax,https://sportoonline.com/tr/urun/olimp-rocky-athletes-l-glutamine-3905,kopya_aciklama,150,265,0,0
0,9224,"Olimp Thermo Speed Xtreme  120 Kapsül",ProteinMax,https://sportoonline.com/tr/urun/olimp-thermo-speed-xtreme-6021,kopya_aciklama,150,265,0,0
0,9225,"Olimp Tribusteron 90 120 Kapsül",ProteinMax,https://sportoonline.com/tr/urun/olimp-tribusteron-90-3700,kopya_aciklama,150,265,0,0
0,9226,"Olimp Vita-Min Multiple Sport 60 Kapsül",ProteinMax,https://sportoonline.com/tr/urun/olimp-vita-min-multiple-sport-3715,kopya_aciklama,150,265,0,0
0,9228,"Olimp Whey Protein Complex Çikolata 700 gram",ProteinMax,https://sportoonline.com/tr/urun/olimp-whey-protein-complex-5913,kopya_aciklama,150,265,0,0
0,9230,"ONTHEGO Sodium Plus 90 Kapsül",ProteinMax,https://sportoonline.com/tr/urun/onthego-sodium-plus-6688,kopya_aciklama,150,265,0,0
0,9236,"Optimum Nutrition Gold Standard Plant Protein Double Rich Chocolate 684 gram",ProteinMax,https://sportoonline.com/tr/urun/optimum-nutrition-gold-standard-plant-protein-6427,kopya_aciklama,150,265,0,0
0,9241,"Optimum Nutrition Gold Standard Whey Protein Çikolata 2260 gram",ProteinMax,https://sportoonline.com/tr/urun/optimum-nutrition-gold-standard-whey-protein-6337,kopya_aciklama,150,265,0,0
0,9251,"Prime Nutrition %100 Peanut Butter Yer Fıstığı 350 gram",ProteinMax,https://sportoonline.com/tr/urun/prime-nutrition-100-peanut-butter-6523,kopya_aciklama,150,265,0,0
0,9252,"Prime Nutrition BCAA 2:1:1 Cool Lime 24 Adet x 10 gram",ProteinMax,https://sportoonline.com/tr/urun/pr-me-nutr-t-on-bcaa-2-1-1-10-gram-x-24-sachet-cool-l-me-6257,kopya_aciklama,150,265,0,0
0,9253,"Prime Nutrition BCAA 2:1:1 Karpuz&Çilek 24 Adet x 10 gram",ProteinMax,https://sportoonline.com/tr/urun/pr-me-nutr-t-on-bcaa-2-1-1-10-gram-x-24-sachet-karpuz-ve-c-lek-6256,kopya_aciklama,150,265,0,0
0,9254,"Prime Nutrition BCAA 2:1:1 Karpuz&Çilek 10 gram",ProteinMax,https://sportoonline.com/tr/urun/pr-me-nutr-t-on-bcaa-2-1-1-10-gram-karpuz-ve-c-lek-6262,kopya_aciklama,150,265,0,0
0,9255,"Prime Nutrition BCAA 2:1:1 Cool Lime 10 gram",ProteinMax,https://sportoonline.com/tr/urun/pr-me-nutr-t-on-bcaa-2-1-1-10-gram-cool-l-me-6261,kopya_aciklama,150,265,0,0
0,9256,"Prime Nutrition BCAA 2:1:1 Karpuz&Çilek 420 gram",ProteinMax,https://sportoonline.com/tr/urun/prime-nutrition-bcaa-2-1-1-6207,kopya_aciklama,150,265,0,0
0,9257,"Prime Nutrition BCAA 2:1:1 Cool Lime 420 gram",ProteinMax,https://sportoonline.com/tr/urun/prime-nutrition-bcaa-2-1-1-6206,kopya_aciklama,150,265,0,0
0,9259,"Prime Nutrition Coconut Spread 350 gram",ProteinMax,https://sportoonline.com/tr/urun/prime-nutrition-coconut-spread-6717,kopya_aciklama,150,265,0,0
0,9260,"Prime Nutrition Cream Of Rice Red Fruit 750 gram",ProteinMax,https://sportoonline.com/tr/urun/prime-nutrition-cream-of-rice-6538,kopya_aciklama,150,265,0,0
0,9261,"Prime Nutrition Cream Of Rice Vanilya 750 gram",ProteinMax,https://sportoonline.com/tr/urun/prime-nutrition-cream-of-rice-6749,kopya_aciklama,150,265,0,0
0,9262,"Prime Nutrition Cream Of Rice Kurabiye 750 gram",ProteinMax,https://sportoonline.com/tr/urun/prime-nutrition-cream-of-rice-6537,kopya_aciklama,150,265,0,0
0,9263,"Prime Nutrition Cream Of Rice Muz 750 gram",ProteinMax,https://sportoonline.com/tr/urun/prime-nutrition-cream-of-rice-6536,kopya_aciklama,150,265,0,0
0,9264,"Prime Nutrition Cream Of Rice Çikolata 750 gram",ProteinMax,https://sportoonline.com/tr/urun/prime-nutrition-cream-of-rice-6535,kopya_aciklama,150,265,0,0
0,9265,"Prime Nutrition Creatine Yeşil Elma 6 gram",ProteinMax,https://sportoonline.com/tr/urun/pr-me-nutr-t-on-creat-ne-6-gram-yes-l-elma-6263,kopya_aciklama,150,265,0,0
0,9267,"Prime Nutrition Creatine Aromasız 303 gram",ProteinMax,https://sportoonline.com/tr/urun/prime-nutrition-creatine-6201,kopya_aciklama,150,265,0,0
0,9268,"Prime Nutrition Creatine Yeşil Elma 24 Adet x 6 gram",ProteinMax,https://sportoonline.com/tr/urun/pr-me-nutr-t-on-creat-ne-6-gram-x-24-adet-yes-l-elma-6260,kopya_aciklama,150,265,0,0
0,9269,"Prime Nutrition Hazelnut Cacoa Spread Çikolata Fındık 350 gram",ProteinMax,https://sportoonline.com/tr/urun/prime-nutrition-hazelnut-cacoa-spread-6521,kopya_aciklama,150,265,0,0
0,9270,"Prime Nutrition Kırmızı Optimus Anahtarlık Set",ProteinMax,https://sportoonline.com/tr/urun/prime-nutrition-kirmizi-optimus-anahtarlik-set-6745,kopya_aciklama,150,265,0,0
0,9271,"Prime Nutrition L-Arginine Portakal 8 gram",ProteinMax,https://sportoonline.com/tr/urun/pr-me-nutr-t-on-l-arg-n-ne-6-gram-portakal-6264,kopya_aciklama,150,265,0,0
0,9272,"Prime Nutrition L-Arginine Portakal 400 gram",ProteinMax,https://sportoonline.com/tr/urun/prime-nutrition-l-arginine-6243,kopya_aciklama,150,265,0,0
0,9273,"Prime Nutrition L-Arginine Aromasız 300 gram",ProteinMax,https://sportoonline.com/tr/urun/prime-nutrition-l-arginine-6242,kopya_aciklama,150,265,0,0
0,9274,"Prime Nutrition L-Arginine Aromasız 125 gram",ProteinMax,https://sportoonline.com/tr/urun/prime-nutrition-l-arginine-6241,kopya_aciklama,150,265,0,0
0,9275,"Prime Nutrition L-Arginine Portakal 24 Adet x 8 gram",ProteinMax,https://sportoonline.com/tr/urun/pr-me-nutr-t-on-l-arg-n-ne-6-gram-x-24-sachet-portakal-6259,kopya_aciklama,150,265,0,0
0,9276,"Prime Nutrition L-Glutamine Mango&Ananas 6 gram",ProteinMax,https://sportoonline.com/tr/urun/pr-me-nutr-t-on-l-glutam-ne-6-gram-mango-ve-ananas-6265,kopya_aciklama,150,265,0,0
0,9277,"Prime Nutrition L-Glutamine Mango&Ananas 420 gram",ProteinMax,https://sportoonline.com/tr/urun/prime-nutrition-l-glutamine-6205,kopya_aciklama,150,265,0,0
0,9279,"Prime Nutrition L-Glutamine Aromasız 125 gram",ProteinMax,https://sportoonline.com/tr/urun/prime-nutrition-l-glutamine-6203,kopya_aciklama,150,265,0,0
0,9280,"Prime Nutrition L-Glutamine Mango&Ananas 24 Adet x 6 gram",ProteinMax,https://sportoonline.com/tr/urun/pr-me-nutr-t-on-l-glutam-ne-6-gram-x-24-sachet-mango-ve-ananas-6258,kopya_aciklama,150,265,0,0
0,9282,"Prime Nutrition Mavi Optimus Anahtarlık Set",ProteinMax,https://sportoonline.com/tr/urun/prime-nutrition-mavi-optimus-anahtarlik-set-6746,kopya_aciklama,150,265,0,0
0,9284,"Prime Nutrition Optimus Pre-Workout Blue Raspberry 490 gram",ProteinMax,https://sportoonline.com/tr/urun/prime-nutrition-optimus-pre-workout-6250,kopya_aciklama,150,265,0,0
0,9285,"Prime Nutrition Plaka Anahtarlık",ProteinMax,https://sportoonline.com/tr/urun/prime-nutrition-plaka-anahtarlik-6748,kopya_aciklama,150,265,0,0
0,9286,"Prime Nutrition Premium Anahtarlık Set",ProteinMax,https://sportoonline.com/tr/urun/prime-nutrition-premium-anahtarlik-set-6747,kopya_aciklama,150,265,0,0
0,9288,"Prime Nutrition Protein Pancake Çikolata 750 gram",ProteinMax,https://sportoonline.com/tr/urun/prime-nutrition-protein-pancake-6516,kopya_aciklama,150,265,0,0
0,9294,"Prime Nutrition Smooth Peanut Spread Yer Fıstığı 350 gram",ProteinMax,https://sportoonline.com/tr/urun/prime-nutrition-smooth-peanut-spread-6522,kopya_aciklama,150,265,0,0
0,9295,"Prime Nutrition Smooth Peanut Spread Çilek 350 gram",ProteinMax,https://sportoonline.com/tr/urun/prime-nutrition-smooth-peanut-spread-6716,kopya_aciklama,150,265,0,0
0,9296,"Prime Nutrition Smooth Peanut Spread Çikolata 350 gram",ProteinMax,https://sportoonline.com/tr/urun/prime-nutrition-smooth-peanut-spread-6715,kopya_aciklama,150,265,0,0
0,9298,"Prime Nutrition Whey Protein Cookie & Ice Cream 990 gram",ProteinMax,https://sportoonline.com/tr/urun/prime-nutrition-whey-protein-6293,kopya_aciklama,150,265,0,0
0,9304,"Prime Nutrition Whey Protein Sachet Strawberry Cream 15 Adet x 33 gram",ProteinMax,https://sportoonline.com/tr/urun/prime-nutrition-whey-protein-sachet-6519,kopya_aciklama,150,265,0,0
0,9306,"Prime Nutrition White Chocolate & Cookie Crispy Protein Spread 350 gram",ProteinMax,https://sportoonline.com/tr/urun/prime-nutrition-white-chocolate-ve-cookie-crispy-protein-spread-6718,kopya_aciklama,150,265,0,0
0,9308,"Proteinmax Pembe Be Strong Silikon Bileklik",ProteinMax,https://sportoonline.com/tr/urun/proteinmax-pembe-be-strong-silikon-bileklik-5804,kopya_aciklama,150,265,0,0
0,9309,"Proteinmax Toz Saklama Hunisi",ProteinMax,https://sportoonline.com/tr/urun/proteinmax-toz-saklama-hunisi-5831,kopya_aciklama,150,265,0,0
0,9310,"Proteinmax Turuncu Be Strong Silikon Bileklik",ProteinMax,https://sportoonline.com/tr/urun/proteinmax-turuncu-be-strong-silikon-bileklik-5807,kopya_aciklama,150,265,0,0
0,9311,"Qnt Protein Wafer Belçika Çikolatası 12 Adet x 35 gram",ProteinMax,https://sportoonline.com/tr/urun/qnt-protein-wafer-6703,kopya_aciklama,150,265,0,0
0,9314,"S4U Strike Series Creatine+Glutamine Aromasız 300 gram",ProteinMax,https://sportoonline.com/tr/urun/s4u-strike-series-creatine-glutamine-6588,kopya_aciklama,150,265,0,0
0,9315,"S4U Strike Series Glutamine Aromasız 300 gram",ProteinMax,https://sportoonline.com/tr/urun/s4u-strike-series-glutamine-6590,kopya_aciklama,150,265,0,0
0,9316,"S4U Strike Series Taurine Aromasız 300 gram",ProteinMax,https://sportoonline.com/tr/urun/s4u-strike-series-taurine-6589,kopya_aciklama,150,265,0,0
0,9318,"Sis Go Energy + Caffeine Gel Double Espresso 60 ml.",ProteinMax,https://sportoonline.com/tr/urun/sis-go-energy-caffeine-gel-6663,kopya_aciklama,150,265,0,0
0,9323,"SNCK Protein Bar Caramel Pop 12 Adet x 55 Gram",ProteinMax,https://sportoonline.com/tr/urun/snck-protein-bar-6729,kopya_aciklama,150,265,0,0
0,9325,"SNCK Protein Bar Caramel Pop 55 gram",ProteinMax,https://sportoonline.com/tr/urun/snck-protein-bar-6727,kopya_aciklama,150,265,0,0
0,9326,"SNCK Protein Bar Choco Shot 12 Adet x 55 Gram",ProteinMax,https://sportoonline.com/tr/urun/snck-protein-bar-6730,kopya_aciklama,150,265,0,0
0,9327,"Supplink Smart Shaker 600 ml.",ProteinMax,https://sportoonline.com/tr/urun/supplink-smart-shaker-600-ml-6510,kopya_aciklama,150,265,0,0
0,9329,"Trec Clenburexin 90 Kapsül 90 Kapsül",ProteinMax,https://sportoonline.com/tr/urun/trec-clenburexin-90-kapsul-6017,kopya_aciklama,150,265,0,0
0,9334,"Trec Nutrition Solid Mass Çilek 3000 gram",ProteinMax,https://sportoonline.com/tr/urun/trec-nutrition-solid-mass-6164,kopya_aciklama,150,265,0,0
0,9351,"Z-Konzept Nutrition Whey İsolate Çikolata 1800 gram",ProteinMax,https://sportoonline.com/tr/urun/z-konzept-nutrition-whey-solate-6051,kopya_aciklama,150,265,0,0
0,9352,"Z-Konzept Nutrition Whey İsolate Çikolata 900 gram",ProteinMax,https://sportoonline.com/tr/urun/z-konzept-nutrition-whey-solate-6050,kopya_aciklama,150,265,0,0
0,9353,"Zoomad Labs Creatine Monohydrate Aromasız 300 gram",ProteinMax,https://sportoonline.com/tr/urun/zoomad-labs-creatine-monohydrate-6210,kopya_aciklama,150,265,0,0
0,9354,"Zoomad Labs Moons Truck Anahtarlık",ProteinMax,https://sportoonline.com/tr/urun/zoomad-labs-moons-truck-anahtarlik-6721,kopya_aciklama,150,265,0,0
0,9355,"Zoomad Labs Moons Truck Pre-Workout Candy Coke 510 gram",ProteinMax,https://sportoonline.com/tr/urun/zoomad-labs-moons-truck-pre-workout-6239,kopya_aciklama,150,265,0,0
0,9358,"Zoomad Labs Siyah Toz Saklama Hunisi",ProteinMax,https://sportoonline.com/tr/urun/zoomad-labs-siyah-toz-saklama-hunisi-6720,kopya_aciklama,150,265,0,0
0,9359,"Bigjoy Amino Reaal Portakal 420 gram",ProteinMax,https://sportoonline.com/tr/urun/bigjoy-amino-reaal-5361,kopya_aciklama,150,265,0,0
0,9360,"Bigjoy Aminobig 330 Tablet",ProteinMax,https://sportoonline.com/tr/urun/bigjoy-aminobig-5359,kopya_aciklama,150,265,0,0
0,9361,"Bigjoy Big2 Bcaa+Glutamine Vişne 600 gram",ProteinMax,https://sportoonline.com/tr/urun/bigjoy-big2-bcaa-glutamine-6101,kopya_aciklama,150,265,0,0
0,9362,"Bigjoy Big2 Creatine+Glutamine Aromasız 505 gram",ProteinMax,https://sportoonline.com/tr/urun/bigjoy-big2-creatine-glutamine-5363,kopya_aciklama,150,265,0,0
0,9365,"Bigjoy Citruline Malate Aromasız 300 gram",ProteinMax,https://sportoonline.com/tr/urun/bigjoy-citruline-malate-5548,kopya_aciklama,150,265,0,0
0,9366,"Bigjoy Super Shaker 500 ml.",ProteinMax,https://sportoonline.com/tr/urun/bigjoy-super-shaker-600-ml-5573,kopya_aciklama,150,265,0,0
0,9367,"Grenade Thermo Detonator 100 Kapsül",ProteinMax,https://sportoonline.com/tr/urun/grenade-thermo-detonator-5444,kopya_aciklama,150,265,0,0
0,9368,"Hardline Arginine Fusion Portakal 650 gram",ProteinMax,https://sportoonline.com/tr/urun/hardline-arginine-fusion-5556,kopya_aciklama,150,265,0,0
0,9371,"Hardline MCT Oil 500 ml.",ProteinMax,https://sportoonline.com/tr/urun/hardline-mct-oil-5587,kopya_aciklama,150,265,0,0
0,9372,"Hardline PillBox Siyah 5 Bölmeli",ProteinMax,https://sportoonline.com/tr/urun/hardline-pillbox-5-bolmeli-5461,kopya_aciklama,150,265,0,0
0,9374,"Nutrend Compress BCAA 4:1:1 Portakal 500 gram",ProteinMax,https://sportoonline.com/tr/urun/nutrend-compress-bcaa-4-1-1-5382,kopya_aciklama,150,265,0,0
0,9375,"Nutrend L-Carnitine Shot 3000 mg. Portakal 20 Ampül",ProteinMax,https://sportoonline.com/tr/urun/nutrend-l-carnitine-shot-3000-mg-5384,kopya_aciklama,150,265,0,0
0,9376,"Nutrever L-Carnitine 3000 Liquid Şeftali 20 Ampül",ProteinMax,https://sportoonline.com/tr/urun/nutrever-l-carnitine-3000-liquid-5375,kopya_aciklama,150,265,0,0
0,9377,"Nutrever Whey İsolate Protein Çikolata 900 gram",ProteinMax,https://sportoonline.com/tr/urun/nutrever-whey-solate-protein-5570,kopya_aciklama,150,265,0,0
0,9378,"Nutrever Whey İsolate Protein Çikolata 1800 gram",ProteinMax,https://sportoonline.com/tr/urun/nutrever-whey-solate-protein-5569,kopya_aciklama,150,265,0,0
0,9379,"Olimp Beta Alanin Mega Caps. 80 Tablet",ProteinMax,https://sportoonline.com/tr/urun/olimp-beta-alanin-mega-caps-5560,kopya_aciklama,150,265,0,0
0,9380,"Olimp Gold Omega Sport Edition 120 Kapsül",ProteinMax,https://sportoonline.com/tr/urun/olimp-gold-omega-sport-edition-5604,kopya_aciklama,150,265,0,0
0,9381,"Olimp Nockout 2.0 Sakız 305 gram",ProteinMax,https://sportoonline.com/tr/urun/olimp-nockout-2-0-5618,kopya_aciklama,150,265,0,0
0,9382,"Olimp Platinum Ginseng 60 Kapsül",ProteinMax,https://sportoonline.com/tr/urun/olimp-platinum-ginseng-5588,kopya_aciklama,150,265,0,0
0,9393,"Argivit Focus Multivitamin Şurup  150 ml",Provitanya,https://sportoonline.com/tr/urun/argivit-focus-multivitamin-surup-150-ml,ince_aciklama,117,0,0,0
0,9394,"Atavit Kids Good Night Gummies  60 Adet",Provitanya,https://sportoonline.com/tr/urun/atavit-kids-good-night-gummies-60-adet,ince_aciklama,116,0,0,0
0,9395,"Atavit Kids Iron Gummies  60 Adet",Provitanya,https://sportoonline.com/tr/urun/atavit-kids-iron-gummies-60-adet,ince_aciklama,110,0,0,0
0,9396,"Atavit Kids K2D3 Magnezyum Gummies  60 Adet",Provitanya,https://sportoonline.com/tr/urun/atavit-kids-k2d3-magnezyum-gummies-60-adet,ince_aciklama,120,0,0,0
0,9397,"Atavit Kids L-Arjinin Multivitamin Gummies  60 Adet",Provitanya,https://sportoonline.com/tr/urun/atavit-kids-l-arjinin-multivitamin-gummies-60-adet,ince_aciklama,128,0,0,0
0,9399,"Atavit Kids Omega-3 Balık Yağı Gummies  60 Adet",Provitanya,https://sportoonline.com/tr/urun/atavit-kids-omega-3-balik-yagi-gummies-60-adet,ince_aciklama,124,0,0,0
0,9400,"Atavit Kids Sambucus Gummies  60 Adet",Provitanya,https://sportoonline.com/tr/urun/atavit-kids-sambucus-gummies-60-adet,ince_aciklama,114,0,0,0
0,9401,"Avicenna Curcumin Plus  30 Kapsül",Provitanya,https://sportoonline.com/tr/urun/avicenna-curcumin-plus-30-kapsul,ince_aciklama,110,0,0,0
0,9402,"Avicenna Omecap Omega3 Balık Yağı  200 Kapsül",Provitanya,https://sportoonline.com/tr/urun/avicenna-omecap-omega3-balik-yagi-200-kapsul,ince_aciklama,122,0,0,0
0,9403,"Batiste Kuru Şampuan Fresh  200 ml",Provitanya,https://sportoonline.com/tr/urun/batiste-kuru-sampuan-fresh-200-ml,ince_aciklama,111,0,0,0
0,9404,"Batiste Kuru Şampuan Original  50 ml",Provitanya,https://sportoonline.com/tr/urun/batiste-kuru-sampuan-original-50-ml,ince_aciklama,113,0,0,0
0,9405,"Batiste Kuru Şampuan Original  200 ml",Provitanya,https://sportoonline.com/tr/urun/batiste-kuru-sampuan-original-200-ml,ince_aciklama,114,0,0,0
0,9406,"Beauty Zone Nar Çekirdeği Yağı  100 Ml",Provitanya,https://sportoonline.com/tr/urun/beauty-zone-nar-cekirdegi-yagi-100-ml,ince_aciklama,115,0,0,0
0,9407,"Bebak Collagen Saç Bakım Yağı  100 Ml",Provitanya,https://sportoonline.com/tr/urun/bebak-collagen-sac-bakim-yagi-100-ml,ince_aciklama,114,0,0,0
0,9408,"Bebak Keratin Saç Bakım Yağı  100 Ml",Provitanya,https://sportoonline.com/tr/urun/bebak-keratin-sac-bakim-yagi-100-ml,ince_aciklama,113,0,0,0
0,9409,"Bepanthol Baby Pişik Önleyici Merhem  100 gr",Provitanya,https://sportoonline.com/tr/urun/bepanthol-baby-pisik-onleyici-merhem-100-gr,ince_aciklama,121,0,0,0
0,9412,"Bepanthol Derma Yoğun Nemlendirici Vücut Losyonu  200 ml",Provitanya,https://sportoonline.com/tr/urun/bepanthol-derma-yogun-nemlendirici-vucut-losyonu-200-ml,ince_aciklama,133,0,0,0
0,9413,"BigJoy Alpha Max  90 Kapsül",Provitanya,https://sportoonline.com/tr/urun/bigjoy-alpha-max-90-kapsul,ince_aciklama,104,0,0,0
0,9414,"BigJoy Bcaa Pro 4:1:1 Ripped Ananas 204 gr",Provitanya,https://sportoonline.com/tr/urun/bigjoy-bcaa-pro-4-1-1-ripped-ananas-204-gr,ince_aciklama,119,0,0,0
0,9415,"BigJoy BcaaBig Karpuz 312,80 gr",Provitanya,https://sportoonline.com/tr/urun/bigjoy-bcaabig-karpuz-312-80-gr,ince_aciklama,108,0,0,0
0,9416,"BigJoy Big2 BCAA + Glutamine  150 Tablet",Provitanya,https://sportoonline.com/tr/urun/bigjoy-big2-bcaa-glutamine-150-tablet,ince_aciklama,117,0,0,0
0,9417,"BigJoy Big2 BCAA + Glutamine Vişne 324 gr",Provitanya,https://sportoonline.com/tr/urun/bigjoy-big2-bcaa-glutamine-visne-324-gr,ince_aciklama,118,0,0,0
0,9418,"BigJoy Bromelain  60 Tablet",Provitanya,https://sportoonline.com/tr/urun/bigjoy-bromelain-60-tablet,ince_aciklama,104,0,0,0
0,9419,"BigJoy Coenzyme Q10  30 Kapsül",Provitanya,https://sportoonline.com/tr/urun/bigjoy-coenzyme-q10-30-kapsul,ince_aciklama,107,0,0,0
0,9421,"BigJoy CreaBig Micronized Creatine Powder Ananas 210 gr",Provitanya,https://sportoonline.com/tr/urun/bigjoy-creabig-micronized-creatine-powder-ananas-210-gr,ince_aciklama,132,0,0,0
0,9422,"BigJoy Detox Plus  60 Kapsül",Provitanya,https://sportoonline.com/tr/urun/bigjoy-detox-plus-60-kapsul,ince_aciklama,105,0,0,0
0,9426,"BigJoy Iron Plus  60 Kapsül",Provitanya,https://sportoonline.com/tr/urun/bigjoy-iron-plus-60-kapsul,ince_aciklama,104,0,0,0
0,9430,"BigJoy Womens Bigbiotic  30 Kapsül",Provitanya,https://sportoonline.com/tr/urun/bigjoy-womens-bigbiotic-30-kapsul,ince_aciklama,111,0,0,0
0,9433,"Bio Lorencia Saç, Yüz ve Vücut Hindistan Cevizi Yağı  100 Ml",Provitanya,https://sportoonline.com/tr/urun/bio-lorencia-sac-yuz-ve-vucut-hindistan-cevizi-yagi-100-ml,ince_aciklama,137,0,0,0
0,9435,"Bio Lorencia Saç, Yüz ve Vücut Serum Avokado Yağı  100 Ml",Provitanya,https://sportoonline.com/tr/urun/bio-lorencia-sac-yuz-ve-vucut-serum-avokado-yagi-100-ml,ince_aciklama,134,0,0,0
0,9436,"Bio Lorencia Saç, Yüz ve Vücut Serum Rose  100 Ml",Provitanya,https://sportoonline.com/tr/urun/bio-lorencia-sac-yuz-ve-vucut-serum-rose-100-ml,ince_aciklama,126,0,0,0
0,9437,"Bio Lorencia Saç, Yüz ve Vücut Serum Tropical  100 Ml",Provitanya,https://sportoonline.com/tr/urun/bio-lorencia-sac-yuz-ve-vucut-serum-tropical-100-ml,ince_aciklama,130,0,0,0
0,9438,"Bioderma Atoderm Krem Ultra  200 ml",Provitanya,https://sportoonline.com/tr/urun/bioderma-atoderm-krem-ultra-200-ml,ince_aciklama,112,0,0,0
0,9440,"BioTechUSA 100% Pure Whey Çikolata 28 gr",Provitanya,https://sportoonline.com/tr/urun/biotechusa-100-pure-whey-cikolata-28-gr,ince_aciklama,117,0,0,0
0,9442,"Bioxcin Aqua Thermal Kepek Karşı Etkili Şampuan Seti 200 ml +  300 ml",Provitanya,https://sportoonline.com/tr/urun/bioxcin-aqua-thermal-kepek-karsi-etkili-sampuan-seti-200-ml-300-ml,ince_aciklama,146,0,0,0
0,9443,"Bioxcin Aqua Thermal Yoğun Kepek Karşıtı Şampuan Ds  200 ml",Provitanya,https://sportoonline.com/tr/urun/bioxcin-aqua-thermal-yogun-kepek-karsiti-sampuan-ds-200-ml,ince_aciklama,136,0,0,0
0,9444,"Bioxcin Collagen Biotin Hacim Verici Saç Kremi  250 ml",Provitanya,https://sportoonline.com/tr/urun/bioxcin-collagen-biotin-hacim-verici-sac-kremi-250-ml,ince_aciklama,131,0,0,0
0,9445,"Bioxcin Collagen Biotin Hacim Verici Sıvı Saç Kremi  150 ml",Provitanya,https://sportoonline.com/tr/urun/bioxcin-collagen-biotin-hacim-verici-sivi-sac-kremi-150-ml,ince_aciklama,136,0,0,0
0,9447,"Bioxcin Forte Saç Dökülmesine Karşı Bakım Şampuanı  300 ml",Provitanya,https://sportoonline.com/tr/urun/bioxcin-forte-sac-dokulmesine-karsi-bakim-sampuani-300-ml,ince_aciklama,135,0,0,0
0,9448,"Bioxcin Forte Saç Dökülmesine Karşı Bakım Şampuanı 300 ml - 3 Al 2 Öde",Provitanya,https://sportoonline.com/tr/urun/bioxcin-forte-sac-dokulmesine-karsi-bakim-sampuani-300-ml-3-al-2-ode,ince_aciklama,149,0,0,0
0,9449,"Bioxcin Forte Saç Serumu 3x50mL",Provitanya,https://sportoonline.com/tr/urun/bioxcin-forte-sac-serumu-3x50ml,ince_aciklama,110,0,0,0
0,9450,"Bioxcin Genesis Şampuan 300 ml (Kuru Normal Saçlar) - 3 Al 2 Öde",Provitanya,https://sportoonline.com/tr/urun/bioxcin-genesis-sampuan-300-ml-kuru-normal-saclar-3-al-2-ode,ince_aciklama,143,0,0,0
0,9451,"Bioxcin Genesis Şampuan 300 ml (Yağlı Saçlar) - 3 Al 2 Öde",Provitanya,https://sportoonline.com/tr/urun/bioxcin-genesis-sampuan-300-ml-yagli-saclar-3-al-2-ode,ince_aciklama,137,0,0,0
0,9452,"Bioxcin Keratin ve Argan Onarıcı Saç Bakım Kremi  250 ml",Provitanya,https://sportoonline.com/tr/urun/bioxcin-keratin-ve-argan-onarici-sac-bakim-kremi-250-ml,ince_aciklama,133,0,0,0
0,9453,"Bioxcin Keratin ve Argan Onarıcı Saç Bakım Yağı  150 ml",Provitanya,https://sportoonline.com/tr/urun/bioxcin-keratin-ve-argan-onarici-sac-bakim-yagi-150-ml,ince_aciklama,132,0,0,0
0,9454,"Bioxcin Keratin ve Argan Onarıcı Şampuan 300 ml - 3 Al 2 Öde",Provitanya,https://sportoonline.com/tr/urun/bioxcin-keratin-ve-argan-onarici-sampuan-300-ml-3-al-2-ode,ince_aciklama,139,0,0,0
0,9455,"Bioxcin Keratin ve Argan Onarıcı Sıvı Saç Kremi  150 ml",Provitanya,https://sportoonline.com/tr/urun/bioxcin-keratin-ve-argan-onarici-sivi-sac-kremi-150-ml,ince_aciklama,132,0,0,0
0,9456,"Bioxcin Kolajen ve Hyaluronik Asit İçerikli Kaş ve Kirpik Serumu  3 ml",Provitanya,https://sportoonline.com/tr/urun/bioxcin-kolajen-ve-hyaluronik-asit-icerikli-kas-ve-kirpik-serumu-3-ml,ince_aciklama,147,0,0,0
0,9457,"Bioxcin Quantum Şampuan 300 ml (Kuru Normal Saçlar) - 3 Al 2 Öde",Provitanya,https://sportoonline.com/tr/urun/bioxcin-quantum-sampuan-300-ml-kuru-normal-saclar-3-al-2-ode,ince_aciklama,143,0,0,0
0,9458,"Bioxcin Quantum Şampuan 300 ml (Yağlı Saçlar) - 3 Al 2 Öde",Provitanya,https://sportoonline.com/tr/urun/bioxcin-quantum-sampuan-300-ml-yagli-saclar-3-al-2-ode,ince_aciklama,137,0,0,0
0,9460,"Bite More Proteinli Pankek Blueberry 50 gr  12 Adet",Provitanya,https://sportoonline.com/tr/urun/bite-more-proteinli-pankek-blueberry-50-gr-12-adet,ince_aciklama,128,0,0,0
0,9461,"Bite More Proteinli Pankek Caramel Cream 50 gr  12 Adet",Provitanya,https://sportoonline.com/tr/urun/bite-more-proteinli-pankek-caramel-cream-50-gr-12-adet,ince_aciklama,132,0,0,0
0,9464,"Bite More Proteinli Pankek Pistachio Cream 50 gr  12 Adet",Provitanya,https://sportoonline.com/tr/urun/bite-more-proteinli-pankek-pistachio-cream-50-gr-12-adet,ince_aciklama,134,0,0,0
0,9466,"Bite More Proteinli Pankek Speculoos 50 gr  12 Adet",Provitanya,https://sportoonline.com/tr/urun/bite-more-proteinli-pankek-speculoos-50-gr-12-adet,ince_aciklama,128,0,0,0
0,9468,"Bite More Proteinli Pankek Vanilla Cream 50 gr  12 Adet",Provitanya,https://sportoonline.com/tr/urun/bite-more-proteinli-pankek-vanilla-cream-50-gr-12-adet,ince_aciklama,132,0,0,0
0,9476,"CeraVe Balancing Air Foam Cleanser  148 ml",Provitanya,https://sportoonline.com/tr/urun/cerave-balancing-air-foam-cleanser-148-ml,ince_aciklama,119,0,0,0
0,9477,"CeraVe Gelişmiş Onarıcı Bakım Kremi Kuru ve Çok Kuru Ciltler  88 ml",Provitanya,https://sportoonline.com/tr/urun/cerave-gelismis-onarici-bakim-kremi-kuru-ve-cok-kuru-ciltler-88-ml,ince_aciklama,144,0,0,0
0,9478,"CeraVe Nemlendiren Hyalüronik Asit Serum  30 ml",Provitanya,https://sportoonline.com/tr/urun/cerave-nemlendiren-hyaluronik-asit-serum-30-ml,ince_aciklama,124,0,0,0
0,9481,"CeraVe Normal Ve Kuru Ciltler İçin Nemlendiren Temizleyici  236 ml",Provitanya,https://sportoonline.com/tr/urun/cerave-normal-ve-kuru-ciltler-icin-nemlendiren-temizleyici-236-ml,ince_aciklama,143,0,0,0
0,9482,"CeraVe SPF30 Nemlendirici Yüz Kremi  52 ml",Provitanya,https://sportoonline.com/tr/urun/cerave-spf30-nemlendirici-yuz-kremi-52-ml,ince_aciklama,119,0,0,0
0,9483,"CeraVe SPF50 Nemlendirici Yüz Kremi  52 ml",Provitanya,https://sportoonline.com/tr/urun/cerave-spf50-nemlendirici-yuz-kremi-52-ml,ince_aciklama,119,0,0,0
0,9485,"Cire Aseptine Aloe vera Jel  200 Ml",Provitanya,https://sportoonline.com/tr/urun/cire-aseptine-aloe-vera-jel-200-ml,ince_aciklama,112,0,0,0
0,9486,"Cire Aseptine Soft Prebiyotik Papatya Özlü Krem  30 ml",Provitanya,https://sportoonline.com/tr/urun/cire-aseptine-soft-prebiyotik-papatya-ozlu-krem-30-ml,ince_aciklama,131,0,0,0
0,9487,"Cire Aseptine Soft Prebiyotik Zeytinyağlı Krem  30 ml",Provitanya,https://sportoonline.com/tr/urun/cire-aseptine-soft-prebiyotik-zeytinyagli-krem-30-ml,ince_aciklama,130,0,0,0
0,9488,"Cire Aseptine Vazelin Aloe Vera  150 ml",Provitanya,https://sportoonline.com/tr/urun/cire-aseptine-vazelin-aloe-vera-150-ml,ince_aciklama,116,0,0,0
0,9489,"Cire Aseptine Vazelin Gül  150 ml",Provitanya,https://sportoonline.com/tr/urun/cire-aseptine-vazelin-gul-150-ml,ince_aciklama,110,0,0,0
0,9490,"Cire Aseptine Vazelin Klasik  150 ml",Provitanya,https://sportoonline.com/tr/urun/cire-aseptine-vazelin-klasik-150-ml,ince_aciklama,113,0,0,0
0,9491,"Cire Aseptine Vazelin Zeytinyağlı  150 ml",Provitanya,https://sportoonline.com/tr/urun/cire-aseptine-vazelin-zeytinyagli-150-ml,ince_aciklama,118,0,0,0
0,9492,"Curaprox CS 3960 Super Soft Diş Fırçası",Provitanya,https://sportoonline.com/tr/urun/curaprox-cs-3960-super-soft-dis-fircasi,ince_aciklama,118,0,0,0
0,9493,"Curaprox CS 5460 Ultra Soft Diş Fırçası",Provitanya,https://sportoonline.com/tr/urun/curaprox-cs-5460-ultra-soft-dis-fircasi,ince_aciklama,118,0,0,0
0,9495,"Dalan d'olive %100 Doğal Zeytinyağlı Krem  250 ml",Provitanya,https://sportoonline.com/tr/urun/dalan-d-olive-100-dogal-zeytinyagli-krem-250-ml,ince_aciklama,126,0,0,0
0,9496,"Dalan D'olive Aloe Vera Hızlı Emilen Tüp Krem  250 ml",Provitanya,https://sportoonline.com/tr/urun/dalan-d-olive-aloe-vera-hizli-emilen-tup-krem-250-ml,ince_aciklama,130,0,0,0
0,9497,"Dalan d'olive Besleyici Krem  20 ml",Provitanya,https://sportoonline.com/tr/urun/dalan-d-olive-besleyici-krem-20-ml,ince_aciklama,112,0,0,0
0,9498,"Dalan d'Olive Besleyici Vücut Losyonu  400 ml",Provitanya,https://sportoonline.com/tr/urun/dalan-d-olive-besleyici-vucut-losyonu-400-ml,ince_aciklama,122,0,0,0
0,9499,"Dalan d'Olive Duş jeli Besleyici  400 ml",Provitanya,https://sportoonline.com/tr/urun/dalan-d-olive-dus-jeli-besleyici-400-ml,ince_aciklama,117,0,0,0
0,9500,"Dalan d'Olive Duş Jeli Canlandırıcı  400 ml",Provitanya,https://sportoonline.com/tr/urun/dalan-d-olive-dus-jeli-canlandirici-400-ml,ince_aciklama,120,0,0,0
0,9502,"Dalan d'Olive Hacim Veren Şampuan  400 ml",Provitanya,https://sportoonline.com/tr/urun/dalan-d-olive-hacim-veren-sampuan-400-ml,ince_aciklama,118,0,0,0
0,9503,"Dalan d'Olive Kepek Karşıtı Şampuan  400 ml",Provitanya,https://sportoonline.com/tr/urun/dalan-d-olive-kepek-karsiti-sampuan-400-ml,ince_aciklama,120,0,0,0
0,9505,"Dalan d'Olive Onarıcı Vücut Yağı  200 ml",Provitanya,https://sportoonline.com/tr/urun/dalan-d-olive-onarici-vucut-yagi-200-ml,ince_aciklama,117,0,0,0
0,9506,"Dalan d'olive Onarıcı Yoğun Bakım Kremi  20 ml",Provitanya,https://sportoonline.com/tr/urun/dalan-d-olive-onarici-yogun-bakim-kremi-20-ml,ince_aciklama,123,0,0,0
0,9509,"Dalan d'olive Organik Argan Yağı Krem  250 ml",Provitanya,https://sportoonline.com/tr/urun/dalan-d-olive-organik-argan-yagi-krem-250-ml,ince_aciklama,122,0,0,0
0,9510,"Dalan D'olive Organik Avokado Yağı Hızlı Emilen Tüp Krem  250 ml",Provitanya,https://sportoonline.com/tr/urun/dalan-d-olive-organik-avokado-yagi-hizli-emilen-tup-krem-250-ml,ince_aciklama,141,0,0,0
0,9512,"Dalan d'olive Organik Üzüm Çekirdeği Krem  250 ml",Provitanya,https://sportoonline.com/tr/urun/dalan-d-olive-organik-uzum-cekirdegi-krem-250-ml,ince_aciklama,126,0,0,0
0,9514,"Dalan d'Olive Renk Koruyucu Şampuan  400 ml",Provitanya,https://sportoonline.com/tr/urun/dalan-d-olive-renk-koruyucu-sampuan-400-ml,ince_aciklama,120,0,0,0
0,9517,"Danvita Crisp Bread Peynirli ve Frenk Soğanlı Kraker 130 g",Provitanya,https://sportoonline.com/tr/urun/danvita-crisp-bread-peynirli-ve-frenk-soganli-kraker-130-g,ince_aciklama,137,0,0,0
0,9518,"Derma Banyo Bebek Banyo Lifi B3614",Provitanya,https://sportoonline.com/tr/urun/derma-banyo-bebek-banyo-lifi-b3614,ince_aciklama,113,0,0,0
0,9519,"Derma Banyo Bebek Banyo Süngeri B3645",Provitanya,https://sportoonline.com/tr/urun/derma-banyo-bebek-banyo-sungeri-b3645,ince_aciklama,116,0,0,0
0,9520,"Derma Banyo Cotton Yüz Temizleme Eldiveni B3515",Provitanya,https://sportoonline.com/tr/urun/derma-banyo-cotton-yuz-temizleme-eldiveni-b3515,ince_aciklama,126,0,0,0
0,9521,"Derma Banyo Doğal Örme Sırt Lifi B3546",Provitanya,https://sportoonline.com/tr/urun/derma-banyo-dogal-orme-sirt-lifi-b3546,ince_aciklama,117,0,0,0
0,9522,"Derma Banyo Doğal Oval Banyo Yüz Kesesi B3522",Provitanya,https://sportoonline.com/tr/urun/derma-banyo-dogal-oval-banyo-yuz-kesesi-b3522,ince_aciklama,124,0,0,0
0,9523,"Derma Banyo İpek Yüz Kesesi B3508",Provitanya,https://sportoonline.com/tr/urun/derma-banyo-ipek-yuz-kesesi-b3508,ince_aciklama,112,0,0,0
0,9524,"Derma Banyo Kabak Yüz Lifi B3638",Provitanya,https://sportoonline.com/tr/urun/derma-banyo-kabak-yuz-lifi-b3638,ince_aciklama,111,0,0,0
0,9525,"Derma Banyo Krep Kese B3577",Provitanya,https://sportoonline.com/tr/urun/derma-banyo-krep-kese-b3577,ince_aciklama,106,0,0,0
0,9526,"Derma Banyo Lastikli Kese B3560",Provitanya,https://sportoonline.com/tr/urun/derma-banyo-lastikli-kese-b3560,ince_aciklama,110,0,0,0
0,9527,"Derma Banyo Parmaklı Banyo Eldiveni B3584",Provitanya,https://sportoonline.com/tr/urun/derma-banyo-parmakli-banyo-eldiveni-b3584,ince_aciklama,120,0,0,0
0,9528,"Derma Banyo Sabunluk Koton Banyo Lifi B3591",Provitanya,https://sportoonline.com/tr/urun/derma-banyo-sabunluk-koton-banyo-lifi-b3591,ince_aciklama,122,0,0,0
0,9529,"Difaş Dil Temizleyici",Provitanya,https://sportoonline.com/tr/urun/difas-dil-temizleyici,ince_aciklama,100,0,0,0
0,9530,"Difaş Diş Fırçası Black Karbon Etkili",Provitanya,https://sportoonline.com/tr/urun/difas-dis-fircasi-black-karbon-etkili,ince_aciklama,116,0,0,0
0,9531,"Difaş Pro Clinic Bamboo Charcoal Diş Fırçası",Provitanya,https://sportoonline.com/tr/urun/difas-pro-clinic-bamboo-charcoal-dis-fircasi,ince_aciklama,123,0,0,0
0,9532,"Difaş Pro-clinic Slim Soft Diş Fırçası",Provitanya,https://sportoonline.com/tr/urun/difas-pro-clinic-slim-soft-dis-fircasi,ince_aciklama,117,0,0,0
0,9533,"Difaş Pro-clinic Ultra Soft Diş Fırçası",Provitanya,https://sportoonline.com/tr/urun/difas-pro-clinic-ultra-soft-dis-fircasi,ince_aciklama,118,0,0,0
0,9537,"Dragon 63915 Lifting Hook Ağırlık Kaldırma Kancası",Provitanya,https://sportoonline.com/tr/urun/dragon-63915-lifting-hook-agirlik-kaldirma-kancasi,ince_aciklama,129,0,0,0
0,9538,"Duratape Kinesiyoloji Bandı 5cm X 5cm Kırmızı",Provitanya,https://sportoonline.com/tr/urun/duratape-kinesiyoloji-bandi-5cm-x-5cm-kirmizi,ince_aciklama,124,0,0,0
0,9539,"Duratape Kinesiyoloji Bandı 5cm X 5cm Mavi",Provitanya,https://sportoonline.com/tr/urun/duratape-kinesiyoloji-bandi-5cm-x-5cm-mavi,ince_aciklama,121,0,0,0
0,9540,"Duratape Kinesiyoloji Bandı 5cm X 5cm Siyah",Provitanya,https://sportoonline.com/tr/urun/duratape-kinesiyoloji-bandi-5cm-x-5cm-siyah,ince_aciklama,122,0,0,0
0,9541,"Duratape Kinesiyoloji Bandı 5cm X 5cm Ten",Provitanya,https://sportoonline.com/tr/urun/duratape-kinesiyoloji-bandi-5cm-x-5cm-ten,ince_aciklama,120,0,0,0
0,9549,"DY Nutrition Creatine Monohydrate  300 gr",Provitanya,https://sportoonline.com/tr/urun/dy-nutrition-creatine-monohydrate-300-gr,ince_aciklama,118,0,0,0
0,9550,"DY Nutrition HIT EAA Amino Acid Complex Kan Portakalı 360 gr",Provitanya,https://sportoonline.com/tr/urun/dy-nutrition-hit-eaa-amino-acid-complex-kan-portakali-360-gr,ince_aciklama,137,0,0,0
0,9554,"Eda Taşpınar Bronzing Bomb  200 Ml",Provitanya,https://sportoonline.com/tr/urun/eda-taspinar-bronzing-bomb-200-ml,ince_aciklama,111,0,0,0
0,9555,"Eda Taşpınar Bronzlaştırıcı Koruyucu Yağ Spf15  200 Ml",Provitanya,https://sportoonline.com/tr/urun/eda-taspinar-bronzlastirici-koruyucu-yag-spf15-200-ml,ince_aciklama,131,0,0,0
0,9556,"Effive Caffeine + Taurine  100 Kapsül",Provitanya,https://sportoonline.com/tr/urun/effive-caffeine-taurine-100-kapsul,ince_aciklama,114,0,0,0
0,9557,"Effive Crea1500  120 Kapsül",Provitanya,https://sportoonline.com/tr/urun/effive-crea1500-120-kapsul,ince_aciklama,104,0,0,0
0,9558,"Effive Glucosamine Condroitin MSM  90 Tablet",Provitanya,https://sportoonline.com/tr/urun/effive-glucosamine-condroitin-msm-90-tablet,ince_aciklama,121,0,0,0
0,9559,"Effive Milk Thistle Complex  60 Kapsül",Provitanya,https://sportoonline.com/tr/urun/effive-milk-thistle-complex-60-kapsul,ince_aciklama,115,0,0,0
0,9560,"Enervit Protein Bar %26 40 gr Coco-Choco  40 gr*1 Adet",Provitanya,https://sportoonline.com/tr/urun/enervit-protein-bar-26-40-gr-coco-choco-40-gr-1-adet,ince_aciklama,131,0,0,0
0,9564,"Enervit Protein Bar %32 60 gr Dark Choco 1 Adet",Provitanya,https://sportoonline.com/tr/urun/enervit-protein-bar-32-60-gr-dark-choco-1-adet,ince_aciklama,124,0,0,0
0,9565,"Eyüp Sabri Tuncer Amber Kolonya  150 Ml",Provitanya,https://sportoonline.com/tr/urun/eyup-sabri-tuncer-amber-kolonya-150-ml,ince_aciklama,116,0,0,0
0,9566,"Eyüp Sabri Tuncer Doğal Aloe Vera Özlü Diş Macunu  90 Ml",Provitanya,https://sportoonline.com/tr/urun/eyup-sabri-tuncer-dogal-aloe-vera-ozlu-dis-macunu-90-ml,ince_aciklama,133,0,0,0
0,9567,"Eyüp Sabri Tuncer Doğal Bambu Karbonlu Diş Macunu  90 Ml",Provitanya,https://sportoonline.com/tr/urun/eyup-sabri-tuncer-dogal-bambu-karbonlu-dis-macunu-90-ml,ince_aciklama,133,0,0,0
0,9569,"Eyüp Sabri Tuncer Doğal Kakao ve Kahve Özlü Diş Macunu  90 Ml",Provitanya,https://sportoonline.com/tr/urun/eyup-sabri-tuncer-dogal-kakao-ve-kahve-ozlu-dis-macunu-90-ml,ince_aciklama,138,0,0,0
0,9570,"Eyüp Sabri Tuncer Doğal Karanfil Özlü Diş Macunu  90 Ml",Provitanya,https://sportoonline.com/tr/urun/eyup-sabri-tuncer-dogal-karanfil-ozlu-dis-macunu-90-ml,ince_aciklama,132,0,0,0
0,9571,"Eyüp Sabri Tuncer Doğal Misvak Özlü Diş Macunu  90 Ml",Provitanya,https://sportoonline.com/tr/urun/eyup-sabri-tuncer-dogal-misvak-ozlu-dis-macunu-90-ml,ince_aciklama,130,0,0,0
0,9572,"Eyüp Sabri Tuncer Doğal Nane Özlü Diş Macunu  90 Ml",Provitanya,https://sportoonline.com/tr/urun/eyup-sabri-tuncer-dogal-nane-ozlu-dis-macunu-90-ml,ince_aciklama,128,0,0,0
0,9573,"Eyüp Sabri Tuncer Doğal Zencefil Özlü Diş Macunu  90 Ml",Provitanya,https://sportoonline.com/tr/urun/eyup-sabri-tuncer-dogal-zencefil-ozlu-dis-macunu-90-ml,ince_aciklama,132,0,0,0
0,9574,"Eyüp Sabri Tuncer Gül Suyu  350 Ml",Provitanya,https://sportoonline.com/tr/urun/eyup-sabri-tuncer-gul-suyu-350-ml,ince_aciklama,111,0,0,0
0,9575,"Eyüp Sabri Tuncer Japon Kiraz Çiçeği Kolonya  150 Ml",Provitanya,https://sportoonline.com/tr/urun/eyup-sabri-tuncer-japon-kiraz-cicegi-kolonya-150-ml,ince_aciklama,129,0,0,0
0,9576,"Eyüp Sabri Tuncer Klasik Limon Kolonya  150 Ml",Provitanya,https://sportoonline.com/tr/urun/eyup-sabri-tuncer-klasik-limon-kolonya-150-ml,ince_aciklama,123,0,0,0
0,9577,"Eyüp Sabri Tuncer Okyanus Kolonya  150 Ml",Provitanya,https://sportoonline.com/tr/urun/eyup-sabri-tuncer-okyanus-kolonya-150-ml,ince_aciklama,118,0,0,0
0,9579,"Fe Kulak Çubuğu  100 Adet",Provitanya,https://sportoonline.com/tr/urun/fe-kulak-cubugu-100-adet,ince_aciklama,102,0,0,0
0,9580,"Fe Kulak Çubuğu  300 Adet",Provitanya,https://sportoonline.com/tr/urun/fe-kulak-cubugu-300-adet,ince_aciklama,102,0,0,0
0,9582,"Femfresh Hassas Genital Bölge Yıkama Jeli  250 ml",Provitanya,https://sportoonline.com/tr/urun/femfresh-hassas-genital-bolge-yikama-jeli-250-ml,ince_aciklama,126,0,0,0
0,9583,"Fluweel Aerosol Sun Screen Spray Çocuk Kids 50 Spf  200 Ml",Provitanya,https://sportoonline.com/tr/urun/fluweel-aerosol-sun-screen-spray-cocuk-kids-50-spf-200-ml,ince_aciklama,135,0,0,0
0,9586,"Garnier Ambre Solaire Güneş Sütü Spf 50  200 Ml",Provitanya,https://sportoonline.com/tr/urun/garnier-ambre-solaire-gunes-sutu-spf-50-200-ml,ince_aciklama,124,0,0,0
0,9587,"Garnier Ambre Solaire İdeal Bronzluk Güneş Koruyucu Sprey SPF30  150 Ml",Provitanya,https://sportoonline.com/tr/urun/garnier-ambre-solaire-ideal-bronzluk-gunes-koruyucu-sprey-spf30-150-ml,ince_aciklama,148,0,0,0
0,9589,"Garnier Ambre Solaire Sensitive Advanced Çocuk Krem Gkf50+  200 Ml",Provitanya,https://sportoonline.com/tr/urun/garnier-ambre-solaire-sensitive-advanced-cocuk-krem-gkf50-200-ml,ince_aciklama,143,0,0,0
0,9590,"Garnier Ambre Solaire Sensitive Advanced Milk SPF 50+  175 Ml",Provitanya,https://sportoonline.com/tr/urun/garnier-ambre-solaire-sensitive-advanced-milk-spf-50-175-ml,ince_aciklama,138,0,0,0
0,9591,"Garnier Ambre Solaire Sensitive Advanced Seramid SPF 50+  150 Ml",Provitanya,https://sportoonline.com/tr/urun/garnier-ambre-solaire-sensitive-advanced-seramid-spf-50-150-ml,ince_aciklama,141,0,0,0
0,9592,"Garnier Men Lekesiz Koruma Aerosol Deodorant  150 Ml",Provitanya,https://sportoonline.com/tr/urun/garnier-men-lekesiz-koruma-aerosol-deodorant-150-ml,ince_aciklama,129,0,0,0
0,9595,"Garnier Men Saf Ve Temiz 48 Saat Deodorant  150 Ml",Provitanya,https://sportoonline.com/tr/urun/garnier-men-saf-ve-temiz-48-saat-deodorant-150-ml,ince_aciklama,127,0,0,0
0,9597,"Garnier Woman Mineral Hyaluronik Bakım Roll-on  50 Ml",Provitanya,https://sportoonline.com/tr/urun/garnier-woman-mineral-hyaluronik-bakim-roll-on-50-ml,ince_aciklama,130,0,0,0
0,9598,"Garnier Woman Mineral Hyaluronik Bakım Sprey Deodorant  150 Ml",Provitanya,https://sportoonline.com/tr/urun/garnier-woman-mineral-hyaluronik-bakim-sprey-deodorant-150-ml,ince_aciklama,139,0,0,0
0,9599,"Garnier Woman Mineral Lekesiz Koruma Roll-on  50 Ml",Provitanya,https://sportoonline.com/tr/urun/garnier-woman-mineral-lekesiz-koruma-roll-on-50-ml,ince_aciklama,128,0,0,0
0,9601,"Garnier Woman Mineral Saf Ve Temiz Kadın Roll-on  50 Ml",Provitanya,https://sportoonline.com/tr/urun/garnier-woman-mineral-saf-ve-temiz-kadin-roll-on-50-ml,ince_aciklama,132,0,0,0
0,9603,"Garnier Woman Mineral Ultra Kuru Sprey Deodorant  150 Ml",Provitanya,https://sportoonline.com/tr/urun/garnier-woman-mineral-ultra-kuru-sprey-deodorant-150-ml,ince_aciklama,133,0,0,0
0,9605,"Gillette Blue3 Comfort Tıraş Bıçağı  1 Adet",Provitanya,https://sportoonline.com/tr/urun/gillette-blue3-comfort-tiras-bicagi-1-adet,ince_aciklama,120,0,0,0
0,9606,"Gillette Mach 3 Start 2 UP Tıraş Bıçağı  1 Adet",Provitanya,https://sportoonline.com/tr/urun/gillette-mach-3-start-2-up-tiras-bicagi-1-adet,ince_aciklama,124,0,0,0
0,9607,"Gillette Tıraş Köpüğü Hassas  250 Ml",Provitanya,https://sportoonline.com/tr/urun/gillette-tiras-kopugu-hassas-250-ml,ince_aciklama,113,0,0,0
0,9608,"Gillette Venüs Riviera Kullan At Kadın Tıraş Bıçağı 2'li",Provitanya,https://sportoonline.com/tr/urun/gillette-venus-riviera-kullan-at-kadin-tiras-bicagi-2-li,ince_aciklama,135,0,0,0
0,9609,"Gillette Venüs Simply 2 Kadın Tıraş Bıçağı  1 Adet",Provitanya,https://sportoonline.com/tr/urun/gillette-venus-simply-2-kadin-tiras-bicagi-1-adet,ince_aciklama,127,0,0,0
0,9610,"Gillette Venus Simply Venus 2 Kullan At Kadın Tıraş Bıçağı 2'li",Provitanya,https://sportoonline.com/tr/urun/gillette-venus-simply-venus-2-kullan-at-kadin-tiras-bicagi-2-li,ince_aciklama,142,0,0,0
0,9611,"Golden Akıllı Krem  100 Ml",Provitanya,https://sportoonline.com/tr/urun/golden-akilli-krem-100-ml,ince_aciklama,103,0,0,0
0,9612,"Golden At Kestanesi Jel Krem  100 Ml",Provitanya,https://sportoonline.com/tr/urun/golden-at-kestanesi-jel-krem-100-ml,ince_aciklama,113,0,0,0
0,9613,"Golden Cannabis Gold Masaj Krem  100 Ml",Provitanya,https://sportoonline.com/tr/urun/golden-cannabis-gold-masaj-krem-100-ml,ince_aciklama,116,0,0,0
0,9616,"Hardline Arginine Fusion Portakal 130 gr",Provitanya,https://sportoonline.com/tr/urun/hardline-arginine-fusion-portakal-130-gr,ince_aciklama,117,0,0,0
0,9617,"Hardline BCAA Glutamine Kola 115 gr",Provitanya,https://sportoonline.com/tr/urun/hardline-bcaa-glutamine-kola-115-gr,ince_aciklama,112,0,0,0
0,9618,"Hardline Caffeine Caffeine 200 mg Liquid Limon 200 mg*1 Adet",Provitanya,https://sportoonline.com/tr/urun/hardline-caffeine-caffeine-200-mg-liquid-limon-200-mg-1-adet,ince_aciklama,137,0,0,0
0,9619,"Hardline Caffeine Caffeine 200 mg Liquid Limon 200 mg*20 Adet",Provitanya,https://sportoonline.com/tr/urun/hardline-caffeine-caffeine-200-mg-liquid-limon-200-mg-20-adet,ince_aciklama,138,0,0,0
0,9622,"Hardline Creatin Mikronized Şase 5 gr x 24 Adet  120 gr",Provitanya,https://sportoonline.com/tr/urun/hardline-creatin-mikronized-sase-5-gr-x-24-adet-120-gr,ince_aciklama,132,0,0,0
0,9623,"Hardline Creatine Micronized Portakal 324 gr",Provitanya,https://sportoonline.com/tr/urun/hardline-creatine-micronized-portakal-324-gr,ince_aciklama,121,0,0,0
0,9626,"Hardline Prex Pre Workout 30 Ml Kola 1 Adet",Provitanya,https://sportoonline.com/tr/urun/hardline-prex-pre-workout-30-ml-kola-1-adet,ince_aciklama,120,0,0,0
0,9628,"Hardline Progainer Muz 5000 Gr",Provitanya,https://sportoonline.com/tr/urun/hardline-progainer-muz-5000-gr,ince_aciklama,107,0,0,0
0,9631,"Hardline Vitamin D3K2  60 Kapsül",Provitanya,https://sportoonline.com/tr/urun/hardline-vitamin-d3k2-60-kapsul,ince_aciklama,109,0,0,0
0,9632,"Hardline Whey 3Matrix 30 Gr Muz 1 Adet",Provitanya,https://sportoonline.com/tr/urun/hardline-whey-3matrix-30-gr-muz-1-adet,ince_aciklama,115,0,0,0
0,9637,"Harems Akdeniz Esintisi Sabun  120 gr",Provitanya,https://sportoonline.com/tr/urun/harems-akdeniz-esintisi-sabun-120-gr,ince_aciklama,114,0,0,0
0,9638,"Harems Aloe Vera Cilt Bakım Kremi  125 ml",Provitanya,https://sportoonline.com/tr/urun/harems-aloe-vera-cilt-bakim-kremi-125-ml,ince_aciklama,118,0,0,0
0,9639,"Harems Anti Selülit Sabun  120 gr",Provitanya,https://sportoonline.com/tr/urun/harems-anti-selulit-sabun-120-gr,ince_aciklama,110,0,0,0
0,9640,"Harems Argan Cilt Bakım Kremi  125 ml",Provitanya,https://sportoonline.com/tr/urun/harems-argan-cilt-bakim-kremi-125-ml,ince_aciklama,114,0,0,0
0,9641,"Harems Argan Yağlı Sabun  120 gr",Provitanya,https://sportoonline.com/tr/urun/harems-argan-yagli-sabun-120-gr,ince_aciklama,109,0,0,0
0,9642,"Harems Avokado & Bambu Sabun  120 gr",Provitanya,https://sportoonline.com/tr/urun/harems-avokado-bambu-sabun-120-gr,ince_aciklama,113,0,0,0
0,9643,"Harems Avokado Yağı  50 ml",Provitanya,https://sportoonline.com/tr/urun/harems-avokado-yagi-50-ml,ince_aciklama,103,0,0,0
0,9644,"Harems Bodrum Mandalinası Sabun  120 gr",Provitanya,https://sportoonline.com/tr/urun/harems-bodrum-mandalinasi-sabun-120-gr,ince_aciklama,116,0,0,0
0,9645,"Harems Çörekotu & Bıttım Sabun  120 gr",Provitanya,https://sportoonline.com/tr/urun/harems-corekotu-bittim-sabun-120-gr,ince_aciklama,115,0,0,0
0,9646,"Harems Eşek Sütü Cilt Bakım Kremi  125 ml",Provitanya,https://sportoonline.com/tr/urun/harems-esek-sutu-cilt-bakim-kremi-125-ml,ince_aciklama,118,0,0,0
0,9647,"Harems Eşek Sütü Sabun  120 gr",Provitanya,https://sportoonline.com/tr/urun/harems-esek-sutu-sabun-120-gr,ince_aciklama,107,0,0,0
0,9648,"Harems Gül Sabun  120 gr",Provitanya,https://sportoonline.com/tr/urun/harems-gul-sabun-120-gr,ince_aciklama,101,0,0,0
0,9649,"Harems Gül Yağı  50 ml",Provitanya,https://sportoonline.com/tr/urun/harems-gul-yagi-50-ml,ince_aciklama,99,0,0,0
0,9650,"Harems Hindistan Cevizi Sabun  120 gr",Provitanya,https://sportoonline.com/tr/urun/harems-hindistan-cevizi-sabun-120-gr,ince_aciklama,114,0,0,0
0,9651,"Harems İnci Tozu Sabun  120 gr",Provitanya,https://sportoonline.com/tr/urun/harems-inci-tozu-sabun-120-gr,ince_aciklama,107,0,0,0
0,9652,"Harems Keratinli Saç Bakım Serum  100 ml",Provitanya,https://sportoonline.com/tr/urun/harems-keratinli-sac-bakim-serum-100-ml,ince_aciklama,117,0,0,0
0,9653,"Harems Keratinli Saç Bakım Yağı  100 ml",Provitanya,https://sportoonline.com/tr/urun/harems-keratinli-sac-bakim-yagi-100-ml,ince_aciklama,116,0,0,0
0,9654,"Harems Lavanta & Papatya Sabun  120 gr",Provitanya,https://sportoonline.com/tr/urun/harems-lavanta-papatya-sabun-120-gr,ince_aciklama,115,0,0,0
0,9655,"Harems Lavanta Cilt Bakım Kremi  125 ml",Provitanya,https://sportoonline.com/tr/urun/harems-lavanta-cilt-bakim-kremi-125-ml,ince_aciklama,116,0,0,0
0,9656,"Harems Limon Sabun  120 gr",Provitanya,https://sportoonline.com/tr/urun/harems-limon-sabun-120-gr,ince_aciklama,103,0,0,0
0,9657,"Harems Nar Sabun  120 gr",Provitanya,https://sportoonline.com/tr/urun/harems-nar-sabun-120-gr,ince_aciklama,101,0,0,0
0,9658,"Harems Nar Yağı  50 ml",Provitanya,https://sportoonline.com/tr/urun/harems-nar-yagi-50-ml,ince_aciklama,99,0,0,0
0,9659,"Harems Orman Meyvesi Kokulu Sabun  120 gr",Provitanya,https://sportoonline.com/tr/urun/harems-orman-meyvesi-kokulu-sabun-120-gr,ince_aciklama,118,0,0,0
0,9660,"Harems Pirinç Cilt Bakım Kremi  125 ml",Provitanya,https://sportoonline.com/tr/urun/harems-pirinc-cilt-bakim-kremi-125-ml,ince_aciklama,115,0,0,0
0,9661,"Harems Siyah Sarımsaklı Saç Bakım Yağı  100 ml",Provitanya,https://sportoonline.com/tr/urun/harems-siyah-sarimsakli-sac-bakim-yagi-100-ml,ince_aciklama,123,0,0,0
0,9662,"Harems Tropikal Esinti Sabun  120 gr",Provitanya,https://sportoonline.com/tr/urun/harems-tropikal-esinti-sabun-120-gr,ince_aciklama,113,0,0,0
0,9664,"Harems Zeytinyağlı Cilt Bakım Kremi  125 ml",Provitanya,https://sportoonline.com/tr/urun/harems-zeytinyagli-cilt-bakim-kremi-125-ml,ince_aciklama,120,0,0,0
0,9668,"Hawaiian Tropic Tropical Tanning Coconut Bronzlaştırıcı Yağ  200 ml",Provitanya,https://sportoonline.com/tr/urun/hawaiian-tropic-tropical-tanning-coconut-bronzlastirici-yag-200-ml,ince_aciklama,144,0,0,0
0,9671,"Kevin Levrone Gold Creatine Chews Blue Rasberry 120 Tablet",Provitanya,https://sportoonline.com/tr/urun/kevin-levrone-gold-creatine-chews-blue-rasberry-120-tablet,ince_aciklama,135,0,0,0
0,9673,"Kevin Levrone Shaboom Pump Dragon Fruit 385 gr",Provitanya,https://sportoonline.com/tr/urun/kevin-levrone-shaboom-pump-dragon-fruit-385-gr,ince_aciklama,123,0,0,0
0,9674,"Kiperin Collagen Peptides Hidrolize Kolajen  500 gr",Provitanya,https://sportoonline.com/tr/urun/kiperin-collagen-peptides-hidrolize-kolajen-500-gr,ince_aciklama,128,0,0,0
0,9678,"Kultem Kulak Mumu 2'li",Provitanya,https://sportoonline.com/tr/urun/kultem-kulak-mumu-2-li,ince_aciklama,101,0,0,0
0,9679,"Lionesse Ayak Törpüsü 456",Provitanya,https://sportoonline.com/tr/urun/lionesse-ayak-torpusu-456,ince_aciklama,104,0,0,0
0,9680,"Lionesse Et Pensi 171 N",Provitanya,https://sportoonline.com/tr/urun/lionesse-et-pensi-171-n,ince_aciklama,102,0,0,0
0,9681,"Lionesse Makas 101 B",Provitanya,https://sportoonline.com/tr/urun/lionesse-makas-101-b,ince_aciklama,99,0,0,0
0,9682,"Lionesse Saç Fırçası 8590 Metalik Gold",Provitanya,https://sportoonline.com/tr/urun/lionesse-sac-fircasi-8590-metalik-gold,ince_aciklama,117,0,0,0
0,9683,"Lionesse Saç Fırçası 8590 Metalik Rose",Provitanya,https://sportoonline.com/tr/urun/lionesse-sac-fircasi-8590-metalik-rose,ince_aciklama,117,0,0,0
0,9684,"Lionesse Saç Fırçası 8590 Metalik Silver",Provitanya,https://sportoonline.com/tr/urun/lionesse-sac-fircasi-8590-metalik-silver,ince_aciklama,119,0,0,0
0,9685,"Lionesse Saç Fırçası 862730",Provitanya,https://sportoonline.com/tr/urun/lionesse-sac-fircasi-862730,ince_aciklama,106,0,0,0
0,9686,"Lionesse Tırnak Makası 3406",Provitanya,https://sportoonline.com/tr/urun/lionesse-tirnak-makasi-3406,ince_aciklama,106,0,0,0
0,9687,"Lionesse Tırnak Pensi 178 Inox",Provitanya,https://sportoonline.com/tr/urun/lionesse-tirnak-pensi-178-inox,ince_aciklama,109,0,0,0
0,9688,"Listerine Ağız Bakım Suyu Cool Mint  250 Ml",Provitanya,https://sportoonline.com/tr/urun/listerine-agiz-bakim-suyu-cool-mint-250-ml,ince_aciklama,120,0,0,0
0,9691,"Magnesium Diasporal Granül  20 Saşe",Provitanya,https://sportoonline.com/tr/urun/magnesium-diasporal-granul-20-sase,ince_aciklama,112,0,0,0
0,9693,"Marvis Ağız Bakım Suyu Whitening Mint  400 ml",Provitanya,https://sportoonline.com/tr/urun/marvis-agiz-bakim-suyu-whitening-mint-400-ml,ince_aciklama,122,0,0,0
0,9697,"Marvis Cinnamon Mint Diş Macunu  25 ml",Provitanya,https://sportoonline.com/tr/urun/marvis-cinnamon-mint-dis-macunu-25-ml,ince_aciklama,115,0,0,0
0,9698,"Marvis Cinnamon Mint Diş Macunu  85 ml",Provitanya,https://sportoonline.com/tr/urun/marvis-cinnamon-mint-dis-macunu-85-ml,ince_aciklama,115,0,0,0
0,9700,"Marvis Ginger Mint Diş Macunu  25 ml",Provitanya,https://sportoonline.com/tr/urun/marvis-ginger-mint-dis-macunu-25-ml,ince_aciklama,113,0,0,0
0,9701,"Marvis Jasmin Mint Diş Macunu  85 ml",Provitanya,https://sportoonline.com/tr/urun/marvis-jasmin-mint-dis-macunu-85-ml,ince_aciklama,113,0,0,0
0,9702,"Marvis Jasmin Mint Diş Macunu  25 ml",Provitanya,https://sportoonline.com/tr/urun/marvis-jasmin-mint-dis-macunu-25-ml,ince_aciklama,113,0,0,0
0,9703,"Marvis Orange Blossom Bloom Diş Macunu  75 ml",Provitanya,https://sportoonline.com/tr/urun/marvis-orange-blossom-bloom-dis-macunu-75-ml,ince_aciklama,122,0,0,0
0,9704,"Marvis Smokers Whitening Mint Diş Macunu  25 ml",Provitanya,https://sportoonline.com/tr/urun/marvis-smokers-whitening-mint-dis-macunu-25-ml,ince_aciklama,124,0,0,0
0,9705,"Marvis Sweet&Sour Rhubarb Diş Macunu  75 ml",Provitanya,https://sportoonline.com/tr/urun/marvis-sweet-sour-rhubarb-dis-macunu-75-ml,ince_aciklama,120,0,0,0
0,9707,"Marvis Whitening Mint Diş Macunu  25 ml",Provitanya,https://sportoonline.com/tr/urun/marvis-whitening-mint-dis-macunu-25-ml,ince_aciklama,116,0,0,0
0,9710,"Mealjoy Proteinli Çabuk Çorba Kremalı Domates  540 gr",Provitanya,https://sportoonline.com/tr/urun/mealjoy-proteinli-cabuk-corba-kremali-domates-540-gr,ince_aciklama,130,0,0,0
0,9714,"Mealjoy Proteinli Fıstık Ezmesi Sade  320 gr",Provitanya,https://sportoonline.com/tr/urun/mealjoy-proteinli-fistik-ezmesi-sade-320-gr,ince_aciklama,121,0,0,0
0,9716,"Möllers Omega-3 Balık Yağı Sıvı Formu Tutti Frutti  250 ml",Provitanya,https://sportoonline.com/tr/urun/mollers-omega-3-balik-yagi-sivi-formu-tutti-frutti-250-ml,ince_aciklama,135,0,0,0
0,9717,"Multipower Protein Delight Protein Bar 35 gr Dark Chocolate Mocha 1 Adet",Provitanya,https://sportoonline.com/tr/urun/multipower-protein-delight-protein-bar-35-gr-dark-chocolate-mocha-1-adet,ince_aciklama,149,0,0,0
0,9719,"Multipower Protein Layer Protein Bar 50 gr Beyaz Çikolata & Çilek 1 Adet",Provitanya,https://sportoonline.com/tr/urun/multipower-protein-layer-protein-bar-50-gr-beyaz-cikolata-cilek-1-adet,ince_aciklama,149,0,0,0
0,9722,"Multipower Whey Isolate Protein Çikolata 2000 gr",Provitanya,https://sportoonline.com/tr/urun/multipower-whey-isolate-protein-cikolata-2000-gr,ince_aciklama,125,0,0,0
0,9725,"Naturiga Besin Mayası Nutritional Yeast  100 gr",Provitanya,https://sportoonline.com/tr/urun/naturiga-besin-mayasi-nutritional-yeast-100-gr,ince_aciklama,124,0,0,0
0,9726,"Naturiga Coconut & Blueberry Keto Granola  250 gr",Provitanya,https://sportoonline.com/tr/urun/naturiga-coconut-blueberry-keto-granola-250-gr,ince_aciklama,126,0,0,0
0,9728,"Naturiga Goodbye Brownie Çıtırları  40 gr",Provitanya,https://sportoonline.com/tr/urun/naturiga-goodbye-brownie-citirlari-40-gr,ince_aciklama,118,0,0,0
0,9729,"Naturiga Goodbye Çikolata Chialı Kurabiye  40 gr",Provitanya,https://sportoonline.com/tr/urun/naturiga-goodbye-cikolata-chiali-kurabiye-40-gr,ince_aciklama,125,0,0,0
0,9731,"Naturiga Goodbye Karadut Chialı Kurabiye  40 gr",Provitanya,https://sportoonline.com/tr/urun/naturiga-goodbye-karadut-chiali-kurabiye-40-gr,ince_aciklama,124,0,0,0
0,9732,"Naturiga Goodbye Limonlu Chialı Kurabiye  40 gr",Provitanya,https://sportoonline.com/tr/urun/naturiga-goodbye-limonlu-chiali-kurabiye-40-gr,ince_aciklama,124,0,0,0
0,9733,"Naturiga Green Protein Blend  250 gr",Provitanya,https://sportoonline.com/tr/urun/naturiga-green-protein-blend-250-gr,ince_aciklama,113,0,0,0
0,9734,"Naturiga Hindiba Şurubu  200 gr",Provitanya,https://sportoonline.com/tr/urun/naturiga-hindiba-surubu-200-gr,ince_aciklama,108,0,0,0
0,9735,"Naturiga Kakaolu Kek & Muffin Karışımı  260 gr",Provitanya,https://sportoonline.com/tr/urun/naturiga-kakaolu-kek-muffin-karisimi-260-gr,ince_aciklama,123,0,0,0
0,9736,"Naturiga Karnıyarık Otu Tohumu Tozu  100 gr",Provitanya,https://sportoonline.com/tr/urun/naturiga-karniyarik-otu-tohumu-tozu-100-gr,ince_aciklama,120,0,0,0
0,9737,"Naturiga Matcha & Cranberry Granola  250 gr",Provitanya,https://sportoonline.com/tr/urun/naturiga-matcha-cranberry-granola-250-gr,ince_aciklama,120,0,0,0
0,9738,"Naturiga Organik Acai Tozu  50 gr",Provitanya,https://sportoonline.com/tr/urun/naturiga-organik-acai-tozu-50-gr,ince_aciklama,110,0,0,0
0,9739,"Naturiga Organik Buğday Çimi Tozu  100 gr",Provitanya,https://sportoonline.com/tr/urun/naturiga-organik-bugday-cimi-tozu-100-gr,ince_aciklama,118,0,0,0
0,9740,"Naturiga Organik Green Blend  100 gr",Provitanya,https://sportoonline.com/tr/urun/naturiga-organik-green-blend-100-gr,ince_aciklama,113,0,0,0
0,9741,"Naturiga Organik Kakao Tozu  100 gr",Provitanya,https://sportoonline.com/tr/urun/naturiga-organik-kakao-tozu-100-gr,ince_aciklama,112,0,0,0
0,9742,"Naturiga Organik Klorella Tozu  100 gr",Provitanya,https://sportoonline.com/tr/urun/naturiga-organik-klorella-tozu-100-gr,ince_aciklama,115,0,0,0
0,9743,"Naturiga Organik Pirinç Protein Tozu  250 gr",Provitanya,https://sportoonline.com/tr/urun/naturiga-organik-pirinc-protein-tozu-250-gr,ince_aciklama,121,0,0,0
0,9744,"Naturiga Organik Spirulina Tozu  100 gr",Provitanya,https://sportoonline.com/tr/urun/naturiga-organik-spirulina-tozu-100-gr,ince_aciklama,116,0,0,0
0,9745,"Naturiga Organik Zerdeçal Karışımı  75 gr",Provitanya,https://sportoonline.com/tr/urun/naturiga-organik-zerdecal-karisimi-75-gr,ince_aciklama,118,0,0,0
0,9747,"Naturiga Zerdeçal & Altın Çilek Granola  250 gr",Provitanya,https://sportoonline.com/tr/urun/naturiga-zerdecal-altin-cilek-granola-250-gr,ince_aciklama,124,0,0,0
0,9748,"New Life AlgOste k2  60 Adet",Provitanya,https://sportoonline.com/tr/urun/new-life-algoste-k2-60-adet,ince_aciklama,105,0,0,0
0,9749,"New Life B12 Methyl Plus Dil Altı  30 Tablet",Provitanya,https://sportoonline.com/tr/urun/new-life-b12-methyl-plus-dil-alti-30-tablet,ince_aciklama,121,0,0,0
0,9750,"New Life Bergacol  60 Tablet",Provitanya,https://sportoonline.com/tr/urun/new-life-bergacol-60-tablet,ince_aciklama,105,0,0,0
0,9751,"New Life C-1000 Plus C Vitamini  30 Tablet",Provitanya,https://sportoonline.com/tr/urun/new-life-c-1000-plus-c-vitamini-30-tablet,ince_aciklama,119,0,0,0
0,9752,"New Life EFA Daily Balık Yağı  60 Kapsül",Provitanya,https://sportoonline.com/tr/urun/new-life-efa-daily-balik-yagi-60-kapsul,ince_aciklama,117,0,0,0
0,9753,"New Life EFA Daily Balık Yağı  30 Kapsül",Provitanya,https://sportoonline.com/tr/urun/new-life-efa-daily-balik-yagi-30-kapsul,ince_aciklama,117,0,0,0
0,9754,"New Life EFA One Balık Yağı  45 Kapsül",Provitanya,https://sportoonline.com/tr/urun/new-life-efa-one-balik-yagi-45-kapsul,ince_aciklama,115,0,0,0
0,9755,"New Life EFA S-1200 mg  45 Kapsül",Provitanya,https://sportoonline.com/tr/urun/new-life-efa-s-1200-mg-45-kapsul,ince_aciklama,110,0,0,0
0,9756,"New Life Folifor Duo Vitamin D3 & Quatrefolic  30 Tablet",Provitanya,https://sportoonline.com/tr/urun/new-life-folifor-duo-vitamin-d3-quatrefolic-30-tablet,ince_aciklama,133,0,0,0
0,9757,"New Life GinVit-Lc Multivitamin  30 Tablet",Provitanya,https://sportoonline.com/tr/urun/new-life-ginvit-lc-multivitamin-30-tablet,ince_aciklama,119,0,0,0
0,9758,"New Life Mag4 Day Night  60 Tablet",Provitanya,https://sportoonline.com/tr/urun/new-life-mag4-day-night-60-tablet,ince_aciklama,111,0,0,0
0,9759,"New Life Mena K2+D3 Vitamin  30 Kapsül",Provitanya,https://sportoonline.com/tr/urun/new-life-mena-k2-d3-vitamin-30-kapsul,ince_aciklama,115,0,0,0
0,9760,"New Life Minerlyte Magnezyum  12 Şase",Provitanya,https://sportoonline.com/tr/urun/new-life-minerlyte-magnezyum-12-sase,ince_aciklama,114,0,0,0
0,9761,"Nivea Black White Invisible Kadın Roll On  50 ml",Provitanya,https://sportoonline.com/tr/urun/nivea-black-white-invisible-kadin-roll-on-50-ml,ince_aciklama,125,0,0,0
0,9762,"Nivea Derma Control Defend Kadın Deodorant  150 ml",Provitanya,https://sportoonline.com/tr/urun/nivea-derma-control-defend-kadin-deodorant-150-ml,ince_aciklama,127,0,0,0
0,9763,"Nivea Dudak Bakım Kremi Böğürtlen  4,8 gr",Provitanya,https://sportoonline.com/tr/urun/nivea-dudak-bakim-kremi-bogurtlen-4-8-gr,ince_aciklama,118,0,0,0
0,9764,"Nivea Dudak Bakım Kremi Kiraz  4,8 gr",Provitanya,https://sportoonline.com/tr/urun/nivea-dudak-bakim-kremi-kiraz-4-8-gr,ince_aciklama,114,0,0,0
0,9765,"Nivea Fresh Natural Kadın Roll On  50 ml",Provitanya,https://sportoonline.com/tr/urun/nivea-fresh-natural-kadin-roll-on-50-ml,ince_aciklama,117,0,0,0
0,9766,"Nivea Fresh Sensation Kadın Deodorant  150 ml",Provitanya,https://sportoonline.com/tr/urun/nivea-fresh-sensation-kadin-deodorant-150-ml,ince_aciklama,122,0,0,0
0,9767,"Nivea Hydro Care SPF 15+ Dudak Kremi  4,8 gr",Provitanya,https://sportoonline.com/tr/urun/nivea-hydro-care-spf-15-dudak-kremi-4-8-gr,ince_aciklama,121,0,0,0
0,9768,"Nivea Invisible Clear Black and White Terleme Karşıtı Deodorant  150 ml",Provitanya,https://sportoonline.com/tr/urun/nivea-invisible-clear-black-and-white-terleme-karsiti-deodorant-150-ml,ince_aciklama,148,0,0,0
0,9769,"Nivea Men Black White Invisible Güçlü Etki Roll On  50 ml",Provitanya,https://sportoonline.com/tr/urun/nivea-men-black-white-invisible-guclu-etki-roll-on-50-ml,ince_aciklama,134,0,0,0
0,9770,"Nivea Men Black White Invisible Original Roll On  25 ml",Provitanya,https://sportoonline.com/tr/urun/nivea-men-black-white-invisible-original-roll-on-25-ml,ince_aciklama,132,0,0,0
0,9771,"Nivea Men Deep Darkwood Roll On  50 ml",Provitanya,https://sportoonline.com/tr/urun/nivea-men-deep-darkwood-roll-on-50-ml,ince_aciklama,115,0,0,0
0,9772,"Nivea Men Deep Dimension Deodorant  150 ml",Provitanya,https://sportoonline.com/tr/urun/nivea-men-deep-dimension-deodorant-150-ml,ince_aciklama,119,0,0,0
0,9773,"Nivea Men Derma Control Clinical Deodorant  150 ml",Provitanya,https://sportoonline.com/tr/urun/nivea-men-derma-control-clinical-deodorant-150-ml,ince_aciklama,127,0,0,0
0,9774,"Nivea Men Dry Fresh Roll On  50 ml",Provitanya,https://sportoonline.com/tr/urun/nivea-men-dry-fresh-roll-on-50-ml,ince_aciklama,111,0,0,0
0,9775,"Nivea Men Fresh Active Deodorant  150 ml",Provitanya,https://sportoonline.com/tr/urun/nivea-men-fresh-active-deodorant-150-ml,ince_aciklama,117,0,0,0
0,9776,"Nivea Men Fresh Power Deodorant  150 ml",Provitanya,https://sportoonline.com/tr/urun/nivea-men-fresh-power-deodorant-150-ml,ince_aciklama,116,0,0,0
0,9777,"Nivea Men Fresh Sensation Roll On  50 ml",Provitanya,https://sportoonline.com/tr/urun/nivea-men-fresh-sensation-roll-on-50-ml,ince_aciklama,117,0,0,0
0,9778,"Nivea Men Sport Duş Jeli Vücut Yüz Saç  250 ml",Provitanya,https://sportoonline.com/tr/urun/nivea-men-sport-dus-jeli-vucut-yuz-sac-250-ml,ince_aciklama,123,0,0,0
0,9779,"Nivea Men Sprey Deodorant Black White Invisible Original  150 ml",Provitanya,https://sportoonline.com/tr/urun/nivea-men-sprey-deodorant-black-white-invisible-original-150-ml,ince_aciklama,141,0,0,0
0,9780,"Nivea Original Care Dudak Bakım Kremi  4,8 gr",Provitanya,https://sportoonline.com/tr/urun/nivea-original-care-dudak-bakim-kremi-4-8-gr,ince_aciklama,122,0,0,0
0,9783,"Nutraxin Artroflex HYA-C-II 90Tablet + Extra Gel Hediye!",Provitanya,https://sportoonline.com/tr/urun/nutraxin-artroflex-hya-c-ii-90tablet-extra-gel-hediye,ince_aciklama,135,0,0,0
0,9784,"Nutraxin Beauty Collagen Compleks  330 gr",Provitanya,https://sportoonline.com/tr/urun/nutraxin-beauty-collagen-compleks-330-gr,ince_aciklama,118,0,0,0
0,9785,"Nutraxin Magnesium Daily Energy  60 Tablet",Provitanya,https://sportoonline.com/tr/urun/nutraxin-magnesium-daily-energy-60-tablet,ince_aciklama,119,0,0,0
0,9786,"Nutraxin Multivitamin Mineral Immune  60 Tablet",Provitanya,https://sportoonline.com/tr/urun/nutraxin-multivitamin-mineral-immune-60-tablet,ince_aciklama,124,0,0,0
0,9787,"Nutraxin Sitikolin 300 mg  30 Kapsül",Provitanya,https://sportoonline.com/tr/urun/nutraxin-sitikolin-300-mg-30-kapsul,ince_aciklama,113,0,0,0
0,9788,"Nutraxin Vitamin B12 1000 mcg Sprey  15 ml",Provitanya,https://sportoonline.com/tr/urun/nutraxin-vitamin-b12-1000-mcg-sprey-15-ml,ince_aciklama,119,0,0,0
0,9789,"Nutrend %100 Whey Protein Kurabiye 2250 Gr",Provitanya,https://sportoonline.com/tr/urun/nutrend-100-whey-protein-kurabiye-2250-gr,ince_aciklama,119,0,0,0
0,9791,"Nutrend Compress BCAA 4:1:1 Portakal 500 gr",Provitanya,https://sportoonline.com/tr/urun/nutrend-compress-bcaa-4-1-1-portakal-500-gr,ince_aciklama,120,0,0,0
0,9793,"Nutrever Creatine Micronized  500 gr",Provitanya,https://sportoonline.com/tr/urun/nutrever-creatine-micronized-500-gr,ince_aciklama,113,0,0,0
0,9794,"Nutrever L-Carnitine 3000 Liquid Şeftali 20 Ampul",Provitanya,https://sportoonline.com/tr/urun/nutrever-l-carnitine-3000-liquid-seftali-20-ampul,ince_aciklama,126,0,0,0
0,9797,"Nutrivita Calcium+Vit.D3  120 Tablet",Provitanya,https://sportoonline.com/tr/urun/nutrivita-calcium-vit-d3-120-tablet,ince_aciklama,113,0,0,0
0,9798,"Nutrivita Ginkgo Biloba 240 mg  150 Tablet",Provitanya,https://sportoonline.com/tr/urun/nutrivita-ginkgo-biloba-240-mg-150-tablet,ince_aciklama,119,0,0,0
0,9799,"Nutrivita Kalium+Magnesium  60 Tablet",Provitanya,https://sportoonline.com/tr/urun/nutrivita-kalium-magnesium-60-tablet,ince_aciklama,114,0,0,0
0,9800,"Nutrivita Lipozomal Magnezyum +B6  30 Kapsül",Provitanya,https://sportoonline.com/tr/urun/nutrivita-lipozomal-magnezyum-b6-30-kapsul,ince_aciklama,121,0,0,0
0,9802,"Nutrivita Multivitamin Men  90 Tablet",Provitanya,https://sportoonline.com/tr/urun/nutrivita-multivitamin-men-90-tablet,ince_aciklama,114,0,0,0
0,9803,"Nutrivita Multivitamin Mineral  90 Tablet",Provitanya,https://sportoonline.com/tr/urun/nutrivita-multivitamin-mineral-90-tablet,ince_aciklama,118,0,0,0
0,9804,"Nutrivita Multivitamin Women  90 Tablet",Provitanya,https://sportoonline.com/tr/urun/nutrivita-multivitamin-women-90-tablet,ince_aciklama,116,0,0,0
0,9808,"O.B Tampon Mini 16'lı",Provitanya,https://sportoonline.com/tr/urun/o-b-tampon-mini-16-li,ince_aciklama,100,0,0,0
0,9809,"O.B Tampon Normal 16'lı",Provitanya,https://sportoonline.com/tr/urun/o-b-tampon-normal-16-li,ince_aciklama,102,0,0,0
0,9810,"O.B Tampon Süper 16'lı",Provitanya,https://sportoonline.com/tr/urun/o-b-tampon-super-16-li,ince_aciklama,101,0,0,0
0,9811,"Ocean B Complex  60 Kapsül",Provitanya,https://sportoonline.com/tr/urun/ocean-b-complex-60-kapsul,ince_aciklama,103,0,0,0
0,9812,"Ocean Bromelain Complex  60 Kapsül",Provitanya,https://sportoonline.com/tr/urun/ocean-bromelain-complex-60-kapsul,ince_aciklama,111,0,0,0
0,9815,"Ocean Mummy Multivitamin  30 Kapsül",Provitanya,https://sportoonline.com/tr/urun/ocean-mummy-multivitamin-30-kapsul,ince_aciklama,112,0,0,0
0,9816,"Ocean Omega 3 Balık Yağı 500 mg  60 Kapsül",Provitanya,https://sportoonline.com/tr/urun/ocean-omega-3-balik-yagi-500-mg-60-kapsul,ince_aciklama,119,0,0,0
0,9818,"Ocean Plus Omega 3 1200 mg  30 Kapsül",Provitanya,https://sportoonline.com/tr/urun/ocean-plus-omega-3-1200-mg-30-kapsul,ince_aciklama,114,0,0,0
0,9819,"Ocean Ultimate 1200 Mg Balık Yağı  30 Kapsül",Provitanya,https://sportoonline.com/tr/urun/ocean-ultimate-1200-mg-balik-yagi-30-kapsul,ince_aciklama,121,0,0,0
0,9820,"Old Spice Bearglove Erkek Deodorant Stick  50 ml",Provitanya,https://sportoonline.com/tr/urun/old-spice-bearglove-erkek-deodorant-stick-50-ml,ince_aciklama,125,0,0,0
0,9821,"Old Spice Night Panther Erkek Deodorant Stick  50 ml",Provitanya,https://sportoonline.com/tr/urun/old-spice-night-panther-erkek-deodorant-stick-50-ml,ince_aciklama,129,0,0,0
0,9822,"Old Spice Sprey Deodorant Whitewater  150 ml",Provitanya,https://sportoonline.com/tr/urun/old-spice-sprey-deodorant-whitewater-150-ml,ince_aciklama,121,0,0,0
0,9823,"Olimp Rocky Athlete Creatine Monohydrate Powder Citrus Lemonade 200 gr",Provitanya,https://sportoonline.com/tr/urun/olimp-rocky-athlete-creatine-monohydrate-powder-citrus-lemonade-200-gr,ince_aciklama,147,0,0,0
0,9825,"OnTheGo Magnesium Nighttime Formula  60 Kapsül",Provitanya,https://sportoonline.com/tr/urun/onthego-magnesium-nighttime-formula-60-kapsul,ince_aciklama,123,0,0,0
0,9826,"ONTHEGO Whey+Plus 756 g Çikolata",Provitanya,https://sportoonline.com/tr/urun/onthego-whey-plus-756-g-cikolata,ince_aciklama,110,0,0,0
0,9827,"Optimum Gold Standard Plant Protein Çikolata 684 Gr",Provitanya,https://sportoonline.com/tr/urun/optimum-gold-standard-plant-protein-cikolata-684-gr,ince_aciklama,128,0,0,0
0,9829,"Oral-B Essential Floss Mumsuz Diş İpi 50m",Provitanya,https://sportoonline.com/tr/urun/oral-b-essential-floss-mumsuz-dis-ipi-50m,ince_aciklama,120,0,0,0
0,9830,"Oral-B Gentle Care Hassas Diş Fırçası",Provitanya,https://sportoonline.com/tr/urun/oral-b-gentle-care-hassas-dis-fircasi,ince_aciklama,116,0,0,0
0,9831,"Orkid Hijyenik Ped Ultra Extra Gece 6'lı",Provitanya,https://sportoonline.com/tr/urun/orkid-hijyenik-ped-ultra-extra-gece-6-li,ince_aciklama,119,0,0,0
0,9832,"Orkid Hijyenik Ped Ultra Extra Normal 8'li",Provitanya,https://sportoonline.com/tr/urun/orkid-hijyenik-ped-ultra-extra-normal-8-li,ince_aciklama,121,0,0,0
0,9833,"Orkid Hijyenik Ped Ultra Extra Uzun 7'li",Provitanya,https://sportoonline.com/tr/urun/orkid-hijyenik-ped-ultra-extra-uzun-7-li,ince_aciklama,119,0,0,0
0,9834,"Orkid Hijyenik Ped Ultra Gece Gündüz 6'lı",Provitanya,https://sportoonline.com/tr/urun/orkid-hijyenik-ped-ultra-gece-gunduz-6-li,ince_aciklama,120,0,0,0
0,9835,"Poblex Burun Mandalı",Provitanya,https://sportoonline.com/tr/urun/poblex-burun-mandali,ince_aciklama,99,0,0,0
0,9836,"Poblex Çam Tipi Kulak Tıkacı L",Provitanya,https://sportoonline.com/tr/urun/poblex-cam-tipi-kulak-tikaci-l,ince_aciklama,109,0,0,0
0,9837,"Poblex Çam Tipi Kulak Tıkacı M",Provitanya,https://sportoonline.com/tr/urun/poblex-cam-tipi-kulak-tikaci-m,ince_aciklama,109,0,0,0
0,9838,"Poblex Çam Tipi Kulak Tıkacı Plus L",Provitanya,https://sportoonline.com/tr/urun/poblex-cam-tipi-kulak-tikaci-plus-l,ince_aciklama,114,0,0,0
0,9839,"Poblex Çam Tipi Kulak Tıkacı Plus M",Provitanya,https://sportoonline.com/tr/urun/poblex-cam-tipi-kulak-tikaci-plus-m,ince_aciklama,114,0,0,0
0,9840,"Poblex Çam Tipi Kulak Tıkacı Plus S",Provitanya,https://sportoonline.com/tr/urun/poblex-cam-tipi-kulak-tikaci-plus-s,ince_aciklama,114,0,0,0
0,9841,"Poblex Çam Tipi Kulak Tıkacı S",Provitanya,https://sportoonline.com/tr/urun/poblex-cam-tipi-kulak-tikaci-s,ince_aciklama,109,0,0,0
0,9842,"Poblex Çocuk Kulak Tıkacı Silikon 2'li",Provitanya,https://sportoonline.com/tr/urun/poblex-cocuk-kulak-tikaci-silikon-2-li,ince_aciklama,117,0,0,0
0,9843,"Poblex İpli Köpük Kulak Tıkacı",Provitanya,https://sportoonline.com/tr/urun/poblex-ipli-kopuk-kulak-tikaci,ince_aciklama,109,0,0,0
0,9844,"Poblex Köpük Kulak Tıkacı",Provitanya,https://sportoonline.com/tr/urun/poblex-kopuk-kulak-tikaci,ince_aciklama,104,0,0,0
0,9845,"Poblex Kulak Tıkacı Çam Tipi Çocuk",Provitanya,https://sportoonline.com/tr/urun/poblex-kulak-tikaci-cam-tipi-cocuk,ince_aciklama,113,0,0,0
0,9846,"Poblex Naturel Balmumu Kulak Tıkacı 1 Çift (2 ADET) Kutulu",Provitanya,https://sportoonline.com/tr/urun/poblex-naturel-balmumu-kulak-tikaci-1-cift-2-adet-kutulu,ince_aciklama,137,0,0,0
0,9847,"Poblex Silikon Kulak Tıkacı 2'li",Provitanya,https://sportoonline.com/tr/urun/poblex-silikon-kulak-tikaci-2-li,ince_aciklama,111,0,0,0
0,9848,"Poblex Su Deniz Havuz Duş Tıkacı",Provitanya,https://sportoonline.com/tr/urun/poblex-su-deniz-havuz-dus-tikaci,ince_aciklama,111,0,0,0
0,9849,"Poblex Uçak Ve Seyahat Tıkacı",Provitanya,https://sportoonline.com/tr/urun/poblex-ucak-ve-seyahat-tikaci,ince_aciklama,108,0,0,0
0,9850,"Poblex Uyku Kulak Tıkacı L",Provitanya,https://sportoonline.com/tr/urun/poblex-uyku-kulak-tikaci-l,ince_aciklama,105,0,0,0
0,9851,"Poblex Uyku Kulak Tıkacı M",Provitanya,https://sportoonline.com/tr/urun/poblex-uyku-kulak-tikaci-m,ince_aciklama,105,0,0,0
0,9852,"Poblex Uyku Kulak Tıkacı S",Provitanya,https://sportoonline.com/tr/urun/poblex-uyku-kulak-tikaci-s,ince_aciklama,105,0,0,0
0,9853,"Poblex Vazelinli Kulak Tıkacı 2'li",Provitanya,https://sportoonline.com/tr/urun/poblex-vazelinli-kulak-tikaci-2-li,ince_aciklama,113,0,0,0
0,9855,"Proling Geciktrici Krem  56 gr",Provitanya,https://sportoonline.com/tr/urun/proling-geciktrici-krem-56-gr,ince_aciklama,107,0,0,0
0,9856,"Proling Geciktrici Sprey  59 ml",Provitanya,https://sportoonline.com/tr/urun/proling-geciktrici-sprey-59-ml,ince_aciklama,108,0,0,0
0,9861,"Protein Ocean EAA Yeşil Elma 120 Gr",Provitanya,https://sportoonline.com/tr/urun/protein-ocean-eaa-yesil-elma-120-gr,ince_aciklama,112,0,0,0
0,9863,"Protein Ocean Fıstık Ezmesi  650 Gr",Provitanya,https://sportoonline.com/tr/urun/protein-ocean-fistik-ezmesi-650-gr,ince_aciklama,112,0,0,0
0,9864,"Protein Ocean Focus Formula  50 Kapsül",Provitanya,https://sportoonline.com/tr/urun/protein-ocean-focus-formula-50-kapsul,ince_aciklama,115,0,0,0
0,9865,"Protein Ocean Hydroprime  300 gr",Provitanya,https://sportoonline.com/tr/urun/protein-ocean-hydroprime-300-gr,ince_aciklama,109,0,0,0
0,9866,"Protein Ocean Kajun Baharatı  150 Gr",Provitanya,https://sportoonline.com/tr/urun/protein-ocean-kajun-baharati-150-gr,ince_aciklama,113,0,0,0
0,9868,"Protein Ocean LVR  40 Tablet",Provitanya,https://sportoonline.com/tr/urun/protein-ocean-lvr-40-tablet,ince_aciklama,105,0,0,0
0,9869,"Protein Ocean Maca Root Powder  120 gr",Provitanya,https://sportoonline.com/tr/urun/protein-ocean-maca-root-powder-120-gr,ince_aciklama,115,0,0,0
0,9871,"Protein Ocean MCT Oil  150 gr",Provitanya,https://sportoonline.com/tr/urun/protein-ocean-mct-oil-150-gr,ince_aciklama,106,0,0,0
0,9873,"Protein Ocean Pre-Workout Supreme Karma Kutu  8 Adet",Provitanya,https://sportoonline.com/tr/urun/protein-ocean-pre-workout-supreme-karma-kutu-8-adet,ince_aciklama,129,0,0,0
0,9876,"Protein Ocean Sarımsak Tozu  150 Gr",Provitanya,https://sportoonline.com/tr/urun/protein-ocean-sarimsak-tozu-150-gr,ince_aciklama,112,0,0,0
0,9877,"Protein Ocean Sweet Chili  250 gr",Provitanya,https://sportoonline.com/tr/urun/protein-ocean-sweet-chili-250-gr,ince_aciklama,110,0,0,0
0,9878,"Protein Ocean Tavuk Baharatı  150 Gr",Provitanya,https://sportoonline.com/tr/urun/protein-ocean-tavuk-baharati-150-gr,ince_aciklama,113,0,0,0
0,9879,"Protein Ocean Whey Isolate Protein Bisküvi 1600 gr",Provitanya,https://sportoonline.com/tr/urun/protein-ocean-whey-isolate-protein-biskuvi-1600-gr,ince_aciklama,127,0,0,0
0,9884,"Protein Ocn Aquaman Hydroprime Limited Edition Ghost 400 gr",Provitanya,https://sportoonline.com/tr/urun/protein-ocn-aquaman-hydroprime-limited-edition-ghost-400-gr,ince_aciklama,136,0,0,0
0,9885,"Protein Ocn BBQ Sos  260 gr",Provitanya,https://sportoonline.com/tr/urun/protein-ocn-bbq-sos-260-gr,ince_aciklama,104,0,0,0
0,9886,"Protein Ocn Betain HCL +Pepsin  60 Tablet",Provitanya,https://sportoonline.com/tr/urun/protein-ocn-betain-hcl-pepsin-60-tablet,ince_aciklama,118,0,0,0
0,9887,"Protein Ocn Citicoline  45 Kapsül",Provitanya,https://sportoonline.com/tr/urun/protein-ocn-citicoline-45-kapsul,ince_aciklama,110,0,0,0
0,9889,"Protein Ocn Cream of Rice Karma Kutu 50 g x  9 Adet",Provitanya,https://sportoonline.com/tr/urun/protein-ocn-cream-of-rice-karma-kutu-50-g-x-9-adet,ince_aciklama,128,0,0,0
0,9890,"Protein Ocn Creatine  1000 gr",Provitanya,https://sportoonline.com/tr/urun/protein-ocn-creatine-1000-gr,ince_aciklama,106,0,0,0
0,9891,"Protein Ocn Creatine Daily Fruit Fusion 250 gr",Provitanya,https://sportoonline.com/tr/urun/protein-ocn-creatine-daily-fruit-fusion-250-gr,ince_aciklama,123,0,0,0
0,9894,"Protein Ocn Glycine  300 gr",Provitanya,https://sportoonline.com/tr/urun/protein-ocn-glycine-300-gr,ince_aciklama,104,0,0,0
0,9895,"Protein Ocn Green Detox  30 Tablet",Provitanya,https://sportoonline.com/tr/urun/protein-ocn-green-detox-30-tablet,ince_aciklama,111,0,0,0
0,9897,"Protein Ocn Himalaya Tuzu  150 gr",Provitanya,https://sportoonline.com/tr/urun/protein-ocn-himalaya-tuzu-150-gr,ince_aciklama,110,0,0,0
0,9898,"Protein Ocn Hydration Mediterranean Sunset 180 Gr",Provitanya,https://sportoonline.com/tr/urun/protein-ocn-hydration-mediterranean-sunset-180-gr,ince_aciklama,126,0,0,0
0,9899,"Protein Ocn L-Carnitine Shot 2000 mg 60 ml Portakal 12 Adet",Provitanya,https://sportoonline.com/tr/urun/protein-ocn-l-carnitine-shot-2000-mg-60-ml-portakal-12-adet,ince_aciklama,136,0,0,0
0,9900,"Protein Ocn Lion's Mane  45 Kapsül",Provitanya,https://sportoonline.com/tr/urun/protein-ocn-lion-s-mane-45-kapsul,ince_aciklama,111,0,0,0
0,9901,"Protein Ocn Magnesium Complex  40 Tablet",Provitanya,https://sportoonline.com/tr/urun/protein-ocn-magnesium-complex-40-tablet,ince_aciklama,117,0,0,0
0,9902,"Protein Ocn Magnesium L-Threonate  60 Kapsül",Provitanya,https://sportoonline.com/tr/urun/protein-ocn-magnesium-l-threonate-60-kapsul,ince_aciklama,121,0,0,0
0,9903,"Protein Ocn Maltodextrin 2500 g",Provitanya,https://sportoonline.com/tr/urun/protein-ocn-maltodextrin-2500-g,ince_aciklama,110,0,0,0
0,9905,"Protein Ocn Protein Bar Birthday Cake 12 Adet",Provitanya,https://sportoonline.com/tr/urun/protein-ocn-protein-bar-birthday-cake-12-adet,ince_aciklama,122,0,0,0
0,9907,"Protein Ocn Protein Meal Crunchy Caramel 600 gr",Provitanya,https://sportoonline.com/tr/urun/protein-ocn-protein-meal-crunchy-caramel-600-gr,ince_aciklama,124,0,0,0
0,9908,"Protein Ocn Psyllium Husk  180 gr",Provitanya,https://sportoonline.com/tr/urun/protein-ocn-psyllium-husk-180-gr,ince_aciklama,110,0,0,0
0,9909,"Protein Ocn Spiriluna Powder  300 Gr",Provitanya,https://sportoonline.com/tr/urun/protein-ocn-spiriluna-powder-300-gr,ince_aciklama,113,0,0,0
0,9910,"Protein Ocn Sprey Zeytinyağı  150 ml",Provitanya,https://sportoonline.com/tr/urun/protein-ocn-sprey-zeytinyagi-150-ml,ince_aciklama,113,0,0,0
0,9912,"Protein Ocn Ultra Focus Şeftali 120 gr",Provitanya,https://sportoonline.com/tr/urun/protein-ocn-ultra-focus-seftali-120-gr,ince_aciklama,115,0,0,0
0,9913,"Protein Ocn Vitamin D3K2 Sprey  25 ml",Provitanya,https://sportoonline.com/tr/urun/protein-ocn-vitamin-d3k2-sprey-25-ml,ince_aciklama,114,0,0,0
0,9914,"Provitanya Toz Saklama Hunisi Şeffaf Turuncu",Provitanya,https://sportoonline.com/tr/urun/provitanya-toz-saklama-hunisi-seffaf-turuncu,ince_aciklama,123,0,0,0
0,9916,"QNT Protein Wafer Protein Bar 35 gr Belçika Çikolatası 1 Adet",Provitanya,https://sportoonline.com/tr/urun/qnt-protein-wafer-protein-bar-35-gr-belcika-cikolatasi-1-adet,ince_aciklama,138,0,0,0
0,9917,"Qoox After Sun Aloe Vera Jel  200 ml",Provitanya,https://sportoonline.com/tr/urun/qoox-after-sun-aloe-vera-jel-200-ml,ince_aciklama,113,0,0,0
0,9918,"Qoox After Sun Güneş Sonrası  200 ml",Provitanya,https://sportoonline.com/tr/urun/qoox-after-sun-gunes-sonrasi-200-ml,ince_aciklama,113,0,0,0
0,9919,"Qoox Güneş Sütü Losyon Çocuk Spf 50  200 ml",Provitanya,https://sportoonline.com/tr/urun/qoox-gunes-sutu-losyon-cocuk-spf-50-200-ml,ince_aciklama,120,0,0,0
0,9920,"Qoox Güneş Sütü Losyon Spf 20  200 ml",Provitanya,https://sportoonline.com/tr/urun/qoox-gunes-sutu-losyon-spf-20-200-ml,ince_aciklama,114,0,0,0
0,9921,"Qoox Güneş Sütü Losyon Spf 30  200 ml",Provitanya,https://sportoonline.com/tr/urun/qoox-gunes-sutu-losyon-spf-30-200-ml,ince_aciklama,114,0,0,0
0,9922,"Qoox Güneş Sütü Losyon Spf 50  200 ml",Provitanya,https://sportoonline.com/tr/urun/qoox-gunes-sutu-losyon-spf-50-200-ml,ince_aciklama,114,0,0,0
0,9923,"Qoox Havuç Yağlı Güneş Yağı  200 ml",Provitanya,https://sportoonline.com/tr/urun/qoox-havuc-yagli-gunes-yagi-200-ml,ince_aciklama,112,0,0,0
0,9924,"Qoox Kaako Yağlı Güneş Yağı  200 ml",Provitanya,https://sportoonline.com/tr/urun/qoox-kaako-yagli-gunes-yagi-200-ml,ince_aciklama,112,0,0,0
0,9925,"Qoox Kaako Yağlı Güneş Yağı Spf 10  200 ml",Provitanya,https://sportoonline.com/tr/urun/qoox-kaako-yagli-gunes-yagi-spf-10-200-ml,ince_aciklama,119,0,0,0
0,9926,"Qoox Kaako Yağlı Güneş Yağı Spf 15  200 ml",Provitanya,https://sportoonline.com/tr/urun/qoox-kaako-yagli-gunes-yagi-spf-15-200-ml,ince_aciklama,119,0,0,0
0,9927,"Qoox Kaako Yağlı Güneş Yağı Spf 30  200 ml",Provitanya,https://sportoonline.com/tr/urun/qoox-kaako-yagli-gunes-yagi-spf-30-200-ml,ince_aciklama,119,0,0,0
0,9928,"Relentless Lifting Straps",Provitanya,https://sportoonline.com/tr/urun/relentless-lifting-straps,ince_aciklama,104,0,0,0
0,9929,"Rexona Clinical Protection Antiperspirant Kadın Sprey Deodorant  150 ml",Provitanya,https://sportoonline.com/tr/urun/rexona-clinical-protection-antiperspirant-kadin-sprey-deodorant-150-ml,ince_aciklama,148,0,0,0
0,9930,"Rexona Clinical Protection Kadın Stick Deodorant Confidence  45 ml",Provitanya,https://sportoonline.com/tr/urun/rexona-clinical-protection-kadin-stick-deodorant-confidence-45-ml,ince_aciklama,143,0,0,0
0,9932,"Rexona Men Clinical Protection Antiperspirant Stick Deodorant  45 ml",Provitanya,https://sportoonline.com/tr/urun/rexona-men-clinical-protection-antiperspirant-stick-deodorant-45-ml,ince_aciklama,145,0,0,0
0,9939,"Roll Elast Tıbbi Elastik Bandaj 10 cm x 3.5 m",Provitanya,https://sportoonline.com/tr/urun/roll-elast-tibbi-elastik-bandaj-10-cm-x-3-5-m,ince_aciklama,124,0,0,0
0,9940,"Roll Elast Tıbbi Elastik Bandaj 8 cm x 3.5 m",Provitanya,https://sportoonline.com/tr/urun/roll-elast-tibbi-elastik-bandaj-8-cm-x-3-5-m,ince_aciklama,123,0,0,0
0,9943,"Roll Kohezif Bandaj Kendıne Yapışan 5 cm x 4.5 m",Provitanya,https://sportoonline.com/tr/urun/roll-kohezif-bandaj-kendine-yapisan-5-cm-x-4-5-m,ince_aciklama,127,0,0,0
0,9944,"Roll Kohezif Bandaj Kendıne Yapışan 7,6 cm x 4.5 m",Provitanya,https://sportoonline.com/tr/urun/roll-kohezif-bandaj-kendine-yapisan-7-6-cm-x-4-5-m,ince_aciklama,129,0,0,0
0,9945,"Roll Termojel Sıcak Soğuk Kompres 11 cm x 11 cm",Provitanya,https://sportoonline.com/tr/urun/roll-termojel-sicak-soguk-kompres-11-cm-x-11-cm,ince_aciklama,126,0,0,0
0,9946,"Roll Termojel Sıcak Soğuk Kompres 13 cm x 28 cm",Provitanya,https://sportoonline.com/tr/urun/roll-termojel-sicak-soguk-kompres-13-cm-x-28-cm,ince_aciklama,126,0,0,0
0,9947,"Roll Termojel Sıcak Soğuk Kompres 14 cm x 33 cm",Provitanya,https://sportoonline.com/tr/urun/roll-termojel-sicak-soguk-kompres-14-cm-x-33-cm,ince_aciklama,126,0,0,0
0,9948,"Ronassi Aloevera'lı Lip Ruj  1 Adet",Provitanya,https://sportoonline.com/tr/urun/ronassi-aloevera-li-lip-ruj-1-adet,ince_aciklama,112,0,0,0
0,9949,"Ruba Cannabis Forte %30 Masaj Krem  100 Ml",Provitanya,https://sportoonline.com/tr/urun/ruba-cannabis-forte-30-masaj-krem-100-ml,ince_aciklama,119,0,0,0
0,9950,"Ruba Cannabis Forte Masaj Krem  100 Ml",Provitanya,https://sportoonline.com/tr/urun/ruba-cannabis-forte-masaj-krem-100-ml,ince_aciklama,115,0,0,0
0,9951,"Rubalex At Kestanesi Masaj Krem  100 Ml",Provitanya,https://sportoonline.com/tr/urun/rubalex-at-kestanesi-masaj-krem-100-ml,ince_aciklama,116,0,0,0
0,9952,"RubaXX Cannabis Oil  50 Ml",Provitanya,https://sportoonline.com/tr/urun/rubaxx-cannabis-oil-50-ml,ince_aciklama,103,0,0,0
0,9953,"S4U Strake Series Arginine 300 g",Provitanya,https://sportoonline.com/tr/urun/s4u-strake-series-arginine-300-g,ince_aciklama,111,0,0,0
0,9954,"S4U Strake Series Creatine + Glutamine 300 g",Provitanya,https://sportoonline.com/tr/urun/s4u-strake-series-creatine-glutamine-300-g,ince_aciklama,123,0,0,0
0,9955,"S4U Strake Series Creatine 300 g",Provitanya,https://sportoonline.com/tr/urun/s4u-strake-series-creatine-300-g,ince_aciklama,111,0,0,0
0,9956,"S4U Strake Series Glutamine 300 g",Provitanya,https://sportoonline.com/tr/urun/s4u-strake-series-glutamine-300-g,ince_aciklama,112,0,0,0
0,9957,"S4U Strake Series Taurine 300 g",Provitanya,https://sportoonline.com/tr/urun/s4u-strake-series-taurine-300-g,ince_aciklama,110,0,0,0
0,9958,"Saltrain Black White Diş Fırçası",Provitanya,https://sportoonline.com/tr/urun/saltrain-black-white-dis-fircasi,ince_aciklama,111,0,0,0
0,9959,"Saltrain Blue White Diş Fırçası",Provitanya,https://sportoonline.com/tr/urun/saltrain-blue-white-dis-fircasi,ince_aciklama,110,0,0,0
0,9960,"Saltrain Floride Diş Macunu 100 g",Provitanya,https://sportoonline.com/tr/urun/saltrain-floride-dis-macunu-100-g,ince_aciklama,112,0,0,0
0,9961,"Saltrain Floride Diş Macunu 30 g",Provitanya,https://sportoonline.com/tr/urun/saltrain-floride-dis-macunu-30-g,ince_aciklama,111,0,0,0
0,9962,"Saltrain Gray Salt Diş Macunu 100 g",Provitanya,https://sportoonline.com/tr/urun/saltrain-gray-salt-dis-macunu-100-g,ince_aciklama,114,0,0,0
0,9963,"Saltrain Gray Salt Diş Macunu 30 g",Provitanya,https://sportoonline.com/tr/urun/saltrain-gray-salt-dis-macunu-30-g,ince_aciklama,113,0,0,0
0,9964,"Saltrain Gray Salt Diş Macunu Seyahat Seti",Provitanya,https://sportoonline.com/tr/urun/saltrain-gray-salt-dis-macunu-seyahat-seti,ince_aciklama,121,0,0,0
0,9965,"Saltrain Green White Diş Fırçası",Provitanya,https://sportoonline.com/tr/urun/saltrain-green-white-dis-fircasi,ince_aciklama,111,0,0,0
0,9966,"Saltrain Pink White Diş Fırçası",Provitanya,https://sportoonline.com/tr/urun/saltrain-pink-white-dis-fircasi,ince_aciklama,110,0,0,0
0,9967,"Saltrain Red White Diş Fırçası",Provitanya,https://sportoonline.com/tr/urun/saltrain-red-white-dis-fircasi,ince_aciklama,109,0,0,0
0,9968,"Saltrain Rose Citron Diş Macunu 100 g",Provitanya,https://sportoonline.com/tr/urun/saltrain-rose-citron-dis-macunu-100-g,ince_aciklama,116,0,0,0
0,9969,"Saltrain Rose Citron Diş Macunu 30 g",Provitanya,https://sportoonline.com/tr/urun/saltrain-rose-citron-dis-macunu-30-g,ince_aciklama,115,0,0,0
0,9970,"Saltrain Sensitive Diş Macunu 100 g",Provitanya,https://sportoonline.com/tr/urun/saltrain-sensitive-dis-macunu-100-g,ince_aciklama,114,0,0,0
0,9971,"Saltrain Strong Mint Diş Macunu 100 g",Provitanya,https://sportoonline.com/tr/urun/saltrain-strong-mint-dis-macunu-100-g,ince_aciklama,116,0,0,0
0,9972,"Saltrain Strong Mint Diş Macunu 30 g",Provitanya,https://sportoonline.com/tr/urun/saltrain-strong-mint-dis-macunu-30-g,ince_aciklama,115,0,0,0
0,9973,"Saltrain Strong Mint Diş Macunu Seyahat Seti",Provitanya,https://sportoonline.com/tr/urun/saltrain-strong-mint-dis-macunu-seyahat-seti,ince_aciklama,123,0,0,0
0,9974,"Saltrain Tiger Leaf Diş Macunu 100 g",Provitanya,https://sportoonline.com/tr/urun/saltrain-tiger-leaf-dis-macunu-100-g,ince_aciklama,115,0,0,0
0,9975,"Saltrain Tiger Leaf Diş Macunu 30 g",Provitanya,https://sportoonline.com/tr/urun/saltrain-tiger-leaf-dis-macunu-30-g,ince_aciklama,114,0,0,0
0,9976,"Saltrain White Blue Diş Fırçası",Provitanya,https://sportoonline.com/tr/urun/saltrain-white-blue-dis-fircasi,ince_aciklama,110,0,0,0
0,9977,"Saltrain White Green Diş Fırçası",Provitanya,https://sportoonline.com/tr/urun/saltrain-white-green-dis-fircasi,ince_aciklama,111,0,0,0
0,9978,"Saltrain White Pink Diş Fırçası",Provitanya,https://sportoonline.com/tr/urun/saltrain-white-pink-dis-fircasi,ince_aciklama,110,0,0,0
0,9979,"Saltrain White Red Diş Fırçası",Provitanya,https://sportoonline.com/tr/urun/saltrain-white-red-dis-fircasi,ince_aciklama,109,0,0,0
0,9980,"Saltrain Whitening Diş Macunu 80 g",Provitanya,https://sportoonline.com/tr/urun/saltrain-whitening-dis-macunu-80-g,ince_aciklama,113,0,0,0
0,9981,"Sebamed Kepeğe Karşı Etkili Şampuan  200 ml",Provitanya,https://sportoonline.com/tr/urun/sebamed-kepege-karsi-etkili-sampuan-200-ml,ince_aciklama,120,0,0,0
0,9982,"Sebamed Kepeğe Karşı Etkili Şampuan  400 ml",Provitanya,https://sportoonline.com/tr/urun/sebamed-kepege-karsi-etkili-sampuan-400-ml,ince_aciklama,120,0,0,0
0,9983,"Sebamed Saç Dökülmesine Karşı Şampuan  400 ml",Provitanya,https://sportoonline.com/tr/urun/sebamed-sac-dokulmesine-karsi-sampuan-400-ml,ince_aciklama,122,0,0,0
0,9984,"Sebamed Sun Care Çok Yönlü Güneş Kremi SPF50  50 ml",Provitanya,https://sportoonline.com/tr/urun/sebamed-sun-care-cok-yonlu-gunes-kremi-spf50-50-ml,ince_aciklama,128,0,0,0
0,9985,"SiS GO Energy + Caffeine Gel 60 ML Double Expresso 30 Adet",Provitanya,https://sportoonline.com/tr/urun/sis-go-energy-caffeine-gel-60-ml-double-expresso-30-adet,ince_aciklama,135,0,0,0
0,9986,"SiS GO Energy + Caffeine Gel 60 ML Double Expresso 1 Adet",Provitanya,https://sportoonline.com/tr/urun/sis-go-energy-caffeine-gel-60-ml-double-expresso-1-adet,ince_aciklama,134,0,0,0
0,9989,"SiS GO Isotonic Energy Gel 60 ML Elma 30 Adet",Provitanya,https://sportoonline.com/tr/urun/sis-go-isotonic-energy-gel-60-ml-elma-30-adet,ince_aciklama,122,0,0,0
0,9990,"SiS GO Isotonic Energy Gel 60 ML Elma 1 Adet",Provitanya,https://sportoonline.com/tr/urun/sis-go-isotonic-energy-gel-60-ml-elma-1-adet,ince_aciklama,121,0,0,0
0,9993,"Softto Plus Yatıştırıcı Nemlendirici Aloe Vera Jel  250 Ml",Provitanya,https://sportoonline.com/tr/urun/softto-plus-yatistirici-nemlendirici-aloe-vera-jel-250-ml,ince_aciklama,135,0,0,0
0,9994,"Softto Plus Yatıştırıcı Nemlendirici Aloe Vera Lip Balm  1 Adet",Provitanya,https://sportoonline.com/tr/urun/softto-plus-yatistirici-nemlendirici-aloe-vera-lip-balm-1-adet,ince_aciklama,140,0,0,0
0,9995,"Solgar Amino 75  30 Kapsül",Provitanya,https://sportoonline.com/tr/urun/solgar-amino-75-30-kapsul,ince_aciklama,103,0,0,0
0,9996,"Solgar Bromelain 150 mg  60 Kapsül",Provitanya,https://sportoonline.com/tr/urun/solgar-bromelain-150-mg-60-kapsul,ince_aciklama,111,0,0,0
0,9997,"Solgar Calcium Oyster Shell 600 mg  60 Tablet",Provitanya,https://sportoonline.com/tr/urun/solgar-calcium-oyster-shell-600-mg-60-tablet,ince_aciklama,122,0,0,0
0,9998,"Solgar Coenzyme Q-10 100 mg  30 Kapsül",Provitanya,https://sportoonline.com/tr/urun/solgar-coenzyme-q-10-100-mg-30-kapsul,ince_aciklama,115,0,0,0
0,9999,"Solgar Ester-C Plus Vitamin 1000 mg  30 Tablet",Provitanya,https://sportoonline.com/tr/urun/solgar-ester-c-plus-vitamin-1000-mg-30-tablet,ince_aciklama,123,0,0,0
0,10000,"Solgar Folate 400 mg  50 Tablet",Provitanya,https://sportoonline.com/tr/urun/solgar-folate-400-mg-50-tablet,ince_aciklama,108,0,0,0
0,10001,"Solgar Green Tea  60 Kapsül",Provitanya,https://sportoonline.com/tr/urun/solgar-green-tea-60-kapsul,ince_aciklama,104,0,0,0
0,10002,"Solgar Magnesium Glycinate  60 Kapsül",Provitanya,https://sportoonline.com/tr/urun/solgar-magnesium-glycinate-60-kapsul,ince_aciklama,114,0,0,0
0,10003,"Solgar Quercetin Complex with Ester-C Plus  50 Tablet",Provitanya,https://sportoonline.com/tr/urun/solgar-quercetin-complex-with-ester-c-plus-50-tablet,ince_aciklama,130,0,0,0
0,10005,"Solgar Vitamin B2 (Riboflavin) 100 mg  100 Kapsül",Provitanya,https://sportoonline.com/tr/urun/solgar-vitamin-b2-riboflavin-100-mg-100-kapsul,ince_aciklama,126,0,0,0
0,10006,"Solingen Ayak Raspası 7393",Provitanya,https://sportoonline.com/tr/urun/solingen-ayak-raspasi-7393,ince_aciklama,105,0,0,0
0,10007,"Solingen Ayak Törpüsü 7159",Provitanya,https://sportoonline.com/tr/urun/solingen-ayak-torpusu-7159,ince_aciklama,105,0,0,0
0,10008,"Solingen Cımbız 514 Düz",Provitanya,https://sportoonline.com/tr/urun/solingen-cimbiz-514-duz,ince_aciklama,102,0,0,0
0,10009,"Solingen Cımbız 514 İnce",Provitanya,https://sportoonline.com/tr/urun/solingen-cimbiz-514-ince,ince_aciklama,103,0,0,0
0,10010,"Solingen Cımbız 514 Yan",Provitanya,https://sportoonline.com/tr/urun/solingen-cimbiz-514-yan,ince_aciklama,102,0,0,0
0,10011,"Solingen Et Pensi 7230N",Provitanya,https://sportoonline.com/tr/urun/solingen-et-pensi-7230n,ince_aciklama,102,0,0,0
0,10012,"Solingen Et ve Tırnak Makası 2021N",Provitanya,https://sportoonline.com/tr/urun/solingen-et-ve-tirnak-makasi-2021n,ince_aciklama,113,0,0,0
0,10013,"Solingen Makas 2022G",Provitanya,https://sportoonline.com/tr/urun/solingen-makas-2022g,ince_aciklama,99,0,0,0
0,10014,"Solingen Raspa Jileti 7494",Provitanya,https://sportoonline.com/tr/urun/solingen-raspa-jileti-7494,ince_aciklama,105,0,0,0
0,10015,"Solingen Tırnak Törpüsü TT5",Provitanya,https://sportoonline.com/tr/urun/solingen-tirnak-torpusu-tt5,ince_aciklama,106,0,0,0
0,10016,"Solingen Tırnak Törpüsü TT6",Provitanya,https://sportoonline.com/tr/urun/solingen-tirnak-torpusu-tt6,ince_aciklama,106,0,0,0
0,10017,"Sorvagen Smart Kids Sıvı Form Sitikolin  150 ml",Provitanya,https://sportoonline.com/tr/urun/sorvagen-smart-kids-sivi-form-sitikolin-150-ml,ince_aciklama,124,0,0,0
0,10018,"Splat Bubble Gum Çocuk Diş Macunu 73 gr 6-11 Yaş",Provitanya,https://sportoonline.com/tr/urun/splat-bubble-gum-cocuk-dis-macunu-73-gr-6-11-yas,ince_aciklama,127,0,0,0
0,10019,"Splat Juicy Lab +3 Yaş Karpuzlu Çocuk Diş Macunu  55 ml",Provitanya,https://sportoonline.com/tr/urun/splat-juicy-lab-3-yas-karpuzlu-cocuk-dis-macunu-55-ml,ince_aciklama,132,0,0,0
0,10020,"Splat Juicy Lab Pure Magic Diş Fırçası (Asortili)",Provitanya,https://sportoonline.com/tr/urun/splat-juicy-lab-pure-magic-dis-fircasi-asortili,ince_aciklama,128,0,0,0
0,10021,"Splat Junior So Happy Ultra Soft Diş Fırçası (Asortili)",Provitanya,https://sportoonline.com/tr/urun/splat-junior-so-happy-ultra-soft-dis-fircasi-asortili,ince_aciklama,134,0,0,0
0,10022,"Splat Meyveli Dondurma Çocuk Diş Macunu 50 ml 2-6 Yaş",Provitanya,https://sportoonline.com/tr/urun/splat-meyveli-dondurma-cocuk-dis-macunu-50-ml-2-6-yas,ince_aciklama,132,0,0,0
0,10023,"Splat Professional Bergamot ve Limon Aromalı Hacimli Diş İpi 30 mt",Provitanya,https://sportoonline.com/tr/urun/splat-professional-bergamot-ve-limon-aromali-hacimli-dis-ipi-30-mt,ince_aciklama,145,0,0,0
0,10024,"Splat Professional White Plus Diş Macunu  100 ml",Provitanya,https://sportoonline.com/tr/urun/splat-professional-white-plus-dis-macunu-100-ml,ince_aciklama,125,0,0,0
0,10025,"Splat Smilex Ortho Arayüz Fırçası Naneli 0,5 mm  30 Adet",Provitanya,https://sportoonline.com/tr/urun/splat-smilex-ortho-arayuz-fircasi-naneli-0-5-mm-30-adet,ince_aciklama,133,0,0,0
0,10026,"Splat Special Blackwood Diş Macunu  75 ml",Provitanya,https://sportoonline.com/tr/urun/splat-special-blackwood-dis-macunu-75-ml,ince_aciklama,118,0,0,0
0,10027,"Splat Special Extreme White Diş Macunu  75 ml",Provitanya,https://sportoonline.com/tr/urun/splat-special-extreme-white-dis-macunu-75-ml,ince_aciklama,122,0,0,0
0,10028,"Splat Ultra Clean Sert Diş Fırçası (Asortili)",Provitanya,https://sportoonline.com/tr/urun/splat-ultra-clean-sert-dis-fircasi-asortili,ince_aciklama,124,0,0,0
0,10029,"Strleasy Kürdanlı Diş İpi 32li",Provitanya,https://sportoonline.com/tr/urun/strleasy-kurdanli-dis-ipi-32li,ince_aciklama,109,0,0,0
0,10030,"Tampax Tampon Normal Eko Paket 22'li",Provitanya,https://sportoonline.com/tr/urun/tampax-tampon-normal-eko-paket-22-li,ince_aciklama,115,0,0,0
0,10031,"Tampax Tampon Super Eko Paket 20'li",Provitanya,https://sportoonline.com/tr/urun/tampax-tampon-super-eko-paket-20-li,ince_aciklama,114,0,0,0
0,10032,"Tasneem Aloe Vera Sabunu  150 gr",Provitanya,https://sportoonline.com/tr/urun/tasneem-aloe-vera-sabunu-150-gr,ince_aciklama,109,0,0,0
0,10033,"Tasneem Argan Sabunu  150 gr",Provitanya,https://sportoonline.com/tr/urun/tasneem-argan-sabunu-150-gr,ince_aciklama,105,0,0,0
0,10034,"Tasneem Avakado Sabunu  150 gr",Provitanya,https://sportoonline.com/tr/urun/tasneem-avakado-sabunu-150-gr,ince_aciklama,107,0,0,0
0,10035,"Tasneem Beyaz Çay Lüx Sabun 70x2  140 gr",Provitanya,https://sportoonline.com/tr/urun/tasneem-beyaz-cay-lux-sabun-70x2-140-gr,ince_aciklama,117,0,0,0
0,10036,"Tasneem Beyaz Kompleks Lüx Sabun 70x2  140 gr",Provitanya,https://sportoonline.com/tr/urun/tasneem-beyaz-kompleks-lux-sabun-70x2-140-gr,ince_aciklama,122,0,0,0
0,10037,"Tasneem Eşek Sütü Sabunu  150 gr",Provitanya,https://sportoonline.com/tr/urun/tasneem-esek-sutu-sabunu-150-gr,ince_aciklama,109,0,0,0
0,10038,"Tasneem İnci Tozu Lüx Sabun 70x2  140 gr",Provitanya,https://sportoonline.com/tr/urun/tasneem-inci-tozu-lux-sabun-70x2-140-gr,ince_aciklama,117,0,0,0
0,10039,"Tasneem İncir Çekirdeği Sabunu  150 gr",Provitanya,https://sportoonline.com/tr/urun/tasneem-incir-cekirdegi-sabunu-150-gr,ince_aciklama,115,0,0,0
0,10040,"Tasneem Kahve Peeling Sabunu  120 gr",Provitanya,https://sportoonline.com/tr/urun/tasneem-kahve-peeling-sabunu-120-gr,ince_aciklama,113,0,0,0
0,10041,"Tasneem Kakule Peeling Sabunu  120 gr",Provitanya,https://sportoonline.com/tr/urun/tasneem-kakule-peeling-sabunu-120-gr,ince_aciklama,114,0,0,0
0,10042,"Tasneem Kayısı Sabunu  150 gr",Provitanya,https://sportoonline.com/tr/urun/tasneem-kayisi-sabunu-150-gr,ince_aciklama,106,0,0,0
0,10043,"Tasneem Kil Peeling Sabunu  120 gr",Provitanya,https://sportoonline.com/tr/urun/tasneem-kil-peeling-sabunu-120-gr,ince_aciklama,111,0,0,0
0,10044,"Tasneem Lavanta Sabunu  150 gr",Provitanya,https://sportoonline.com/tr/urun/tasneem-lavanta-sabunu-150-gr,ince_aciklama,107,0,0,0
0,10045,"Tasneem Nar Sabunu  150 gr",Provitanya,https://sportoonline.com/tr/urun/tasneem-nar-sabunu-150-gr,ince_aciklama,103,0,0,0
0,10046,"Tasneem Nergiz Greyfurt  Spa Sabunu  115 gr",Provitanya,https://sportoonline.com/tr/urun/tasneem-nergiz-greyfurt-spa-sabunu-115-gr,ince_aciklama,120,0,0,0
0,10048,"Tasneem Portakal Peeling Sabunu  120 gr",Provitanya,https://sportoonline.com/tr/urun/tasneem-portakal-peeling-sabunu-120-gr,ince_aciklama,116,0,0,0
0,10049,"Tasneem Tropikal Baobab Spa Sabunu  115 gr",Provitanya,https://sportoonline.com/tr/urun/tasneem-tropikal-baobab-spa-sabunu-115-gr,ince_aciklama,119,0,0,0
0,10050,"Tasneem Verde Lime Peeling Sabunu  120 gr",Provitanya,https://sportoonline.com/tr/urun/tasneem-verde-lime-peeling-sabunu-120-gr,ince_aciklama,118,0,0,0
0,10051,"Tasneem Yosun Peeling Sabunu  120 gr",Provitanya,https://sportoonline.com/tr/urun/tasneem-yosun-peeling-sabunu-120-gr,ince_aciklama,113,0,0,0
0,10052,"Tasneem Zeytinyağlı Sabunu  150 gr",Provitanya,https://sportoonline.com/tr/urun/tasneem-zeytinyagli-sabunu-150-gr,ince_aciklama,111,0,0,0
0,10053,"TNT Creaboom Creatine Monohydrate Red Boom 6.2 gr",Provitanya,https://sportoonline.com/tr/urun/tnt-creaboom-creatine-monohydrate-red-boom-6-2-gr,ince_aciklama,126,0,0,0
0,10054,"TNT Shaker  700 ml",Provitanya,https://sportoonline.com/tr/urun/tnt-shaker-700-ml,ince_aciklama,95,0,0,0
0,10061,"Vaseline Orjinal Nemlendirici Jel 100ml",Provitanya,https://sportoonline.com/tr/urun/vaseline-orjinal-nemlendirici-jel-100ml,ince_aciklama,118,0,0,0
0,10062,"Venatura Çinko ve Bakır  60 Kapsül",Provitanya,https://sportoonline.com/tr/urun/venatura-cinko-ve-bakir-60-kapsul,ince_aciklama,111,0,0,0
0,10063,"Venatura Glisin  150 Gr",Provitanya,https://sportoonline.com/tr/urun/venatura-glisin-150-gr,ince_aciklama,100,0,0,0
0,10064,"Venatura İyot Damla  25 ml",Provitanya,https://sportoonline.com/tr/urun/venatura-iyot-damla-25-ml,ince_aciklama,103,0,0,0
0,10067,"Venatura Magnezyum Bisglisinat Sitrat ve P-5-P (Vitamin B6)  60 Kapsül",Provitanya,https://sportoonline.com/tr/urun/venatura-magnezyum-bisglisinat-sitrat-ve-p-5-p-vitamin-b6-60-kapsul,ince_aciklama,147,0,0,0
0,10068,"Venatura Magnezyum Malat  60 Kapsül",Provitanya,https://sportoonline.com/tr/urun/venatura-magnezyum-malat-60-kapsul,ince_aciklama,112,0,0,0
0,10069,"Venatura Magnezyum Malat  60 Tablet",Provitanya,https://sportoonline.com/tr/urun/venatura-magnezyum-malat-60-tablet,ince_aciklama,112,0,0,0
0,10070,"Venatura Magnezyum Sitrat  60 Kapsül",Provitanya,https://sportoonline.com/tr/urun/venatura-magnezyum-sitrat-60-kapsul,ince_aciklama,113,0,0,0
0,10071,"Viaxi Glide Çilek Aromalı Kayganlaştırıcı Jel  100 Ml",Provitanya,https://sportoonline.com/tr/urun/viaxi-glide-cilek-aromali-kayganlastirici-jel-100-ml,ince_aciklama,130,0,0,0
0,10072,"Viaxi Glide Su Bazlı Kayganlaştırıcı Jel  200 ml",Provitanya,https://sportoonline.com/tr/urun/viaxi-glide-su-bazli-kayganlastirici-jel-200-ml,ince_aciklama,125,0,0,0
0,10073,"Viaxi Glide Su Bazlı Kayganlaştırıcı Jel  50 Ml",Provitanya,https://sportoonline.com/tr/urun/viaxi-glide-su-bazli-kayganlastirici-jel-50-ml,ince_aciklama,124,0,0,0
0,10074,"Wefood Ananas Sirkesi  500 ml",Provitanya,https://sportoonline.com/tr/urun/wefood-ananas-sirkesi-500-ml,ince_aciklama,106,0,0,0
0,10075,"Wefood Badem Sütü Konsantresi  240 gr",Provitanya,https://sportoonline.com/tr/urun/wefood-badem-sutu-konsantresi-240-gr,ince_aciklama,114,0,0,0
0,10076,"Wefood Badem Unu  250 gr",Provitanya,https://sportoonline.com/tr/urun/wefood-badem-unu-250-gr,ince_aciklama,101,0,0,0
0,10077,"Wefood Beyaz Kinoa  300 gr",Provitanya,https://sportoonline.com/tr/urun/wefood-beyaz-kinoa-300-gr,ince_aciklama,103,0,0,0
0,10078,"Wefood Çok Tahıllı Patlak  100 gr",Provitanya,https://sportoonline.com/tr/urun/wefood-cok-tahilli-patlak-100-gr,ince_aciklama,110,0,0,0
0,10080,"Wefood Fesleğenli Kraker  40 gr",Provitanya,https://sportoonline.com/tr/urun/wefood-feslegenli-kraker-40-gr,ince_aciklama,108,0,0,0
0,10081,"Wefood Fıstık Ezmesi %100 Sade  300 gr",Provitanya,https://sportoonline.com/tr/urun/wefood-fistik-ezmesi-100-sade-300-gr,ince_aciklama,115,0,0,0
0,10082,"Wefood Fıstık Ezmesi Ballı  300 gr",Provitanya,https://sportoonline.com/tr/urun/wefood-fistik-ezmesi-balli-300-gr,ince_aciklama,111,0,0,0
0,10083,"Wefood Fıstık Ezmesi Keçiboynuzu Chia  300 gr",Provitanya,https://sportoonline.com/tr/urun/wefood-fistik-ezmesi-keciboynuzu-chia-300-gr,ince_aciklama,122,0,0,0
0,10084,"Wefood Glütensiz Çiğ Karabuğday  400 gr",Provitanya,https://sportoonline.com/tr/urun/wefood-glutensiz-cig-karabugday-400-gr,ince_aciklama,116,0,0,0
0,10085,"Wefood Glutensiz Granola Kakao & Fındık  250 gr",Provitanya,https://sportoonline.com/tr/urun/wefood-glutensiz-granola-kakao-findik-250-gr,ince_aciklama,124,0,0,0
0,10086,"Wefood Glutensiz Granola Kakao & Fındık  60 gr",Provitanya,https://sportoonline.com/tr/urun/wefood-glutensiz-granola-kakao-findik-60-gr,ince_aciklama,123,0,0,0
0,10087,"Wefood Glutensiz Granola Kırmızı Meyve & Badem  60 gr",Provitanya,https://sportoonline.com/tr/urun/wefood-glutensiz-granola-kirmizi-meyve-badem-60-gr,ince_aciklama,130,0,0,0
0,10088,"Wefood Glutensiz Granola Kuru İncir & Cevizli  250 gr",Provitanya,https://sportoonline.com/tr/urun/wefood-glutensiz-granola-kuru-incir-cevizli-250-gr,ince_aciklama,130,0,0,0
0,10089,"Wefood Glutensiz Granola Kuru İncir & Cevizli  60 gr",Provitanya,https://sportoonline.com/tr/urun/wefood-glutensiz-granola-kuru-incir-cevizli-60-gr,ince_aciklama,129,0,0,0
0,10090,"Wefood Glutensiz Grissini Çörek Otu & Chialı  40 gr",Provitanya,https://sportoonline.com/tr/urun/wefood-glutensiz-grissini-corek-otu-chiali-40-gr,ince_aciklama,128,0,0,0
0,10091,"Wefood Glutensiz Grissini Pancarlı  40 gr",Provitanya,https://sportoonline.com/tr/urun/wefood-glutensiz-grissini-pancarli-40-gr,ince_aciklama,118,0,0,0
0,10092,"Wefood Glutensiz Grissini Sade  40 gr",Provitanya,https://sportoonline.com/tr/urun/wefood-glutensiz-grissini-sade-40-gr,ince_aciklama,114,0,0,0
0,10093,"Wefood Glutensiz Karabuğday Patlağı  100 gr",Provitanya,https://sportoonline.com/tr/urun/wefood-glutensiz-karabugday-patlagi-100-gr,ince_aciklama,120,0,0,0
0,10094,"Wefood Glutensiz Pirinç Patlağı  100 gr",Provitanya,https://sportoonline.com/tr/urun/wefood-glutensiz-pirinc-patlagi-100-gr,ince_aciklama,116,0,0,0
0,10095,"Wefood Glutensiz Yulaf Ezmesi  300 gr",Provitanya,https://sportoonline.com/tr/urun/wefood-glutensiz-yulaf-ezmesi-300-gr,ince_aciklama,114,0,0,0
0,10096,"Wefood Hindistan Cevizli Fıstık Ezmesi 300 gr",Provitanya,https://sportoonline.com/tr/urun/wefood-hindistan-cevizli-fistik-ezmesi-300-gr,ince_aciklama,124,0,0,0
0,10097,"Wefood Hurma Özü  315 gr",Provitanya,https://sportoonline.com/tr/urun/wefood-hurma-ozu-315-gr,ince_aciklama,101,0,0,0
0,10098,"Wefood İnce Öğütülmüş Glutensiz Yulaf Ezmesi  300 gr",Provitanya,https://sportoonline.com/tr/urun/wefood-ince-ogutulmus-glutensiz-yulaf-ezmesi-300-gr,ince_aciklama,129,0,0,0
0,10099,"Wefood Karadut Özü  335 gr",Provitanya,https://sportoonline.com/tr/urun/wefood-karadut-ozu-335-gr,ince_aciklama,103,0,0,0
0,10100,"Wefood Karışık Kinoa  300 gr",Provitanya,https://sportoonline.com/tr/urun/wefood-karisik-kinoa-300-gr,ince_aciklama,105,0,0,0
0,10101,"Wefood Kids Organik Keçiboynuzlu Bisküvi  55 gr",Provitanya,https://sportoonline.com/tr/urun/wefood-kids-organik-keciboynuzlu-biskuvi-55-gr,ince_aciklama,124,0,0,0
0,10102,"Wefood Kids Organik Sade Tereyağlı Bisküvi  50 gr",Provitanya,https://sportoonline.com/tr/urun/wefood-kids-organik-sade-tereyagli-biskuvi-50-gr,ince_aciklama,126,0,0,0
0,10103,"Wefood Kids Organik Tam Buğday Bisküvi  55 gr",Provitanya,https://sportoonline.com/tr/urun/wefood-kids-organik-tam-bugday-biskuvi-55-gr,ince_aciklama,122,0,0,0
0,10104,"Wefood Matcha Tozu  50 gr",Provitanya,https://sportoonline.com/tr/urun/wefood-matcha-tozu-50-gr,ince_aciklama,102,0,0,0
0,10105,"Wefood Moringa Tozu  100 gr",Provitanya,https://sportoonline.com/tr/urun/wefood-moringa-tozu-100-gr,ince_aciklama,104,0,0,0
0,10106,"Wefood Organik Alıç Sirkesi  500 ml",Provitanya,https://sportoonline.com/tr/urun/wefood-organik-alic-sirkesi-500-ml,ince_aciklama,112,0,0,0
0,10107,"Wefood Organik Dut Özü Soğuk Sıkım  315 gr",Provitanya,https://sportoonline.com/tr/urun/wefood-organik-dut-ozu-soguk-sikim-315-gr,ince_aciklama,119,0,0,0
0,10108,"Wefood Organik Elma Sirkesi  500 ml",Provitanya,https://sportoonline.com/tr/urun/wefood-organik-elma-sirkesi-500-ml,ince_aciklama,112,0,0,0
0,10109,"Wefood Organik Hindistan Cevizi Unu  320 gr",Provitanya,https://sportoonline.com/tr/urun/wefood-organik-hindistan-cevizi-unu-320-gr,ince_aciklama,120,0,0,0
0,10110,"Wefood Organik Hindistan Cevizi Yağı  300 ml",Provitanya,https://sportoonline.com/tr/urun/wefood-organik-hindistan-cevizi-yagi-300-ml,ince_aciklama,121,0,0,0
0,10111,"Wefood Organik Hindistan Cevizi Yağı  150 ml",Provitanya,https://sportoonline.com/tr/urun/wefood-organik-hindistan-cevizi-yagi-150-ml,ince_aciklama,121,0,0,0
0,10112,"Wefood Organik Maca Tozu  100 gr",Provitanya,https://sportoonline.com/tr/urun/wefood-organik-maca-tozu-100-gr,ince_aciklama,109,0,0,0
0,10113,"Wefood Organik Nar Ekşisi  350 gr",Provitanya,https://sportoonline.com/tr/urun/wefood-organik-nar-eksisi-350-gr,ince_aciklama,110,0,0,0
0,10114,"Wefood Organik Spirulina Tozu  100 gr",Provitanya,https://sportoonline.com/tr/urun/wefood-organik-spirulina-tozu-100-gr,ince_aciklama,114,0,0,0
0,10115,"Wefood Organik Zencefil Tozu  65 gr",Provitanya,https://sportoonline.com/tr/urun/wefood-organik-zencefil-tozu-65-gr,ince_aciklama,112,0,0,0
0,10116,"Wefood Organik Zerdeçal Tozu  55 gr",Provitanya,https://sportoonline.com/tr/urun/wefood-organik-zerdecal-tozu-55-gr,ince_aciklama,112,0,0,0
0,10117,"Wefood Orman Meyveleri Özü  335 ml",Provitanya,https://sportoonline.com/tr/urun/wefood-orman-meyveleri-ozu-335-ml,ince_aciklama,111,0,0,0
0,10118,"Wefood Siyah Chia  300 gr",Provitanya,https://sportoonline.com/tr/urun/wefood-siyah-chia-300-gr,ince_aciklama,102,0,0,0
0,10119,"Wefood Süt Karamelli Fıstık Ezmesi  300 gr",Provitanya,https://sportoonline.com/tr/urun/wefood-sut-karamelli-fistik-ezmesi-300-gr,ince_aciklama,119,0,0,0
0,10120,"Wefood Tahinli Kraker  40 gr",Provitanya,https://sportoonline.com/tr/urun/wefood-tahinli-kraker-40-gr,ince_aciklama,105,0,0,0
0,10121,"Wefood Zeytinli & Kekikli Kraker  40 gr",Provitanya,https://sportoonline.com/tr/urun/wefood-zeytinli-kekikli-kraker-40-gr,ince_aciklama,116,0,0,0
0,10122,"Yeson Magic Drops For Women  15 Ml",Provitanya,https://sportoonline.com/tr/urun/yeson-magic-drops-for-women-15-ml,ince_aciklama,111,0,0,0
0,10123,"Z-Konzept Creatine Powder  500 gr",Provitanya,https://sportoonline.com/tr/urun/z-konzept-creatine-powder-500-gr,ince_aciklama,110,0,0,0
0,10124,"Z-Konzept Isolate Whey Protein Çikolata 1800 gr",Provitanya,https://sportoonline.com/tr/urun/z-konzept-isolate-whey-protein-cikolata-1800-gr,ince_aciklama,124,0,0,0
0,10126,"Zoomad Labs Creatine  300 gr",Provitanya,https://sportoonline.com/tr/urun/zoomad-labs-creatine-300-gr,ince_aciklama,105,0,0,0
0,10128,"Zühre Ana Enginar Macunu  240 gr",Provitanya,https://sportoonline.com/tr/urun/zuhre-ana-enginar-macunu-240-gr,ince_aciklama,109,0,0,0
0,10129,"Zühre Ana Form Macunu  240 gr",Provitanya,https://sportoonline.com/tr/urun/zuhre-ana-form-macunu-240-gr,ince_aciklama,106,0,0,0
0,10130,"Zühre Ana Kids Kakaolu Macun  240 gr",Provitanya,https://sportoonline.com/tr/urun/zuhre-ana-kids-kakaolu-macun-240-gr,ince_aciklama,113,0,0,0
0,10131,"Zühre Ana Kozalak Macunu  240 gr",Provitanya,https://sportoonline.com/tr/urun/zuhre-ana-kozalak-macunu-240-gr,ince_aciklama,109,0,0,0
0,10132,"Zühre Ana Sultan Macunu  240 gr",Provitanya,https://sportoonline.com/tr/urun/zuhre-ana-sultan-macunu-240-gr,ince_aciklama,108,0,0,0
0,10134,"Protein Ocean Gingko Biloba  45 Kapsül",Provitanya,https://sportoonline.com/tr/urun/protein-ocean-gingko-biloba-45-kapsul,ince_aciklama,115,0,0,0
0,10135,"Protein Ocean L-Theanine  45 Kapsül",Provitanya,https://sportoonline.com/tr/urun/protein-ocean-l-theanine-45-kapsul,ince_aciklama,112,0,0,0
0,10136,"Protein Ocean Tribulus Terrestris  45 Kapsül",Provitanya,https://sportoonline.com/tr/urun/protein-ocean-tribulus-terrestris-45-kapsul,ince_aciklama,121,0,0,0
0,10137,"TNT Whey Protein Paketi 2 li",Provitanya,https://sportoonline.com/tr/urun/tnt-whey-protein-paketi,ince_aciklama,107,0,0,0
0,10138,"Zühre Ana Ananas Sirkesi Doğal Fermantasyon  500 ml",Provitanya,https://sportoonline.com/tr/urun/zuhre-ana-ananas-sirkesi-dogal-fermantasyon-500-ml,ince_aciklama,128,0,0,0
0,10141,"Zühre Ana Karadut Özü  670 ml",Provitanya,https://sportoonline.com/tr/urun/zuhre-ana-karadut-ozu-670-ml,ince_aciklama,106,0,0,0
0,10142,"Zühre Ana Servi Kozalağı Şurubu  500 ml",Provitanya,https://sportoonline.com/tr/urun/zuhre-ana-servi-kozalagi-surubu-500-ml,ince_aciklama,116,0,0,0
0,10144,"Protein Ocean Glucosamine Chondroitin MSM  60 Tablet",Provitanya,https://sportoonline.com/tr/urun/protein-ocean-glucosamine-chondroitin-msm-60-tablet,ince_aciklama,129,0,0,0
0,10145,"Protein Ocean L-Tyrosine  45 Kapsül",Provitanya,https://sportoonline.com/tr/urun/protein-ocean-l-tyrosine-45-kapsul,ince_aciklama,112,0,0,0
0,10147,"Hardline Magnesium Liquid 250 Mg 30 Ml  1 Adet",Provitanya,https://sportoonline.com/tr/urun/hardline-magnesium-liquid-250-mg-30-ml-1-adet,ince_aciklama,123,0,0,0
0,10148,"Protein Ocn Sweetener  150 gr",Provitanya,https://sportoonline.com/tr/urun/protein-ocn-sweetener-150-gr,ince_aciklama,106,0,0,0
0,10149,"TNT Whey Protein Powder Gourmet Chocolate 910 Gr",Provitanya,https://sportoonline.com/tr/urun/tnt-whey-protein-powder-gourmet-chocolate-910-gr,ince_aciklama,125,0,0,0
0,10152,"BigJoy Bcaa Pro 4:1:1  420 Gr",Provitanya,https://sportoonline.com/tr/urun/bigjoy-bcaa-pro-4-1-1-420-gr,ince_aciklama,106,0,0,0
0,10155,"Protein Ocean Saw Palmetto  45 Kapsül",Provitanya,https://sportoonline.com/tr/urun/protein-ocean-saw-palmetto-45-kapsul,ince_aciklama,114,0,0,0
0,10156,"Protein Ocean Magnesium Bisglycinate  45 Kapsül",Provitanya,https://sportoonline.com/tr/urun/protein-ocean-magnesium-bisglycinate-45-kapsul,ince_aciklama,124,0,0,0
0,10158,"Protein Ocean Hyaluronic Acid  45 Kapsül",Provitanya,https://sportoonline.com/tr/urun/protein-ocean-hyaluronic-acid-45-kapsul,ince_aciklama,117,0,0,0
0,10162,"Protein Ocean Coenzyme Q10  30 Kapsül",Provitanya,https://sportoonline.com/tr/urun/protein-ocean-coenzyme-q10-30-kapsul,ince_aciklama,114,0,0,0
0,10164,"Dragon Halter ve Fitness Bilek Bandajı 50 cm 63911",Provitanya,https://sportoonline.com/tr/urun/dragon-halter-ve-fitness-bilek-bandaji-50-cm-63911,ince_aciklama,129,0,0,0
0,10165,"BigJoy Arginine  120 Kapsül",Provitanya,https://sportoonline.com/tr/urun/bigjoy-arginine-120-kapsul,ince_aciklama,104,0,0,0
0,10166,"Nutraxin D3K2 Vitamin 1000 IU  120 Tablet",Provitanya,https://sportoonline.com/tr/urun/nutraxin-d3k2-vitamin-1000-iu-120-tablet,ince_aciklama,118,0,0,0
0,10167,"Nutraxin Vitamin C 1 Alana 1 Bedava Efervesan  30 Tablet",Provitanya,https://sportoonline.com/tr/urun/nutraxin-vitamin-c-1-alana-1-bedava-efervesan-30-tablet,ince_aciklama,133,0,0,0
0,10168,"Protein Ocean Panax Ginseng  45 Kapsül",Provitanya,https://sportoonline.com/tr/urun/protein-ocean-panax-ginseng-45-kapsul,ince_aciklama,115,0,0,0
0,10169,"Dragon 63921 Halter ve Fitness Diz Bandajı",Provitanya,https://sportoonline.com/tr/urun/dragon-63921-halter-ve-fitness-diz-bandaji,ince_aciklama,121,0,0,0
0,10170,"Nutraxin Multivitamin Mineral Energy  60 Tablet",Provitanya,https://sportoonline.com/tr/urun/nutraxin-multivitamin-mineral-energy-60-tablet,ince_aciklama,124,0,0,0
0,10171,"Protein Ocean Glutathione  30 Kapsül",Provitanya,https://sportoonline.com/tr/urun/protein-ocean-glutathione-30-kapsul,ince_aciklama,113,0,0,0
0,10173,"Hardline KGT Kreatin-Glutamin-Taurin Limon 1000 Gr",Provitanya,https://sportoonline.com/tr/urun/hardline-kgt-kreatin-glutamin-taurin-limon-1000-gr,ince_aciklama,127,0,0,0
0,10174,"Nutraxin Multi Mineral Complex  60 Tablet",Provitanya,https://sportoonline.com/tr/urun/nutraxin-multi-mineral-complex-60-tablet,ince_aciklama,118,0,0,0
0,10175,"BigJoy Beta Alanine Powder  300 Gr",Provitanya,https://sportoonline.com/tr/urun/bigjoy-beta-alanine-powder-300-gr,ince_aciklama,111,0,0,0
0,10176,"Nutraxin Quercetin Plus Bromelain  30 Tablet",Provitanya,https://sportoonline.com/tr/urun/nutraxin-quercetin-plus-bromelain-30-tablet,ince_aciklama,121,0,0,0
0,10177,"BigJoy Taurine Powder  300 Gr",Provitanya,https://sportoonline.com/tr/urun/bigjoy-taurine-powder-300-gr,ince_aciklama,106,0,0,0
0,10178,"Nutraxin Nadh Collagen  60 Tablet",Provitanya,https://sportoonline.com/tr/urun/nutraxin-nadh-collagen-60-tablet,ince_aciklama,110,0,0,0
0,10180,"BigJoy Pre-Dator Portakal 510 Gr",Provitanya,https://sportoonline.com/tr/urun/bigjoy-pre-dator-portakal-510-gr,ince_aciklama,109,0,0,0
0,10181,"Nutraxin 5-HTP Complex  30 Tablet",Provitanya,https://sportoonline.com/tr/urun/nutraxin-5-htp-complex-30-tablet,ince_aciklama,110,0,0,0
0,10182,"Protein Ocean CLA  45 Kapsül",Provitanya,https://sportoonline.com/tr/urun/protein-ocean-cla-45-kapsul,ince_aciklama,105,0,0,0
0,10183,"Effive Multi 1250 Multivitamin Mineral  120 Tablet",Provitanya,https://sportoonline.com/tr/urun/effive-multi-1250-multivitamin-mineral-120-tablet,ince_aciklama,127,0,0,0
0,10184,"Nutraxin Iron Max 3 Al 2 Öde  90 Tablet",Provitanya,https://sportoonline.com/tr/urun/nutraxin-iron-max-3-al-2-ode-90-tablet,ince_aciklama,116,0,0,0
0,10185,"Nutraxin Bromelain Forte  60 Tablet",Provitanya,https://sportoonline.com/tr/urun/nutraxin-bromelain-forte-60-tablet,ince_aciklama,112,0,0,0
0,10186,"BigJoy Arginine Go! 21 Drink Packets Orman Meyveli",Provitanya,https://sportoonline.com/tr/urun/bigjoy-arginine-go-21-drink-packets-orman-meyveli,ince_aciklama,128,0,0,0
0,10187,"Nutraxin Beauty Gold Collagen 30 Tbl 3 Al 2 Öde  90 Tablet",Provitanya,https://sportoonline.com/tr/urun/nutraxin-beauty-gold-collagen-30-tbl-3-al-2-ode-90-tablet,ince_aciklama,135,0,0,0
0,10188,"Protein Ocean Pea Protein Çikolata 1600 Gr",Provitanya,https://sportoonline.com/tr/urun/protein-ocean-pea-protein-cikolata-1600-gr,ince_aciklama,119,0,0,0
0,10191,"Nutraxin Hyaluronik Asit  30 Tablet",Provitanya,https://sportoonline.com/tr/urun/nutraxin-hyaluronik-asit-30-tablet,ince_aciklama,112,0,0,0
0,10192,"Dragon W1787 Bayan Ağırlık Fitness  Eldiveni S Beden",Provitanya,https://sportoonline.com/tr/urun/dragon-w1787-bayan-agirlik-fitness-eldiveni-s-beden,ince_aciklama,130,0,0,0
0,10193,"Nutraxin Cranberry  60 Kapsül",Provitanya,https://sportoonline.com/tr/urun/nutraxin-cranberry-60-kapsul,ince_aciklama,106,0,0,0
0,10194,"Optimum Micronized Creatine Powder  317 gr",Provitanya,https://sportoonline.com/tr/urun/optimum-micronized-creatine-powder-317-gr,ince_aciklama,119,0,0,0
0,10195,"Nutraxin Beauty Collagen Compleks  90 Tablet",Provitanya,https://sportoonline.com/tr/urun/nutraxin-beauty-collagen-compleks-90-tablet,ince_aciklama,121,0,0,0
0,10196,"Olimp Iso Plus Isotonic Drink Limon 700 gr",Provitanya,https://sportoonline.com/tr/urun/olimp-iso-plus-isotonic-drink-limon-700-gr,ince_aciklama,119,0,0,0
0,10197,"BigJoy Bcaa Pro 4:1:1 Ripped Kola 432 Gr",Provitanya,https://sportoonline.com/tr/urun/bigjoy-bcaa-pro-4-1-1-ripped-kola-432-gr,ince_aciklama,117,0,0,0
0,10200,"Nutraxin Multivitamin Mineral Powder  300 gr",Provitanya,https://sportoonline.com/tr/urun/nutraxin-multivitamin-mineral-powder-300-gr,ince_aciklama,121,0,0,0
0,10201,"Hardline Omega 3  160 Kapsül",Provitanya,https://sportoonline.com/tr/urun/hardline-omega-3-160-kapsul,ince_aciklama,105,0,0,0
0,10202,"Olimp Beta Alanine Carno Rush  80 Tablet",Provitanya,https://sportoonline.com/tr/urun/olimp-beta-alanine-carno-rush-80-tablet,ince_aciklama,117,0,0,0
0,10203,"TNT Carniboom L-Carnitine 3000 mg Karışık Meyve 1000 Ml",Provitanya,https://sportoonline.com/tr/urun/tnt-carniboom-l-carnitine-3000-mg-karisik-meyve-1000-ml,ince_aciklama,132,0,0,0
0,10204,"BigJoy Caffeine Plus+  100 Kapsül",Provitanya,https://sportoonline.com/tr/urun/bigjoy-caffeine-plus-100-kapsul,ince_aciklama,110,0,0,0
0,10205,"Nutraxin Biotin Forte  60 Tablet",Provitanya,https://sportoonline.com/tr/urun/nutraxin-biotin-forte-60-tablet,ince_aciklama,109,0,0,0
0,10208,"Nutraxin Collagen Gold Quality Hidrolize Kolajen  60 Saşe",Provitanya,https://sportoonline.com/tr/urun/nutraxin-collagen-gold-quality-hidrolize-kolajen-60-sase,ince_aciklama,134,0,0,0
0,10209,"Protein Ocean Chromium Picolinate  60 Kapsül",Provitanya,https://sportoonline.com/tr/urun/protein-ocean-chromium-picolinate-60-kapsul,ince_aciklama,121,0,0,0
0,10210,"Protein Ocean Selenium  60 Kapsül",Provitanya,https://sportoonline.com/tr/urun/protein-ocean-selenium-60-kapsul,ince_aciklama,110,0,0,0
0,10211,"Protein Ocean Biotin  60 Kapsül",Provitanya,https://sportoonline.com/tr/urun/protein-ocean-biotin-60-kapsul,ince_aciklama,108,0,0,0
0,10213,"Protein Ocn Good Night Tropical Bite 150 gr",Provitanya,https://sportoonline.com/tr/urun/protein-ocn-good-night-tropical-bite-150-gr,ince_aciklama,120,0,0,0
0,10214,"Solgar Biotin 5000 mcg  50 Kapsül",Provitanya,https://sportoonline.com/tr/urun/solgar-biotin-5000-mcg-50-kapsul,ince_aciklama,110,0,0,0
0,10216,"Seed'n Grains BBQ Mix 100 Gr (Tuzsuz)",Provitanya,https://sportoonline.com/tr/urun/seed-n-grains-bbq-mix-100-gr-tuzsuz,ince_aciklama,116,0,0,0
0,10218,"Hardline Tribulus Terrestris  100 Kapsül",Provitanya,https://sportoonline.com/tr/urun/hardline-tribulus-terrestris-100-kapsul,ince_aciklama,117,0,0,0
0,10219,"Protein Ocean C Vitamin + Çinko + D3 Efervesan  20 Adet",Provitanya,https://sportoonline.com/tr/urun/protein-ocean-c-vitamin-cinko-d3-efervesan-20-adet,ince_aciklama,132,0,0,0
0,10220,"Seed'n Grains Cajun Mix 100 Gr (Tuzsuz)",Provitanya,https://sportoonline.com/tr/urun/seed-n-grains-cajun-mix-100-gr-tuzsuz,ince_aciklama,118,0,0,0
0,10225,"Protein Ocean Milk Thistle  45 Kapsül",Provitanya,https://sportoonline.com/tr/urun/protein-ocean-milk-thistle-45-kapsul,ince_aciklama,114,0,0,0
0,10226,"Protein Ocean Iron  45 Kapsül",Provitanya,https://sportoonline.com/tr/urun/protein-ocean-iron-45-kapsul,ince_aciklama,106,0,0,0
0,10228,"Protein Ocean Electrolyte Blend  150 gr",Provitanya,https://sportoonline.com/tr/urun/protein-ocean-electrolyte-blend-150-gr,ince_aciklama,116,0,0,0
0,10229,"Hardline AOL  120 Kapsül",Provitanya,https://sportoonline.com/tr/urun/hardline-aol-120-kapsul,ince_aciklama,101,0,0,0
0,10230,"Hardline BCAA 4:1:1 Atb6  120 Tablet",Provitanya,https://sportoonline.com/tr/urun/hardline-bcaa-4-1-1-atb6-120-tablet,ince_aciklama,113,0,0,0
0,10232,"Protein Ocean Betaine  300 Gr",Provitanya,https://sportoonline.com/tr/urun/protein-ocean-betaine-300-gr,ince_aciklama,106,0,0,0
0,10233,"Hardline Glutapure  120 Kapsül",Provitanya,https://sportoonline.com/tr/urun/hardline-glutapure-120-kapsul,ince_aciklama,107,0,0,0
0,10234,"Protein Ocean Citrulline Malate  300 Gr",Provitanya,https://sportoonline.com/tr/urun/protein-ocean-citrulline-malate-300-gr,ince_aciklama,116,0,0,0
0,10235,"Hardline Glutapure Glutamin  500 gr",Provitanya,https://sportoonline.com/tr/urun/hardline-glutapure-glutamin-500-gr,ince_aciklama,112,0,0,0
0,10236,"Protein Ocean T Prime  45 Tablet",Provitanya,https://sportoonline.com/tr/urun/protein-ocean-t-prime-45-tablet,ince_aciklama,109,0,0,0
0,10237,"Effive ZMA  180 Kapsül",Provitanya,https://sportoonline.com/tr/urun/effive-zma-180-kapsul,ince_aciklama,99,0,0,0
0,10238,"Protein Ocean Citrulline  120 Gr",Provitanya,https://sportoonline.com/tr/urun/protein-ocean-citrulline-120-gr,ince_aciklama,109,0,0,0
0,10239,"Protein Ocn Creatine Creapure  250 Gr",Provitanya,https://sportoonline.com/tr/urun/protein-ocn-creatine-creapure-250-gr,ince_aciklama,114,0,0,0
0,10241,"Protein Ocean Citrulline  300 Gr",Provitanya,https://sportoonline.com/tr/urun/protein-ocean-citrulline-300-gr,ince_aciklama,109,0,0,0
0,10242,"Protein Ocn NMN  45 Kapsül",Provitanya,https://sportoonline.com/tr/urun/protein-ocn-nmn-45-kapsul,ince_aciklama,103,0,0,0
0,10244,"Hardline Beta Alanine  300 gr",Provitanya,https://sportoonline.com/tr/urun/hardline-beta-alanine-300-gr,ince_aciklama,106,0,0,0
0,10245,"Hardline Glutapure  300 gr",Provitanya,https://sportoonline.com/tr/urun/hardline-glutapure-300-gr,ince_aciklama,103,0,0,0
0,10246,"Nutraxin Koenzim CoQ-10 100 mg  30 Kapsül",Provitanya,https://sportoonline.com/tr/urun/nutraxin-koenzim-coq-10-100-mg-30-kapsul,ince_aciklama,118,0,0,0
0,10247,"Hardline BCAA Matrix Böğürtlen 630 gr",Provitanya,https://sportoonline.com/tr/urun/hardline-bcaa-matrix-bogurtlen-630-gr,ince_aciklama,114,0,0,0
0,10248,"Protein Ocn Rhodiola Rosea  45 Kapsül",Provitanya,https://sportoonline.com/tr/urun/protein-ocn-rhodiola-rosea-45-kapsul,ince_aciklama,114,0,0,0
0,10249,"Protein Ocean Collagen Ahududu 250 Gr",Provitanya,https://sportoonline.com/tr/urun/protein-ocean-collagen-ahududu-250-gr,ince_aciklama,114,0,0,0
0,10250,"Solgar Vitamin C 1000 mg  90 Tablet",Provitanya,https://sportoonline.com/tr/urun/solgar-vitamin-c-1000-mg-90-tablet,ince_aciklama,112,0,0,0
0,10251,"Z-Konzept Ultimate Recovery Kan Portakalı 700 Gr",Provitanya,https://sportoonline.com/tr/urun/z-konzept-ultimate-recovery-kan-portakali-700-gr,ince_aciklama,125,0,0,0
0,10252,"Effive Argi 1500 Arginine  120 Kapsül",Provitanya,https://sportoonline.com/tr/urun/effive-argi-1500-arginine-120-kapsul,ince_aciklama,114,0,0,0
0,10253,"Hardline Citrulline  300 Gr",Provitanya,https://sportoonline.com/tr/urun/hardline-citrulline-300-gr,ince_aciklama,104,0,0,0
0,10254,"Multipower L-Carnitine Liquid Forte 1800 Mg Şeftali 20 Ampul",Provitanya,https://sportoonline.com/tr/urun/multipower-l-carnitine-liquid-forte-1800-mg-seftali-20-ampul,ince_aciklama,137,0,0,0
0,10255,"Nutraxin Omega-3 2000 mg  60 Kapsül",Provitanya,https://sportoonline.com/tr/urun/nutraxin-omega-3-2000-mg-60-kapsul,ince_aciklama,112,0,0,0
0,10256,"Hardline Arginine Fusion Portakal 650 Gr",Provitanya,https://sportoonline.com/tr/urun/hardline-arginine-fusion-portakal-650-gr,ince_aciklama,117,0,0,0
0,10257,"Nutraxin Vitamin D3K2 Sprey  30 ml",Provitanya,https://sportoonline.com/tr/urun/nutraxin-vitamin-d3k2-sprey-30-ml,ince_aciklama,111,0,0,0
0,10259,"Solgar Folic Acid (Folacin) 400 Mcg  100 Tablet",Provitanya,https://sportoonline.com/tr/urun/solgar-folic-acid-folacin-400-mcg-100-tablet,ince_aciklama,124,0,0,0
0,10260,"Solgar L-Lysine 500 Mg  50 Kapsül",Provitanya,https://sportoonline.com/tr/urun/solgar-l-lysine-500-mg-50-kapsul,ince_aciklama,110,0,0,0
0,10261,"Möller's Omega 3 Balık Yağı  30 Kapsül",Provitanya,https://sportoonline.com/tr/urun/moller-s-omega-3-balik-yagi-30-kapsul,ince_aciklama,115,0,0,0
0,10264,"Hardline BCAA Fusion Nar 500 gr",Provitanya,https://sportoonline.com/tr/urun/hardline-bcaa-fusion-nar-500-gr,ince_aciklama,108,0,0,0
0,10265,"Nutraxin C Vitamin 1000 mg  30 Tablet",Provitanya,https://sportoonline.com/tr/urun/nutraxin-c-vitamin-1000-mg-30-tablet,ince_aciklama,114,0,0,0
0,10266,"Nutrever Noxtreme Preworkout Tea Lemon 375 Gr",Provitanya,https://sportoonline.com/tr/urun/nutrever-noxtreme-preworkout-tea-lemon-375-gr,ince_aciklama,122,0,0,0
0,10267,"Hardline Isotonic Electrolytes Lemon-Lime 900 Gr",Provitanya,https://sportoonline.com/tr/urun/hardline-isotonic-electrolytes-lemon-lime-900-gr,ince_aciklama,125,0,0,0
0,10268,"Ocean Vitamin C 1000 mg  30 Tablet",Provitanya,https://sportoonline.com/tr/urun/ocean-vitamin-c-1000-mg-30-tablet,ince_aciklama,111,0,0,0
0,10269,"Nutraxin Vitamin D3 1000 IU  120 Tablet",Provitanya,https://sportoonline.com/tr/urun/nutraxin-vitamin-d3-1000-iu-120-tablet,ince_aciklama,116,0,0,0
0,10270,"Nutraxin Alpha Lipoic Acid  60 Tablet",Provitanya,https://sportoonline.com/tr/urun/nutraxin-alpha-lipoic-acid-60-tablet,ince_aciklama,114,0,0,0
0,10271,"Olimp Gain Bolic 6000 Çikolata 1000 Gr",Provitanya,https://sportoonline.com/tr/urun/olimp-gain-bolic-6000-cikolata-1000-gr,ince_aciklama,115,0,0,0
0,10272,"Nutraxin B-One Formula  90 Tablet",Provitanya,https://sportoonline.com/tr/urun/nutraxin-b-one-formula-90-tablet,ince_aciklama,110,0,0,0
0,10273,"Nutraxin Omega-3 Ultra  30 Kapsül",Provitanya,https://sportoonline.com/tr/urun/nutraxin-omega-3-ultra-30-kapsul,ince_aciklama,110,0,0,0
0,10276,"Relentless Wrist Wraps Ağırlık Bilekliği",Provitanya,https://sportoonline.com/tr/urun/relentless-wrist-wraps-agirlik-bilekligi,ince_aciklama,119,0,0,0
0,10277,"Nutraxin Bromelain  60 Tablet",Provitanya,https://sportoonline.com/tr/urun/nutraxin-bromelain-60-tablet,ince_aciklama,106,0,0,0
0,10278,"Protein Ocean BCAA Yeşil Elma 120 Gr",Provitanya,https://sportoonline.com/tr/urun/protein-ocean-bcaa-yesil-elma-120-gr,ince_aciklama,113,0,0,0
0,10279,"Nutraxin Omega-3 + Co Q-10  60 Kapsül",Provitanya,https://sportoonline.com/tr/urun/nutraxin-omega-3-co-q-10-60-kapsul,ince_aciklama,114,0,0,0
0,10280,"Protein Ocean Beta Alanine  300 Gr",Provitanya,https://sportoonline.com/tr/urun/protein-ocean-beta-alanine-300-gr,ince_aciklama,111,0,0,0
0,10281,"Relentless Termal Korse",Provitanya,https://sportoonline.com/tr/urun/relentless-termal-korse,ince_aciklama,102,0,0,0
0,10282,"Hardline Arginine Liquid Yeşil Elma 1000 ML",Provitanya,https://sportoonline.com/tr/urun/hardline-arginine-liquid-yesil-elma-1000-ml,ince_aciklama,120,0,0,0
0,10283,"Protein Ocean Taurine  300 Gr",Provitanya,https://sportoonline.com/tr/urun/protein-ocean-taurine-300-gr,ince_aciklama,106,0,0,0
0,10284,"Hardline BCAA Matrix 40S Yeşil Elma 600 Gr",Provitanya,https://sportoonline.com/tr/urun/hardline-bcaa-matrix-40s-yesil-elma-600-gr,ince_aciklama,119,0,0,0
0,10287,"Olimp Carbonox Ananas 1000 Gr",Provitanya,https://sportoonline.com/tr/urun/olimp-carbonox-ananas-1000-gr,ince_aciklama,106,0,0,0
0,10288,"Effive Vitamin B Complex  60 Tablet",Provitanya,https://sportoonline.com/tr/urun/effive-vitamin-b-complex-60-tablet,ince_aciklama,112,0,0,0
0,10289,"Protein Ocean Hydroprime  120 gr",Provitanya,https://sportoonline.com/tr/urun/protein-ocean-hydroprime-120-gr,ince_aciklama,109,0,0,0
0,10292,"Multipower L-Glutamine  500 gr",Provitanya,https://sportoonline.com/tr/urun/multipower-l-glutamine-500-gr,ince_aciklama,107,0,0,0
0,10293,"Multipower BCAA Powder Kiraz 400 gr",Provitanya,https://sportoonline.com/tr/urun/multipower-bcaa-powder-kiraz-400-gr,ince_aciklama,112,0,0,0
0,10294,"Multipower Whey Amino 3400  300 Tablet",Provitanya,https://sportoonline.com/tr/urun/multipower-whey-amino-3400-300-tablet,ince_aciklama,115,0,0,0
0,10295,"Olimp Rocky Athletes Glutamine  250 Gr",Provitanya,https://sportoonline.com/tr/urun/olimp-rocky-athletes-glutamine-250-gr,ince_aciklama,115,0,0,0
0,10296,"Ocean ExtraMag ThreoG  60 Tablet",Provitanya,https://sportoonline.com/tr/urun/ocean-extramag-threog-60-tablet,ince_aciklama,109,0,0,0
0,10298,"Nutraxin Vitamin C Çiğneme  28 Tablet",Provitanya,https://sportoonline.com/tr/urun/nutraxin-vitamin-c-cigneme-28-tablet,ince_aciklama,114,0,0,0
0,10301,"Protein Ocean 5-HTP  30 Kapsül",Provitanya,https://sportoonline.com/tr/urun/protein-ocean-5-htp-30-kapsul,ince_aciklama,107,0,0,0
0,10302,"Solgar Taurine 500 mg  50 Kapsül",Provitanya,https://sportoonline.com/tr/urun/solgar-taurine-500-mg-50-kapsul,ince_aciklama,109,0,0,0
0,10303,"Hardline Caffeine 2T  120 Kapsül",Provitanya,https://sportoonline.com/tr/urun/hardline-caffeine-2t-120-kapsul,ince_aciklama,109,0,0,0
0,10304,"Protein Ocean B-Complex  45 Kapsül",Provitanya,https://sportoonline.com/tr/urun/protein-ocean-b-complex-45-kapsul,ince_aciklama,111,0,0,0
0,10305,"BigJoy Bcaa Pro Go! 1 Adet Drink Packets Karpuz",Provitanya,https://sportoonline.com/tr/urun/bigjoy-bcaa-pro-go-1-adet-drink-packets-karpuz,ince_aciklama,125,0,0,0
0,10306,"Protein Ocean Beta Glucan  45 Kapsül",Provitanya,https://sportoonline.com/tr/urun/protein-ocean-beta-glucan-45-kapsul,ince_aciklama,113,0,0,0
0,10307,"Protein Ocean Bromelain  45 Kapsül",Provitanya,https://sportoonline.com/tr/urun/protein-ocean-bromelain-45-kapsul,ince_aciklama,111,0,0,0
0,10308,"Nutrever Whey Isolate Protein Çikolata 1800 Gr",Provitanya,https://sportoonline.com/tr/urun/nutrever-whey-isolate-protein-cikolata-1800-gr,ince_aciklama,123,0,0,0
0,10309,"Solgar Vitamin D3 1000 IU  100 Kapsül",Provitanya,https://sportoonline.com/tr/urun/solgar-vitamin-d3-1000-iu-100-kapsul,ince_aciklama,114,0,0,0
0,10311,"Nutraxin Zinc 15 mg  100 Tablet",Provitanya,https://sportoonline.com/tr/urun/nutraxin-zinc-15-mg-100-tablet,ince_aciklama,108,0,0,0
0,10312,"Nutraxin Multivitamin Complex Kadın  60 Tablet",Provitanya,https://sportoonline.com/tr/urun/nutraxin-multivitamin-complex-kadin-60-tablet,ince_aciklama,123,0,0,0
0,10313,"Nutrever Whey Isolate Protein Çikolata 900 Gr",Provitanya,https://sportoonline.com/tr/urun/nutrever-whey-isolate-protein-cikolata-900-gr,ince_aciklama,122,0,0,0
0,10314,"Solgar Ester-C Plus Vitamin 1000 mg  60 Tablet",Provitanya,https://sportoonline.com/tr/urun/solgar-ester-c-plus-vitamin-1000-mg-60-tablet,ince_aciklama,123,0,0,0
0,10315,"Solgar Hyaluronic Acid Collagen Complex  30 Tablet",Provitanya,https://sportoonline.com/tr/urun/solgar-hyaluronic-acid-collagen-complex-30-tablet,ince_aciklama,127,0,0,0
0,10316,"Multipower %50 Protein Bar 50 Gr Hindistan Cevizi 1 Adet",Provitanya,https://sportoonline.com/tr/urun/multipower-50-protein-bar-50-gr-hindistan-cevizi-1-adet,ince_aciklama,133,0,0,0
0,10317,"Nutraxin Keratin Formula  60 Tablet",Provitanya,https://sportoonline.com/tr/urun/nutraxin-keratin-formula-60-tablet,ince_aciklama,112,0,0,0
0,10318,"Optimum Essential Amino Energy Lemon-Lime 270 Gr",Provitanya,https://sportoonline.com/tr/urun/optimum-essential-amino-energy-lemon-lime-270-gr,ince_aciklama,125,0,0,0
0,10319,"Optimum Gold Standard Whey Protein Tozu Çilek 2273 gr",Provitanya,https://sportoonline.com/tr/urun/optimum-gold-standard-whey-protein-tozu-cilek-2273-gr,ince_aciklama,130,0,0,0
0,10320,"Multipower Power Pack XXL Classic 60 Gr Çikolata 1 Adet",Provitanya,https://sportoonline.com/tr/urun/multipower-power-pack-xxl-classic-60-gr-cikolata-1-adet,ince_aciklama,132,0,0,0
0,10321,"Olimp Amino 5500  400 Kapsül",Provitanya,https://sportoonline.com/tr/urun/olimp-amino-5500-400-kapsul,ince_aciklama,105,0,0,0
0,10324,"Day2Day The Collagen Mag Plus  30 Şase",Provitanya,https://sportoonline.com/tr/urun/day2day-the-collagen-mag-plus-30-sase,ince_aciklama,115,0,0,0
0,10325,"Protein Ocean Glutamine  120 Gr",Provitanya,https://sportoonline.com/tr/urun/protein-ocean-glutamine-120-gr,ince_aciklama,108,0,0,0
0,10326,"Supradyn Kids  60 Tablet",Provitanya,https://sportoonline.com/tr/urun/supradyn-kids-60-tablet,ince_aciklama,101,0,0,0
0,10327,"On The Go Body Fuel Sports Drink Portakal 1320 Gr",Provitanya,https://sportoonline.com/tr/urun/on-the-go-body-fuel-sports-drink-portakal-1320-gr,ince_aciklama,126,0,0,0
0,10328,"Protein Ocean Glutamine  300 Gr",Provitanya,https://sportoonline.com/tr/urun/protein-ocean-glutamine-300-gr,ince_aciklama,108,0,0,0
0,10329,"On The Go Body Fuel Sports Drink 40 Gr x Portakal 20 Saşe",Provitanya,https://sportoonline.com/tr/urun/on-the-go-body-fuel-sports-drink-40-gr-x-portakal-20-sase,ince_aciklama,134,0,0,0
0,10330,"Protein Ocean Leucine  200 Gr",Provitanya,https://sportoonline.com/tr/urun/protein-ocean-leucine-200-gr,ince_aciklama,106,0,0,0
0,10332,"Nutrend Micellar Casein Çikolata 900 Gr",Provitanya,https://sportoonline.com/tr/urun/nutrend-micellar-casein-cikolata-900-gr,ince_aciklama,116,0,0,0
0,10333,"On The Go Recovery Sports Drink Çilek 1050 Gr",Provitanya,https://sportoonline.com/tr/urun/on-the-go-recovery-sports-drink-cilek-1050-gr,ince_aciklama,122,0,0,0
0,10334,"Ocean L-Glutatyon 250 mg  30 Tablet",Provitanya,https://sportoonline.com/tr/urun/ocean-l-glutatyon-250-mg-30-tablet,ince_aciklama,112,0,0,0
0,10335,"Ocean Picozinc  30 Tablet",Provitanya,https://sportoonline.com/tr/urun/ocean-picozinc-30-tablet,ince_aciklama,102,0,0,0
0,10337,"BigJoy Arginine Go! 1 Adet Drink Packets Orman Meyveli",Provitanya,https://sportoonline.com/tr/urun/bigjoy-arginine-go-1-adet-drink-packets-orman-meyveli,ince_aciklama,132,0,0,0
0,10339,"Ocean Microfer Demir  30 Tablet",Provitanya,https://sportoonline.com/tr/urun/ocean-microfer-demir-30-tablet,ince_aciklama,108,0,0,0
0,10341,"Nutraxin Magnesium Complex Vitamin B6  60 Tablet",Provitanya,https://sportoonline.com/tr/urun/nutraxin-magnesium-complex-vitamin-b6-60-tablet,ince_aciklama,125,0,0,0
0,10342,"Ocean Krom Pikolinat 200 mcg  90 Kapsül",Provitanya,https://sportoonline.com/tr/urun/ocean-krom-pikolinat-200-mcg-90-kapsul,ince_aciklama,116,0,0,0
0,10343,"Olimp Whey Protein Complex %100 Çikolata 700 Gr",Provitanya,https://sportoonline.com/tr/urun/olimp-whey-protein-complex-100-cikolata-700-gr,ince_aciklama,124,0,0,0
0,10344,"Nutrever Xtreme Protein Bar 50 Gr Kurabiye 1 Adet",Provitanya,https://sportoonline.com/tr/urun/nutrever-xtreme-protein-bar-50-gr-kurabiye-1-adet,ince_aciklama,126,0,0,0
0,10345,"Ocean Vitamin D3 K2 Damla 20 mL",Provitanya,https://sportoonline.com/tr/urun/ocean-vitamin-d3-k2-damla-20-ml,ince_aciklama,110,0,0,0
0,10346,"TNT BCAA 1200 2:1:1  60 Tablet",Provitanya,https://sportoonline.com/tr/urun/tnt-bcaa-1200-2-1-1-60-tablet,ince_aciklama,107,0,0,0
0,10347,"Protein Ocean Caffeine  60 Kapsül",Provitanya,https://sportoonline.com/tr/urun/protein-ocean-caffeine-60-kapsul,ince_aciklama,110,0,0,0
0,10350,"On The Go Energy Gummy Karışık Aromalı 30g  15 Paket",Provitanya,https://sportoonline.com/tr/urun/on-the-go-energy-gummy-karisik-aromali-30g-15-paket,ince_aciklama,129,0,0,0
0,10351,"Nutraxin Iron Max  30 Tablet",Provitanya,https://sportoonline.com/tr/urun/nutraxin-iron-max-30-tablet,ince_aciklama,105,0,0,0
0,10352,"On The Go Energy Gummy Karışık Aromalı 30g  1 Paket",Provitanya,https://sportoonline.com/tr/urun/on-the-go-energy-gummy-karisik-aromali-30g-1-paket,ince_aciklama,128,0,0,0
0,10353,"Protein Ocean Hunger Buster  90 Kapsül",Provitanya,https://sportoonline.com/tr/urun/protein-ocean-hunger-buster-90-kapsul,ince_aciklama,115,0,0,0
0,10354,"Optimum Gold Standard Whey Protein Tozu 30.4 Gr Çikolata 1 Adet",Provitanya,https://sportoonline.com/tr/urun/optimum-gold-standard-whey-protein-tozu-30-4-gr-cikolata-1-adet,ince_aciklama,140,0,0,0
0,10355,"Nutraxin Probiota Advanced Probiyotik  60 Tablet",Provitanya,https://sportoonline.com/tr/urun/nutraxin-probiota-advanced-probiyotik-60-tablet,ince_aciklama,125,0,0,0
0,10356,"On The Go Progel + Caffeine 60 mL x Mocha 24 Adet",Provitanya,https://sportoonline.com/tr/urun/on-the-go-progel-caffeine-60-ml-x-mocha-24-adet,ince_aciklama,126,0,0,0
0,10357,"Nutraxin Multivitamin Complex Erkek  60 Tablet",Provitanya,https://sportoonline.com/tr/urun/nutraxin-multivitamin-complex-erkek-60-tablet,ince_aciklama,123,0,0,0
0,10359,"Nutraxin Folic Acid 400 Mcg  100 Tablet",Provitanya,https://sportoonline.com/tr/urun/nutraxin-folic-acid-400-mcg-100-tablet,ince_aciklama,116,0,0,0
0,10360,"Nutraxin Artroflex HYA-C-II  90 Tablet",Provitanya,https://sportoonline.com/tr/urun/nutraxin-artroflex-hya-c-ii-90-tablet,ince_aciklama,115,0,0,0
0,10361,"On The Go Progel + Caffeine 60 mL Mocha 1 Adet",Provitanya,https://sportoonline.com/tr/urun/on-the-go-progel-caffeine-60-ml-mocha-1-adet,ince_aciklama,123,0,0,0
0,10362,"Krilom Omega3  50 Kapsül",Provitanya,https://sportoonline.com/tr/urun/krilom-omega3-50-kapsul,ince_aciklama,101,0,0,0
0,10363,"Nutraxin Biotin 5000 mcg  30 Tablet",Provitanya,https://sportoonline.com/tr/urun/nutraxin-biotin-5000-mcg-30-tablet,ince_aciklama,112,0,0,0
0,10364,"Nutraxin Gingko Biloba  60 Kapsül",Provitanya,https://sportoonline.com/tr/urun/nutraxin-gingko-biloba-60-kapsul,ince_aciklama,110,0,0,0
0,10365,"Nutraxin Selenium 100 mcg  100 Tablet",Provitanya,https://sportoonline.com/tr/urun/nutraxin-selenium-100-mcg-100-tablet,ince_aciklama,114,0,0,0
0,10367,"Nutraxin Vitamin B12 1000 mcg Dil Altı  60 Tablet",Provitanya,https://sportoonline.com/tr/urun/nutraxin-vitamin-b12-1000-mcg-dil-alti-60-tablet,ince_aciklama,126,0,0,0
0,10369,"Nutraxin Chromium Picolinate 200 mcg  90 Tablet",Provitanya,https://sportoonline.com/tr/urun/nutraxin-chromium-picolinate-200-mcg-90-tablet,ince_aciklama,124,0,0,0
0,10370,"Optimum Gold Standard Casein Protein Tozu Çikolata 908 Gr",Provitanya,https://sportoonline.com/tr/urun/optimum-gold-standard-casein-protein-tozu-cikolata-908-gr,ince_aciklama,134,0,0,0
0,10371,"BigJoy Glucosamine Condroitin MSM  90 Tablet",Provitanya,https://sportoonline.com/tr/urun/bigjoy-glucosamine-condroitin-msm-90-tablet,ince_aciklama,121,0,0,0
0,10372,"Dragon W8065 Ağırlık Fitness Eldiveni L Beden",Provitanya,https://sportoonline.com/tr/urun/dragon-w8065-agirlik-fitness-eldiveni-l-beden,ince_aciklama,123,0,0,0
0,10373,"Nutraxin Milk Thistle  60 Tablet",Provitanya,https://sportoonline.com/tr/urun/nutraxin-milk-thistle-60-tablet,ince_aciklama,109,0,0,0
0,10374,"Nutraxin Magnesium 250 mg  60 Tablet",Provitanya,https://sportoonline.com/tr/urun/nutraxin-magnesium-250-mg-60-tablet,ince_aciklama,113,0,0,0
0,10375,"Nutraxin A-Oxi Formula  60 Kapsül",Provitanya,https://sportoonline.com/tr/urun/nutraxin-a-oxi-formula-60-kapsul,ince_aciklama,110,0,0,0
0,10376,"Protein Ocean C-Blocker  60 Kapsül",Provitanya,https://sportoonline.com/tr/urun/protein-ocean-c-blocker-60-kapsul,ince_aciklama,111,0,0,0
0,10377,"Nutraxin Artroflex  90 Tablet",Provitanya,https://sportoonline.com/tr/urun/nutraxin-artroflex-90-tablet,ince_aciklama,106,0,0,0
0,10378,"Protein Ocean Thermo Burner  60 Kapsül",Provitanya,https://sportoonline.com/tr/urun/protein-ocean-thermo-burner-60-kapsul,ince_aciklama,115,0,0,0
0,10379,"Nutraxin Artroflex Easy Move  30 Şase",Provitanya,https://sportoonline.com/tr/urun/nutraxin-artroflex-easy-move-30-sase,ince_aciklama,114,0,0,0
0,10380,"Nutraxin Collagen  30 Tablet",Provitanya,https://sportoonline.com/tr/urun/nutraxin-collagen-30-tablet,ince_aciklama,105,0,0,0
0,10381,"Nutraxin Collagen Powder  300 Gr",Provitanya,https://sportoonline.com/tr/urun/nutraxin-collagen-powder-300-gr,ince_aciklama,109,0,0,0
0,10382,"Nutraxin Ultra Men  60 Tablet",Provitanya,https://sportoonline.com/tr/urun/nutraxin-ultra-men-60-tablet,ince_aciklama,106,0,0,0
0,10383,"Solgar L-Arginine 500 mg  50 Kapsül",Provitanya,https://sportoonline.com/tr/urun/solgar-l-arginine-500-mg-50-kapsul,ince_aciklama,112,0,0,0
0,10384,"Nutraxin Vitamin Max C-D-Çinko  60 Tablet",Provitanya,https://sportoonline.com/tr/urun/nutraxin-vitamin-max-c-d-cinko-60-tablet,ince_aciklama,118,0,0,0
0,10385,"Solgar L-Arginine 1000 mg  90 Kapsül",Provitanya,https://sportoonline.com/tr/urun/solgar-l-arginine-1000-mg-90-kapsul,ince_aciklama,113,0,0,0
0,10387,"BigJoy Aminobig Amino Asit  330 Tablet",Provitanya,https://sportoonline.com/tr/urun/bigjoy-aminobig-amino-asit-330-tablet,ince_aciklama,115,0,0,0
0,10388,"Solgar Korean Ginseng  50 Kapsül",Provitanya,https://sportoonline.com/tr/urun/solgar-korean-ginseng-50-kapsul,ince_aciklama,109,0,0,0
0,10389,"Solgar Cod Liver Oil  100 Kapsül",Provitanya,https://sportoonline.com/tr/urun/solgar-cod-liver-oil-100-kapsul,ince_aciklama,109,0,0,0
0,10391,"Provitanya Shaker (Karıştırıcı)  700 ml",Provitanya,https://sportoonline.com/tr/urun/provitanya-shaker-karistirici-700-ml,ince_aciklama,116,0,0,0
0,10393,"Protein Ocean Collagen + Hyaluronic Acid  30 Tablet",Provitanya,https://sportoonline.com/tr/urun/protein-ocean-collagen-hyaluronic-acid-30-tablet,ince_aciklama,128,0,0,0
0,10394,"Effive Omega 3 Balık Yağı  120 Kapsül",Provitanya,https://sportoonline.com/tr/urun/effive-omega-3-balik-yagi-120-kapsul,ince_aciklama,114,0,0,0
0,10396,"Ocean L-Teanin 200 mg  30 Kapsül",Provitanya,https://sportoonline.com/tr/urun/ocean-l-teanin-200-mg-30-kapsul,ince_aciklama,109,0,0,0
0,10397,"Provitanya Pill Box-Tablet Kutusu",Provitanya,https://sportoonline.com/tr/urun/provitanya-pill-box-tablet-kutusu,ince_aciklama,112,0,0,0
0,10398,"New Life CoenzQH  30 Kapsül",Provitanya,https://sportoonline.com/tr/urun/new-life-coenzqh-30-kapsul,ince_aciklama,104,0,0,0
0,10399,"Solgar Omega-3 950 mg  50 Kapsül",Provitanya,https://sportoonline.com/tr/urun/solgar-omega-3-950-mg-50-kapsul,ince_aciklama,109,0,0,0
0,10400,"Solgar 5-HTP  30 Kapsül",Provitanya,https://sportoonline.com/tr/urun/solgar-5-htp-30-kapsul,ince_aciklama,100,0,0,0
0,10401,"Solgar Calcium Magnesium with Vitamin D3  150 Tablet",Provitanya,https://sportoonline.com/tr/urun/solgar-calcium-magnesium-with-vitamin-d3-150-tablet,ince_aciklama,129,0,0,0
0,10402,"Hardline Magnesium Liquid 250 Mg 30 Ml  20 Adet",Provitanya,https://sportoonline.com/tr/urun/hardline-magnesium-liquid-250-mg-30-ml-20-adet,ince_aciklama,124,0,0,0
0,10403,"Solgar Vitamin B12 1000 Mcg  100 Tablet",Provitanya,https://sportoonline.com/tr/urun/solgar-vitamin-b12-1000-mcg-100-tablet,ince_aciklama,116,0,0,0
0,10404,"Ligone Kalsiyum Complex  60 Tablet",Provitanya,https://sportoonline.com/tr/urun/ligone-kalsiyum-complex-60-tablet,ince_aciklama,111,0,0,0
0,10405,"Protein Ocean KDNY  40 Tablet",Provitanya,https://sportoonline.com/tr/urun/protein-ocean-kdny-40-tablet,ince_aciklama,106,0,0,0
0,10406,"Ocean Extramag  60 Tablet",Provitanya,https://sportoonline.com/tr/urun/ocean-extramag-60-tablet,ince_aciklama,102,0,0,0
0,10407,"Olimp Gold Omega 3 Sport Edition  120 Kapsül",Provitanya,https://sportoonline.com/tr/urun/olimp-gold-omega-3-sport-edition-120-kapsul,ince_aciklama,121,0,0,0
0,10408,"Ocean Plus Omega 3 1200 mg  50 Kapsül",Provitanya,https://sportoonline.com/tr/urun/ocean-plus-omega-3-1200-mg-50-kapsul,ince_aciklama,114,0,0,0
0,10410,"Protein Ocean Omega 3  45 Kapsül",Provitanya,https://sportoonline.com/tr/urun/protein-ocean-omega-3-45-kapsul,ince_aciklama,109,0,0,0
0,10411,"BigJoy Sports Multibig Vitamin Mineral  90 Kapsül",Provitanya,https://sportoonline.com/tr/urun/bigjoy-sports-multibig-vitamin-mineral-90-kapsul,ince_aciklama,126,0,0,0
0,10412,"Protein Ocean Relax  40 Tablet",Provitanya,https://sportoonline.com/tr/urun/protein-ocean-relax-40-tablet,ince_aciklama,107,0,0,0
0,10413,"Olimp Glucosamine Plus  60 Kapsül",Provitanya,https://sportoonline.com/tr/urun/olimp-glucosamine-plus-60-kapsul,ince_aciklama,110,0,0,0
0,10414,"BigJoy Clabig  99 Kapsül",Provitanya,https://sportoonline.com/tr/urun/bigjoy-clabig-99-kapsul,ince_aciklama,101,0,0,0
0,10416,"BigJoy Thermonator L-Carnitine 3000 Mg Portakal 20 Ampül",Provitanya,https://sportoonline.com/tr/urun/bigjoy-thermonator-l-carnitine-3000-mg-portakal-20-ampul,ince_aciklama,133,0,0,0
0,10417,"Protein Ocean Vitamin D3  60 Kapsül",Provitanya,https://sportoonline.com/tr/urun/protein-ocean-vitamin-d3-60-kapsul,ince_aciklama,112,0,0,0
0,10418,"Protein Ocn Alpha GPC  30 Kapsül",Provitanya,https://sportoonline.com/tr/urun/protein-ocn-alpha-gpc-30-kapsul,ince_aciklama,109,0,0,0
0,10419,"Solgar Chromium Picolinate 200 mcg  90 Kapsül",Provitanya,https://sportoonline.com/tr/urun/solgar-chromium-picolinate-200-mcg-90-kapsul,ince_aciklama,122,0,0,0
0,10420,"Protein Ocean L-Carnitine Yeşil Elma 150 Gr",Provitanya,https://sportoonline.com/tr/urun/protein-ocean-l-carnitine-yesil-elma-150-gr,ince_aciklama,120,0,0,0
0,10422,"Solgar Magnesium with Vitamin B6  100 Tablet",Provitanya,https://sportoonline.com/tr/urun/solgar-magnesium-with-vitamin-b6-100-tablet,ince_aciklama,121,0,0,0
0,10423,"Solgar Vitamin B12 500 Mcg  50 Tablet",Provitanya,https://sportoonline.com/tr/urun/solgar-vitamin-b12-500-mcg-50-tablet,ince_aciklama,114,0,0,0
0,10424,"Solgar Zinc Picolinate 15 mg  100 Kapsül",Provitanya,https://sportoonline.com/tr/urun/solgar-zinc-picolinate-15-mg-100-kapsul,ince_aciklama,117,0,0,0
0,10425,"BigJoy Crea Big Go! 21 Drink Packets Yeşil Elma",Provitanya,https://sportoonline.com/tr/urun/bigjoy-crea-big-go-21-drink-packets-yesil-elma,ince_aciklama,125,0,0,0
0,10426,"Protein Ocean Green Detox  300 Gr",Provitanya,https://sportoonline.com/tr/urun/protein-ocean-green-detox-300-gr,ince_aciklama,110,0,0,0
0,10427,"Solgar Magnesium Citrate  60 Tablet",Provitanya,https://sportoonline.com/tr/urun/solgar-magnesium-citrate-60-tablet,ince_aciklama,112,0,0,0
0,10429,"Protein Ocean Red Detox  300 Gr",Provitanya,https://sportoonline.com/tr/urun/protein-ocean-red-detox-300-gr,ince_aciklama,108,0,0,0
0,10430,"Supradyn Focus  30 Tablet",Provitanya,https://sportoonline.com/tr/urun/supradyn-focus-30-tablet,ince_aciklama,102,0,0,0
0,10431,"On The Go Magnesium Plus 25 mL x Portakal 20 Ampül",Provitanya,https://sportoonline.com/tr/urun/on-the-go-magnesium-plus-25-ml-x-portakal-20-ampul,ince_aciklama,127,0,0,0
0,10432,"Ocean Milk Thistle  30 Tablet",Provitanya,https://sportoonline.com/tr/urun/ocean-milk-thistle-30-tablet,ince_aciklama,106,0,0,0
0,10433,"Day2Day The Collagen All Body Toz  300 gr",Provitanya,https://sportoonline.com/tr/urun/day2day-the-collagen-all-body-toz-300-gr,ince_aciklama,118,0,0,0
0,10434,"New Life EFA S-1200 mg  90 Kapsül",Provitanya,https://sportoonline.com/tr/urun/new-life-efa-s-1200-mg-90-kapsul,ince_aciklama,110,0,0,0
0,10435,"Day2Day The Collagen Beauty Intense Çilek 30 Şase",Provitanya,https://sportoonline.com/tr/urun/day2day-the-collagen-beauty-intense-cilek-30-sase,ince_aciklama,126,0,0,0
0,10436,"Ocean Biotin 5000 Mcg  60 Kapsül",Provitanya,https://sportoonline.com/tr/urun/ocean-biotin-5000-mcg-60-kapsul,ince_aciklama,109,0,0,0
0,10440,"Ocean Daily One Energy  30 Tablet",Provitanya,https://sportoonline.com/tr/urun/ocean-daily-one-energy-30-tablet,ince_aciklama,110,0,0,0
0,10442,"Ocean Vitamin C-SR  30 Tablet",Provitanya,https://sportoonline.com/tr/urun/ocean-vitamin-c-sr-30-tablet,ince_aciklama,106,0,0,0
0,10443,"TNT Carniboom L-Carnitine 3000 mg 60 ml x Karışık Meyve 1 Adet",Provitanya,https://sportoonline.com/tr/urun/tnt-carniboom-l-carnitine-3000-mg-60-ml-x-karisik-meyve-1-adet,ince_aciklama,139,0,0,0
0,10444,"Protein Ocean Vegan Gainer Çilek 2500 Gr",Provitanya,https://sportoonline.com/tr/urun/protein-ocean-vegan-gainer-cilek-2500-gr,ince_aciklama,117,0,0,0
0,10445,"Solgar Vitamin E 400 IU 268 Mg  50 Kapsül",Provitanya,https://sportoonline.com/tr/urun/solgar-vitamin-e-400-iu-268-mg-50-kapsul,ince_aciklama,118,0,0,0
0,10446,"Solgar Milk Thistle  50 Kapsül",Provitanya,https://sportoonline.com/tr/urun/solgar-milk-thistle-50-kapsul,ince_aciklama,107,0,0,0
0,10450,"Sorvagen Smart Sitikolin DHA Omega 3 ve B12  30 Kapsül",Provitanya,https://sportoonline.com/tr/urun/sorvagen-smart-sitikolin-dha-omega-3-ve-b12-30-kapsul,ince_aciklama,131,0,0,0
0,10451,"Sanmark Vitamin D3 1000 IU Sprey  20 Ml",Provitanya,https://sportoonline.com/tr/urun/sanmark-vitamin-d3-1000-iu-sprey-20-ml,ince_aciklama,116,0,0,0
0,10452,"Solgar Artichoke Leaf Extract  60 Kapsül",Provitanya,https://sportoonline.com/tr/urun/solgar-artichoke-leaf-extract-60-kapsul,ince_aciklama,117,0,0,0
0,10453,"Solgar Calcium Magnesium Plus Zinc  100 Tablet",Provitanya,https://sportoonline.com/tr/urun/solgar-calcium-magnesium-plus-zinc-100-tablet,ince_aciklama,123,0,0,0
0,10455,"Solgar Ginkgo Biloba Leaf Extract  60 Kapsül",Provitanya,https://sportoonline.com/tr/urun/solgar-ginkgo-biloba-leaf-extract-60-kapsul,ince_aciklama,121,0,0,0
0,10456,"Hardline Burner  120 Tablet",Provitanya,https://sportoonline.com/tr/urun/hardline-burner-120-tablet,ince_aciklama,104,0,0,0
0,10457,"Protein Ocean Digestion Sindirim Enzimi  120 gr",Provitanya,https://sportoonline.com/tr/urun/protein-ocean-digestion-sindirim-enzimi-120-gr,ince_aciklama,124,0,0,0
0,10458,"Protein Ocean Ester C  60 Kapsül",Provitanya,https://sportoonline.com/tr/urun/protein-ocean-ester-c-60-kapsul,ince_aciklama,109,0,0,0
0,10459,"Ocean Extramag  30 Tablet",Provitanya,https://sportoonline.com/tr/urun/ocean-extramag-30-tablet,ince_aciklama,102,0,0,0
0,10460,"Protein Ocean Creatine  120 Gr",Provitanya,https://sportoonline.com/tr/urun/protein-ocean-creatine-120-gr,ince_aciklama,107,0,0,0
0,10461,"Protein Ocean Multivitamin  60 Kapsül",Provitanya,https://sportoonline.com/tr/urun/protein-ocean-multivitamin-60-kapsul,ince_aciklama,114,0,0,0
0,10462,"Protein Ocean Sleep Formula  50 Kapsül",Provitanya,https://sportoonline.com/tr/urun/protein-ocean-sleep-formula-50-kapsul,ince_aciklama,115,0,0,0
0,10463,"Hardline CLA One 100  Jel Kapsül",Provitanya,https://sportoonline.com/tr/urun/hardline-cla-one-100-jel-kapsul,ince_aciklama,109,0,0,0
0,10464,"Protein Ocean Vitamin K2  45 Kapsül",Provitanya,https://sportoonline.com/tr/urun/protein-ocean-vitamin-k2-45-kapsul,ince_aciklama,112,0,0,0
0,10465,"Protein Ocean Creatine  300 Gr",Provitanya,https://sportoonline.com/tr/urun/protein-ocean-creatine-300-gr,ince_aciklama,107,0,0,0
0,10466,"Protein Ocean Vitamin B12  60 Kapsül",Provitanya,https://sportoonline.com/tr/urun/protein-ocean-vitamin-b12-60-kapsul,ince_aciklama,113,0,0,0
0,10467,"Protein Ocean ZMA  90 Kapsül",Provitanya,https://sportoonline.com/tr/urun/protein-ocean-zma-90-kapsul,ince_aciklama,105,0,0,0
0,10468,"Solgar Vitamin B Complex  100 Kapsül",Provitanya,https://sportoonline.com/tr/urun/solgar-vitamin-b-complex-100-kapsul,ince_aciklama,113,0,0,0
0,10469,"Solgar Vitamin B Complex  50 Kapsül",Provitanya,https://sportoonline.com/tr/urun/solgar-vitamin-b-complex-50-kapsul,ince_aciklama,112,0,0,0
0,10470,"Hardline Karnitin  100 Kapsül",Provitanya,https://sportoonline.com/tr/urun/hardline-karnitin-100-kapsul,ince_aciklama,106,0,0,0
0,10471,"Ocean Panax Ginseng  60 Kapsül",Provitanya,https://sportoonline.com/tr/urun/ocean-panax-ginseng-60-kapsul,ince_aciklama,107,0,0,0
0,10472,"Hardline Carnifit 500 ML  1 Adet",Provitanya,https://sportoonline.com/tr/urun/hardline-carnifit-500-ml-1-adet,ince_aciklama,109,0,0,0
0,10473,"Solgar Vitamin B1 (Thiamin) 100 Mg  100 Kapsül",Provitanya,https://sportoonline.com/tr/urun/solgar-vitamin-b1-thiamin-100-mg-100-kapsul,ince_aciklama,123,0,0,0
0,10474,"Hardline L Karnitin  1000 ml",Provitanya,https://sportoonline.com/tr/urun/hardline-l-karnitin-1000-ml,ince_aciklama,105,0,0,0
0,10476,"Hardline MCT Oil  500 ml",Provitanya,https://sportoonline.com/tr/urun/hardline-mct-oil-500-ml,ince_aciklama,101,0,0,0
0,10478,"Hardline Carnifit 500 ML Ananas 24 Adet",Provitanya,https://sportoonline.com/tr/urun/hardline-carnifit-500-ml-ananas-24-adet,ince_aciklama,116,0,0,0
0,10479,"Hardline L-Karnitin Matrix 3000 Mg Şeftali 20 Ampul",Provitanya,https://sportoonline.com/tr/urun/hardline-l-karnitin-matrix-3000-mg-seftali-20-ampul,ince_aciklama,128,0,0,0
0,10480,"Hardline L-Karnitin Matrix 3000 Mg Limon 7 Ampul",Provitanya,https://sportoonline.com/tr/urun/hardline-l-karnitin-matrix-3000-mg-limon-7-ampul,ince_aciklama,125,0,0,0
0,10484,"Hardline Whey 3Matrix Base Çikolata 2300 Gr",Provitanya,https://sportoonline.com/tr/urun/hardline-whey-3matrix-base-cikolata-2300-gr,ince_aciklama,120,0,0,0
0,10486,"Hardline Vmax Protein Çikolata 2000 Gr",Provitanya,https://sportoonline.com/tr/urun/hardline-vmax-protein-cikolata-2000-gr,ince_aciklama,115,0,0,0
0,10487,"Hardline Vmax Protein Çikolata 908 Gr",Provitanya,https://sportoonline.com/tr/urun/hardline-vmax-protein-cikolata-908-gr,ince_aciklama,114,0,0,0
0,10488,"Hardline Antrenman Havlusu",Provitanya,https://sportoonline.com/tr/urun/hardline-antrenman-havlusu,ince_aciklama,105,0,0,0
0,10489,"Hardline Askılı Çanta",Provitanya,https://sportoonline.com/tr/urun/hardline-askili-canta,ince_aciklama,100,0,0,0
0,10490,"Hardline Hipro IsoWhey Çikolata 908 Gr",Provitanya,https://sportoonline.com/tr/urun/hardline-hipro-isowhey-cikolata-908-gr,ince_aciklama,115,0,0,0
0,10491,"Hardline Whey Zone Sarı Meyve 2300 Gr",Provitanya,https://sportoonline.com/tr/urun/hardline-whey-zone-sari-meyve-2300-gr,ince_aciklama,114,0,0,0
0,10492,"Hardline Whey 3Matrix Base Aromasız 908 Gr",Provitanya,https://sportoonline.com/tr/urun/hardline-whey-3matrix-base-aromasiz-908-gr,ince_aciklama,119,0,0,0
0,10493,"Hardline Whey 3Matrix Protein Tozu Çikolata 210 Gr",Provitanya,https://sportoonline.com/tr/urun/hardline-whey-3matrix-protein-tozu-cikolata-210-gr,ince_aciklama,127,0,0,0
0,10494,"Hardline Bileklik",Provitanya,https://sportoonline.com/tr/urun/hardline-bileklik,ince_aciklama,96,0,0,0
0,10495,"Hardline Maskotlu Anahtarlık",Provitanya,https://sportoonline.com/tr/urun/hardline-maskotlu-anahtarlik,ince_aciklama,107,0,0,0
0,10496,"Hardline Shaker",Provitanya,https://sportoonline.com/tr/urun/hardline-shaker,ince_aciklama,94,0,0,0
0,10497,"Hardline Şapka",Provitanya,https://sportoonline.com/tr/urun/hardline-sapka,ince_aciklama,93,0,0,0
0,10498,"Hardline Logolu Puff Bandana",Provitanya,https://sportoonline.com/tr/urun/hardline-logolu-puff-bandana,ince_aciklama,107,0,0,0
0,10499,"Hardline Pill Box",Provitanya,https://sportoonline.com/tr/urun/hardline-pill-box,ince_aciklama,96,0,0,0
0,10515,"Avicenna Omega 3-6-9 Balık Yağı  200 Kapsül",Provitanya,https://sportoonline.com/tr/urun/avicenna-omega-3-6-9-balik-yagi-200-kapsul,ince_aciklama,120,0,0,0
0,10530,"BigJoy Arginine Powder  150 gr",Provitanya,https://sportoonline.com/tr/urun/bigjoy-arginine-powder-150-gr,ince_aciklama,107,0,0,0
0,10542,"Bigjoy Hydro Pump Glycerol  180 gr",Provitanya,https://sportoonline.com/tr/urun/bigjoy-hydro-pump-glycerol-180-gr,ince_aciklama,111,0,0,0
0,10548,"Bite More Proteinli Pankek Cookie Cream 50 gr  12 Adet",Provitanya,https://sportoonline.com/tr/urun/bite-more-proteinli-pankek-cookie-cream-50-gr-12-adet,ince_aciklama,131,0,0,0
0,10561,"Dalan d'Olive Onarıcı Bakım Şampuan  400 ml",Provitanya,https://sportoonline.com/tr/urun/dalan-d-olive-onarici-bakim-sampuan-400-ml,ince_aciklama,120,0,0,0
0,10570,"Dymatize Iso 100 İzole Whey Protein Gourmet Chocolate 932 gr",Provitanya,https://sportoonline.com/tr/urun/dymatize-iso-100-izole-whey-protein-gourmet-chocolate-932-gr,ince_aciklama,137,0,0,0
0,10572,"Enervit Protein Bar %34 55 gr Kurabiye 1 Adet",Provitanya,https://sportoonline.com/tr/urun/enervit-protein-bar-34-55-gr-kurabiye-1-adet,ince_aciklama,122,0,0,0
0,10575,"Fa Ice Pump Pre Workout Turunçgil Şeftali 1 Şase",Provitanya,https://sportoonline.com/tr/urun/fa-ice-pump-pre-workout-turuncgil-seftali-1-sase,ince_aciklama,125,0,0,0
0,10576,"Fa Ice Pump Pre Workout Turunçgil Şeftali 463 gr",Provitanya,https://sportoonline.com/tr/urun/fa-ice-pump-pre-workout-turuncgil-seftali-463-gr,ince_aciklama,125,0,0,0
0,10645,"Kiperin Collagen Purple Hidrolize Kolajen  576 gr",Provitanya,https://sportoonline.com/tr/urun/kiperin-collagen-purple-hidrolize-kolajen-576-gr,ince_aciklama,126,0,0,0
0,10649,"Lionesse Ayak Törpüsü 457",Provitanya,https://sportoonline.com/tr/urun/lionesse-ayak-torpusu-457,ince_aciklama,104,0,0,0
0,10652,"Lionesse Tırnak Makası 3410 (6002)",Provitanya,https://sportoonline.com/tr/urun/lionesse-tirnak-makasi-3410-6002,ince_aciklama,113,0,0,0
0,10666,"New Life Efa-Pop Omega 3 Balık Yağı  30 Kapsül",Provitanya,https://sportoonline.com/tr/urun/new-life-efa-pop-omega-3-balik-yagi-30-kapsul,ince_aciklama,123,0,0,0
0,10667,"Nutrend Creatine Monohydrate  300 gr",Provitanya,https://sportoonline.com/tr/urun/nutrend-creatine-monohydrate-300-gr,ince_aciklama,113,0,0,0
0,10691,"Protein Ocn Alcar  60 Kapsül",Provitanya,https://sportoonline.com/tr/urun/protein-ocn-alcar-60-kapsul,ince_aciklama,105,0,0,0
0,10694,"Protein Ocn Kakaolu Fıstık Ezmesi  650 Gr",Provitanya,https://sportoonline.com/tr/urun/protein-ocn-kakaolu-fistik-ezmesi-650-gr,ince_aciklama,118,0,0,0
0,10730,"Venatura Magnezyum Sitrat ve P-5-P (Vitamin B6)  60 Tablet",Provitanya,https://sportoonline.com/tr/urun/venatura-magnezyum-sitrat-ve-p-5-p-vitamin-b6-60-tablet,ince_aciklama,135,0,0,0
0,10731,"Viaxi Glide Su Bazlı A+ Kayganlaştırıcı Jel  100 Ml",Provitanya,https://sportoonline.com/tr/urun/viaxi-glide-su-bazli-a-kayganlastirici-jel-100-ml,ince_aciklama,128,0,0,0
0,10732,"Wefood Fındık Ezmesi Çikolatalı Hurmalı  200 gr",Provitanya,https://sportoonline.com/tr/urun/wefood-findik-ezmesi-cikolatali-hurmali-200-gr,ince_aciklama,124,0,0,0
0,10733,"Wefood Glutensiz Granola Kırmızı Meyve & Badem  250 gr",Provitanya,https://sportoonline.com/tr/urun/wefood-glutensiz-granola-kirmizi-meyve-badem-250-gr,ince_aciklama,131,0,0,0
0,10734,"Wefood Ham Kakao Tozu  140 gr",Provitanya,https://sportoonline.com/tr/urun/wefood-ham-kakao-tozu-140-gr,ince_aciklama,106,0,0,0
0,10735,"Wefood Karnıyarık Otu Tozu  200 gr",Provitanya,https://sportoonline.com/tr/urun/wefood-karniyarik-otu-tozu-200-gr,ince_aciklama,111,0,0,0
0,10742,"TNT Carniboom L-Carnitine 3000 mg 60 ml x Karışık Meyve 20 Adet",Provitanya,https://sportoonline.com/tr/urun/tnt-carniboom-l-carnitine-3000-mg-60-ml-x-karisik-meyve-20-adet,ince_aciklama,140,0,0,0
0,10746,"BigJoy L-Arginine Powder Orman Meyveli 500 Gr",Provitanya,https://sportoonline.com/tr/urun/bigjoy-l-arginine-powder-orman-meyveli-500-gr,ince_aciklama,122,0,0,0
0,10754,"BigJoy Pre-Dator Go! MIX 1 Şase",Provitanya,https://sportoonline.com/tr/urun/bigjoy-pre-dator-go-mix-1-sase,ince_aciklama,108,0,0,0
0,10771,"Supradyn Koenzim Q10  30 Tablet",Provitanya,https://sportoonline.com/tr/urun/supradyn-koenzim-q10-30-tablet,ince_aciklama,108,0,0,0
0,10779,"Olimp CLA + L-Carnitine  60 Kapsül",Provitanya,https://sportoonline.com/tr/urun/olimp-cla-l-carnitine-60-kapsul,ince_aciklama,111,0,0,0
0,10780,"BigJoy Arginine Powder  300 gr",Provitanya,https://sportoonline.com/tr/urun/bigjoy-arginine-powder-300-gr,ince_aciklama,107,0,0,0
0,10783,"Protein Ocean Milk Protein Çilek 400 Gr",Provitanya,https://sportoonline.com/tr/urun/protein-ocean-milk-protein-cilek-400-gr,ince_aciklama,116,0,0,0
0,10797,"Enervit Protein Bar %32 60 gr 25 Adet",Provitanya,https://sportoonline.com/tr/urun/enervit-protein-bar-32-60-gr-1-adet,ince_aciklama,116,0,0,0
0,10799,"Enervit Protein Bar %34 55 gr 25 Adet",Provitanya,https://sportoonline.com/tr/urun/enervit-protein-bar-34-55-gr-25-adet,ince_aciklama,115,0,0,0
0,10804,"TNT Carniboom L-Carnitine 3000 mg 1000 Ml 2 Adet",Provitanya,https://sportoonline.com/tr/urun/tnt-l-carnitine-2000-mg-1000-ml-2-adet,ince_aciklama,127,0,0,0
0,10811,"TNT Carniboom L-Carnitine 3000 mg 60 ml x 20 Adet 2 Paket",Provitanya,https://sportoonline.com/tr/urun/tnt-carniboom-l-carnitine-3000-mg-60-ml-x-20-adet-2-paket,ince_aciklama,136,0,0,0
0,10833,"Protein Ocn Heavy Duty Pre-Workout Yeşil Elma 300 Gr",Provitanya,https://sportoonline.com/tr/urun/protein-ocn-heavy-duty-pre-workout-yesil-elma-300-gr,ince_aciklama,129,0,0,0
0,10842,"Olimp Creatine Monohydrate Powder  250 gr",Provitanya,https://sportoonline.com/tr/urun/olimp-creatine-monohydrate-powder-250-gr,ince_aciklama,118,0,0,0
0,10846,"Nutrend Carnitine 3000 Shot 60  ml*20 Ampül",Provitanya,https://sportoonline.com/tr/urun/nutrend-carnitine-3000-shot-60-ml-20-ampul,ince_aciklama,120,0,0,0
0,10849,"New Life 4 Hepa  30 Kapsül",Provitanya,https://sportoonline.com/tr/urun/new-life-4-hepa-30-kapsul,ince_aciklama,103,0,0,0
0,10882,"BigJoy Pre-Dator Go! MIX 21 Şase",Provitanya,https://sportoonline.com/tr/urun/bigjoy-pre-dator-go-mix-21-sase,ince_aciklama,109,0,0,0
0,10885,"Nutrever BCAA Powder Şeftali 500 Gr",Provitanya,https://sportoonline.com/tr/urun/nutrever-bcaa-powder-seftali-500-gr,ince_aciklama,112,0,0,0
0,10896,"Solgar Omega 3 950 mg  100 Kapsül",Provitanya,https://sportoonline.com/tr/urun/solgar-omega-3-950-mg-100-kapsul,ince_aciklama,110,0,0,0
0,10898,"Nutrever L-Glutamine  300 gr",Provitanya,https://sportoonline.com/tr/urun/nutrever-l-glutamine-300-gr,ince_aciklama,105,0,0,0
0,10899,"Ocean Selenyum 200 mcg  60 Tablet",Provitanya,https://sportoonline.com/tr/urun/ocean-selenyum-200-mcg-60-tablet,ince_aciklama,110,0,0,0
0,10905,"Nutraxin Immun S  60 Tablet",Provitanya,https://sportoonline.com/tr/urun/nutraxin-immun-s-60-tablet,ince_aciklama,104,0,0,0
0,10906,"Nutrend Glutamine  300 gr",Provitanya,https://sportoonline.com/tr/urun/nutrend-glutamine-300-gr,ince_aciklama,102,0,0,0
0,10929,"On The Go Body Fuel Sports Drink 40 Portakal Gr Saşe",Provitanya,https://sportoonline.com/tr/urun/on-the-go-body-fuel-sports-drink-40-portakal-gr-sase,ince_aciklama,129,0,0,0
0,10933,"On The Go Recovery Sports Drink 70 Gr x Çikolata 20 Saşe",Provitanya,https://sportoonline.com/tr/urun/on-the-go-recovery-sports-drink-70-gr-x-cikolata-20-sase,ince_aciklama,133,0,0,0
0,10936,"Ocean Vitamin D3 1000 IU Damla 50 mL",Provitanya,https://sportoonline.com/tr/urun/ocean-vitamin-d3-1000-iu-damla-50-ml,ince_aciklama,115,0,0,0
0,10937,"On The Go Recovery Sports Drink 70 Gr Çikolata 1 Saşe",Provitanya,https://sportoonline.com/tr/urun/on-the-go-recovery-sports-drink-70-gr-cikolata-1-sase,ince_aciklama,130,0,0,0
0,10962,"Nutraxin B Complex Vitamin  60 Tablet",Provitanya,https://sportoonline.com/tr/urun/nutraxin-b-complex-vitamin-60-tablet,ince_aciklama,114,0,0,0
0,10998,"Trec Creatine Monohydrate  300 Gr",multiprice,https://sportoonline.com/tr/urun/trec-creatine-monohydrate-300-gr,ince_aciklama,109,0,0,0
0,11007,"BigJoy Crea Big Micronized Creatine Powder  300 Gr",Provitanya,https://sportoonline.com/tr/urun/bigjoy-crea-big-micronized-creatine-powder-300-gr,ince_aciklama,127,0,0,0
0,11008,"BigJoy L-Carnitine Çilek 1000 ML",Provitanya,https://sportoonline.com/tr/urun/bigjoy-l-carnitine-cilek-1000-ml,ince_aciklama,109,0,0,0
0,11016,"BigJoy Crea Big Micronized Creatine Powder  120 Gr",Provitanya,https://sportoonline.com/tr/urun/bigjoy-crea-big-micronized-creatine-powder-120-gr,ince_aciklama,127,0,0,0
0,11029,"Ocean Bromelain  30 Kapsül",Provitanya,https://sportoonline.com/tr/urun/ocean-bromelain-30-kapsul,ince_aciklama,103,0,0,0
0,11239,"Victorinox 6.0930 Rapid Beyaz Soyacak",EYB,https://sportoonline.com/tr/urun/victorinox-60930-rapid-beyaz-soyacak,aciklama_yok,0,0,0,0
0,11240,"Troika Kişisel Bakım Çantası, Gri",EYB,https://sportoonline.com/tr/urun/troika-kisisel-bakim-cantasi-gri,aciklama_yok,0,0,0,0
0,11241,"Sigg 6189.60 Viva One 0,5L Çocuk Matara, Superman",EYB,https://sportoonline.com/tr/urun/sigg-viva-one-superman-matara-05l,kopya_aciklama,1023,5,0,0
0,11242,"Sigg 8973.20 Neso 0,30L Termos Kupa, Siyah",EYB,https://sportoonline.com/tr/urun/sigg-neso-termos-kupa-030lsiyah,kopya_aciklama,1206,2,0,0
0,11243,"Sigg 8972.80 Neso 0,40L Termos Kupa, Siyah",EYB,https://sportoonline.com/tr/urun/sigg-neso-termos-kupa-040lsiyah,kopya_aciklama,1206,2,0,0
0,11244,"Sigg 8973.10 Neso 0,30L Termos Kupa, Beyaz",EYB,https://sportoonline.com/tr/urun/sigg-neso-termos-kupa-030lbeyaz,kopya_aciklama,1206,2,0,0
0,11245,"Sigg 6189.90 WMB One 0,6L Çocuk Matara, Superman Blue",EYB,https://sportoonline.com/tr/urun/sigg-wmb-one-superman-blue-matara-06l,kopya_aciklama,1090,9,0,0
0,11246,"Sigg 6190.90 WMB One 0,6L Çocuk Matara, Tom&Jerry",EYB,https://sportoonline.com/tr/urun/sigg-wmb-one-tom-jerry-matara-06l,kopya_aciklama,1090,9,0,0
0,11248,"Sigg 8695.50 Miracle 0,27L Termos Kupa, Çelik",EYB,https://sportoonline.com/tr/urun/sigg-miracle-termos-kupa-027lcelik,kopya_aciklama,1305,4,0,0
0,11249,"Sigg 8950.90 Total Clear 0,75L Matara, Pembe",EYB,https://sportoonline.com/tr/urun/sigg-total-clear-berry-my-planet-matara-075lpembe,kopya_aciklama,1110,5,0,0
0,11250,"Sigg 8951.00 Total Clear 0,75L Matara, Mavi",EYB,https://sportoonline.com/tr/urun/sigg-total-clear-blue-planet-matara-075lmavi,kopya_aciklama,1110,5,0,0
0,11251,"Sigg 8951.10 Total Clear 0,75L Matara, Turkuaz",EYB,https://sportoonline.com/tr/urun/sigg-total-clear-aqua-planet-matara-075lturkuaz,kopya_aciklama,1110,5,0,0
0,11252,"Sigg 8951.20 Total Clear 0,75L Matara, Yeşil",EYB,https://sportoonline.com/tr/urun/sigg-total-clear-green-myplanet-matara-075lyesil,kopya_aciklama,1110,5,0,0
0,11254,"Epicurean Pratik Serisi Natural Kesme Tahtası 23x19cm",EYB,https://sportoonline.com/tr/urun/epicurean-handy-seri-kesme-tahtasi-23x19cmnatural,aciklama_yok,0,0,0,0
0,11255,"Epicurean Pratik Serisi Natural Kesme Tahtası 36x19cm",EYB,https://sportoonline.com/tr/urun/epicurean-handy-seri-kesme-tahtasi-36x19cmnatural,aciklama_yok,0,0,0,0
0,11269,"Diplomat 10701023 6lı Siyah Yedek Kartuş",EYB,https://sportoonline.com/tr/urun/diplomat-kartuj-6-li-syh,aciklama_yok,0,0,0,0
0,11273,"Epicurean Mutfak Serisi Natural Kesme Tahtası 20x15cm",EYB,https://sportoonline.com/tr/urun/epicurean-kitchenseri-kesmetahtasi-20x15cmnatural,aciklama_yok,0,0,0,0
0,11281,"Victorinox 653686 Travel Essential Katlanır Sırt Çantası, Siyah",EYB,https://sportoonline.com/tr/urun/vtg-travel-essentials-katlanir-sirt-cantasi-syh,kopya_aciklama,461,2,0,0
0,11282,"Victorinox 653687 Travel Essential Katlanır Sırt Çantası, Gri",EYB,https://sportoonline.com/tr/urun/vtg-travel-essentials-katlanir-sirt-cantasigri,kopya_aciklama,461,2,0,0
0,11284,"Victorinox 653537 Altmont Modern Crossbody Çanta, Krem",EYB,https://sportoonline.com/tr/urun/vtg-altmont-modern-crossbody-cantakrem,kopya_aciklama,1726,3,0,0
0,11285,"Victorinox 653538 Altmont Modern Crossbody Çanta, Mavi",EYB,https://sportoonline.com/tr/urun/vtg-altmont-modern-crossbody-cantamavi,kopya_aciklama,1726,3,0,0
0,11289,"Sigg 6060.20 WMB One 0,6L Çocuk Matara, Mickey Retro",EYB,https://sportoonline.com/tr/urun/sigg-wmb-one-mickey-retro-matara-06l,kopya_aciklama,1090,9,0,0
0,11290,"Sigg 6060.40 WMB One 1L Çocuk Matara, Mickey Mouse  Pattern",EYB,https://sportoonline.com/tr/urun/sigg-wmb-one-mickey-mouse-pattern-matara-10l,kopya_aciklama,1090,9,0,0
0,11292,"Sigg 8973.80 Disney 0.4L Çocuk Matarası, Mickey Paint",EYB,https://sportoonline.com/tr/urun/sigg-897380-disney-mickey-paint-04l-matara,kopya_aciklama,1114,8,0,0
0,11297,"Sigg 6041.60 Total Clear Planet 1,5L Matara, Pembe",EYB,https://sportoonline.com/tr/urun/sigg-total-clear-berry-my-planet-matara15lpembe,kopya_aciklama,1110,4,0,0
0,11298,"Sigg 6043.50 Total Clear Planet 0,75L Matara, Yeşil-Sarı",EYB,https://sportoonline.com/tr/urun/sari,kopya_aciklama,1110,4,0,0
0,11299,"Sigg 6052.70 Miracle 0,27L Termos Kupa, Pembe",EYB,https://sportoonline.com/tr/urun/sigg-miracle-termos-kupa-027lpembe,kopya_aciklama,1305,4,0,0
0,11300,"Sigg 6052.80 Miracle 0,27L Termos Kupa, Yeşil",EYB,https://sportoonline.com/tr/urun/sigg-miracle-termos-kupa-027lyesil,kopya_aciklama,1305,4,0,0
0,11303,"Troika Code 24 Anahtarlık",EYB,https://sportoonline.com/tr/urun/troika-code-24-anahtarlik,aciklama_yok,0,0,0,0
0,11306,"Epicurean AllinOn Serisi Natural Kesme Tahtası 29x23cm",EYB,https://sportoonline.com/tr/urun/epicurean-allinon-serisi-natural-kesme-tahtasi-29x23cm,aciklama_yok,0,0,0,0
0,11308,"Wenger 01.1911.103 Vintage Classic 27mm Kadın Kol Saati",EYB,https://sportoonline.com/tr/urun/wenger-vintage-classic-27mavikdrclkkys-kol-saati,kopya_aciklama,1236,2,0,0
0,11309,"Wenger 01.1911.104 Vintage Classic 27mm Kadın Kol Saati",EYB,https://sportoonline.com/tr/urun/wenger-vintage-classic-27amavikdrclkkys-kol-saat,kopya_aciklama,1236,2,0,0
0,11313,"Buck 663 Alpha Guide Pro Bıçak, Ceviz",EYB,https://sportoonline.com/tr/urun/buck-663-alpha-guide-probicakceviz-agaci-yzykutu,ince_aciklama,136,0,0,0
0,11315,"Victorinox 6.7111.23 Swiss Classic Soyma Bıçağı + Soyacak 2li Set, Kırmızı",EYB,https://sportoonline.com/tr/urun/victorinox-6711123-swiss-classic-soyma-bicagi-soyacak-2li-set-kirmizi,aciklama_yok,0,0,0,0
0,11317,"Buck 625 Intrepid Bıçak",EYB,https://sportoonline.com/tr/urun/buck-625-intrepid-bicak-syh-eos,aciklama_yok,0,0,0,0
0,11318,"Buck 493 Waterfowler Bıçak",EYB,https://sportoonline.com/tr/urun/red-micarta-bicak-eos,aciklama_yok,0,0,0,0
0,11319,"Victorinox 10157 INOX Saat için Kayış + Çakı Set",EYB,https://sportoonline.com/tr/urun/vsa-inox-saat-icin-sbb-kit-cakikayis,aciklama_yok,0,0,0,0
0,11321,"Wenger 01.1441.139 City Classic 42mm Erkek Kol Saati",EYB,https://sportoonline.com/tr/urun/wenger-city-classicgms-kdrsyh-deri-kys-kol-saati,kopya_aciklama,868,2,0,0
0,11322,"Wenger 01.1441.142 City Classic 42mm Erkek Kol Saati",EYB,https://sportoonline.com/tr/urun/wenger-city-classicsyh-kdr2t-clk-kys-kol-saati,kopya_aciklama,873,2,0,0
0,11326,"Wenger 01.1921.110 Vintage Sport 37mm Erkek Kol Saati",EYB,https://sportoonline.com/tr/urun/wenger-vintage-sport-37mavi-kdrclk-kys-kol-saati,kopya_aciklama,1252,2,0,0
0,11327,"Wenger 01.1921.111 Vintage Sport 37mm Erkek Kol Saati",EYB,https://sportoonline.com/tr/urun/wenger-vintage-sport-37ysl-kdrclk-kys-kol-saati,kopya_aciklama,1252,2,0,0
0,11341,"Buck 812 Trace Çakı, Bronz",EYB,https://sportoonline.com/tr/urun/buck-812-trace-cakibronz-yuzeytestkenarkutu,ince_aciklama,136,0,0,0
0,11343,"Sigg 6021.40 Therm One 0,75L Termos, Turkuaz",EYB,https://sportoonline.com/tr/urun/sigg-therm-one-termos-10lturkuaz,kopya_aciklama,1135,9,0,0
0,11345,"Buck 539 Open Season Small Bıçak",EYB,https://sportoonline.com/tr/urun/buck-539-open-season-s-gulagaci-sapli-bicak-eos,aciklama_yok,0,0,0,0
0,11346,"Troika Marangoz Kalemi, Siyah",EYB,https://sportoonline.com/tr/urun/troika-marangoz-kalemisyh,kopya_aciklama,553,3,0,0
0,11347,"Troika Marangoz Kalemi, Gümüş",EYB,https://sportoonline.com/tr/urun/troika-marangoz-kalemigms,kopya_aciklama,553,3,0,0
0,11352,"Sigg 6021.70 Therm One 1L Termos, Sarı",EYB,https://sportoonline.com/tr/urun/sigg-therm-one-termos-10lsari,kopya_aciklama,1136,7,0,0
0,11363,"Wenger 01.1933.108 Vintage Sport Chrono 39.5mm Erkek Kol Saati",EYB,https://sportoonline.com/tr/urun/wenger-vintage-sport-chrsyh-kdrsyh-kys-kol-saati,aciklama_yok,0,0,0,0
0,11364,"Wenger 01.1933.114 Vintage Sport Chrono 39.5mm Erkek Kol Saati",EYB,https://sportoonline.com/tr/urun/wenger-vintage-sport-chrsyh-kdrsyh-kys-kol-saati-16256,aciklama_yok,0,0,0,0
0,11365,"Wenger 01.1441.138 City Classic 42mm Erkek Kol Saati",EYB,https://sportoonline.com/tr/urun/wenger-city-classicsyh-kdrsyh-deri-kys-kol-saati,kopya_aciklama,868,2,0,0
0,11366,"Victorinox 241765 Alliance Quartz Erkek Kol Saati",EYB,https://sportoonline.com/tr/urun/vsa-alliance-l-gri-kdr-syh-kys-kol-saati-eos,aciklama_yok,0,0,0,0
0,11374,"Sigg 6021.60 Therm One 1L Termos, Yeşil",EYB,https://sportoonline.com/tr/urun/sigg-therm-one-termos-10lyesil,kopya_aciklama,1136,7,0,0
0,11383,"Swissgear 9.4132.M Küçük Boy Postacı Çantası",EYB,https://sportoonline.com/tr/urun/swissgear-94132m-kucuk-boy-postaci-cantasi,aciklama_yok,0,0,0,0
0,11386,"Epicurean Mutfak Serisi Natural Köşeli Spatula",EYB,https://sportoonline.com/tr/urun/epicurean-kitchen-seri-koseli-spatulanatural,aciklama_yok,0,0,0,0
0,11393,"Victorinox 241879 Alliance Small Quartz Kadın Kol Saati",EYB,https://sportoonline.com/tr/urun/victorionox-241879-alliance-xs-kadin-kol-saati,aciklama_yok,0,0,0,0
0,11394,"Sigg 6178.50 Helia 0,45L Termos Kupa, Siyah",EYB,https://sportoonline.com/tr/urun/sigg-helia-termos-kupa-045lsiyah,kopya_aciklama,1187,8,0,0
0,11395,"Victorinox 241980.1 Journey 1884 Otomatik Erkek Kol Saati",EYB,https://sportoonline.com/tr/urun/victorinox-2419801-journey-1884-erkek-kol-saati,aciklama_yok,0,0,0,0
0,11399,"Victorinox 5.6006.15RAD 15cm Çam Ağacı Sıyırma Bıçağı",EYB,https://sportoonline.com/tr/urun/victorinox-5600615rad-15cm-siyirma-bicagi-cam-agaci,ince_aciklama,54,0,0,0
0,11402,"Sigg 6041.50 Total Clear Planet 1,5L Matara, Gri",EYB,https://sportoonline.com/tr/urun/sigg-total-clear-antrasit-planet-matara-15l-gri,kopya_aciklama,1110,4,0,0
0,11403,"Sigg 6041.60 Total Clear Planet 1,5L Matara, Turkuaz",EYB,https://sportoonline.com/tr/urun/sigg-total-clear-aqua-planet-matara-15lturkuaz,kopya_aciklama,1110,4,0,0
0,11412,"Muela Viking 11cm Ateş Başlatıcılı Bıçak, Micarta Sap",EYB,https://sportoonline.com/tr/urun/muela-viking-bicak11cmsyhmicarta-sapatesyakicili,aciklama_yok,0,0,0,0
0,11413,"Sigg 6178.30 Helia 0,60L Termos Kupa, Siyah",EYB,https://sportoonline.com/tr/urun/sigg-helia-termos-kupa-060lsiyah,kopya_aciklama,1187,8,0,0
0,11414,"Sigg 6170.90 Alpine Star 1L Termos, Karamel",EYB,https://sportoonline.com/tr/urun/sigg-617090-alpine-star-1l-termos-karamel,kopya_aciklama,1422,2,0,0
0,11415,"Victorinox 241976.1 Journey 1884 Quartz Erkek Kol Saati",EYB,https://sportoonline.com/tr/urun/victorinox-2419761-journey-1884-erkek-kol-saati,aciklama_yok,0,0,0,0
0,11422,"Wenger 01.1421.123 City Classic 34mm Kadın Kol Saati",EYB,https://sportoonline.com/tr/urun/wenger-city-classic-34syhkdrsyhderikys-kol-saati,kopya_aciklama,871,2,0,0
0,11423,"Victorinox 242009 Journey 1884 Quartz Erkek Kol Saati",EYB,https://sportoonline.com/tr/urun/vsa-journey-1884-syh-kdrclk-kys-kol-saati,aciklama_yok,0,0,0,0
0,11427,"Victorinox A.3757 Büyük Makas Pense Yayı",EYB,https://sportoonline.com/tr/urun/buyuk-makas-pense-yayi,aciklama_yok,0,0,0,0
0,11431,"Victorinox A.3641 Yamuk Başlı Kürdan",EYB,https://sportoonline.com/tr/urun/yamuk-basli-kurdan,aciklama_yok,0,0,0,0
0,11432,"Victorinox A.3642 Yamuk Başlı Cımbız",EYB,https://sportoonline.com/tr/urun/yamuk-basli-cimbiz,aciklama_yok,0,0,0,0
0,11433,"Victorinox A.3643 Mini Tornavida",EYB,https://sportoonline.com/tr/urun/mini-tornavida,aciklama_yok,0,0,0,0
0,11434,"Victorinox A.3644 Uzun Tükenmez Kalem",EYB,https://sportoonline.com/tr/urun/uzun-tukenmez-kalem,aciklama_yok,0,0,0,0
0,11435,"Victorinox A.6144 Kısa Tükenmez Kalem",EYB,https://sportoonline.com/tr/urun/kisa-tukenmez-kalem-eos,aciklama_yok,0,0,0,0
0,11436,"Victorinox 4.1875.9 65mm Çakı Taşıma Kordonu, Turuncu",EYB,https://sportoonline.com/tr/urun/victorinox-418759-65mm-caki-tasima-kordonu-turuncu,kopya_aciklama,536,4,0,0
0,11447,"Sigg 6021.00 Therm One 0,75L Termos, Yeşil",EYB,https://sportoonline.com/tr/urun/sigg-therm-one-termos-075lyesil,kopya_aciklama,1135,9,0,0
0,11448,"Sigg 6021.10 Therm One 0,75L Termos, Sarı",EYB,https://sportoonline.com/tr/urun/sigg-therm-one-termos-075lsari,kopya_aciklama,1135,9,0,0
0,11449,"Buck 103 Skinner Pro Bıçak, Yeşil",EYB,https://sportoonline.com/tr/urun/buck-103-skinner-pro-bicakysl-micarta-saplikutu,ince_aciklama,135,0,0,0
0,11450,"Buck 102 Woodsman Pro Bıçak, Yeşil",EYB,https://sportoonline.com/tr/urun/buck-102woodsman-pro-bicakysl-micarta-saplikutu,ince_aciklama,131,0,0,0
0,11451,"Sigg 6059.90 Viva One 0,5L Çocuk Matara, Stitch Surfing",EYB,https://sportoonline.com/tr/urun/sigg-viva-one-stitch-surfing-matara-05l,kopya_aciklama,1023,5,0,0
0,11453,"Sigg 6059.70 Viva One 0,5L Çocuk Matara, Junior Minnie",EYB,https://sportoonline.com/tr/urun/sigg-viva-one-junior-minnie-matara-05l,kopya_aciklama,1023,5,0,0
0,11454,"Victorinox 0.9415.DS23 BS Alox Çakı, Siyah",EYB,https://sportoonline.com/tr/urun/victorinox-09415ds23-bs-alox-caki-siyah,kopya_aciklama,555,2,0,0
0,11455,"Victorinox 0.9415.DS249 BS Alox Çakı, Bej",EYB,https://sportoonline.com/tr/urun/victorinox-09415ds249-bs-alox-caki-bej,kopya_aciklama,555,2,0,0
0,11458,"Nebo 6809 Tino 300Lümen Fener",EYB,https://sportoonline.com/tr/urun/true-utility-nebo-tino-fener-300-lmn,aciklama_yok,0,0,0,0
0,11460,"Troika Construction Tükenmez Kalem, Yeşil",EYB,https://sportoonline.com/tr/urun/troika-construction-tukenmez-kalem-yesil,kopya_aciklama,1118,2,0,0
0,11475,"Nebo 6737 Big Larry 2 500 Lümen Fener",EYB,https://sportoonline.com/tr/urun/true-utility-nebo-big-larry-2-fener-500-lumen-eos,aciklama_yok,0,0,0,0
0,11476,"Nebo 6306 Big Larry 400 Lümen Fener",EYB,https://sportoonline.com/tr/urun/nebo-6306-big-larry-400-lumen-fener,aciklama_yok,0,0,0,0
0,11477,"Skeeter Mosq Lantern Sinek Kovucu",EYB,https://sportoonline.com/tr/urun/trueutility-skeeter-mosq-lantern-sinek-kovucu-eos,aciklama_yok,0,0,0,0
0,11485,"Victorinox 241597 Airboss Otomatik Erkek Kol Saati",EYB,https://sportoonline.com/tr/urun/vsa-airboss-mechchrkgrikdrkhvkys-kols-eos,aciklama_yok,0,0,0,0
0,11486,"Victorinox 241710 Airboss Otomatik Erkek Kol Saati",EYB,https://sportoonline.com/tr/urun/vsa-airboss-mechchr-kgri-kdrkhv-kys-kol-saati-eos,aciklama_yok,0,0,0,0
0,11489,"Victorinox 241766 Alliance Quartz Erkek Kol Saati",EYB,https://sportoonline.com/tr/urun/vsa-alliance-l-khv-kdrkhv-kys-kol-saati-eos,aciklama_yok,0,0,0,0
0,11492,"Troika Ataç Tutucu",EYB,https://sportoonline.com/tr/urun/troika-atac-tutucu,aciklama_yok,0,0,0,0
0,11495,"Wenger 01.0641.117 Seaforce Kol Saati",EYB,https://sportoonline.com/tr/urun/wenger-seaforce-syh-kdr-syh-kys-kol-saati-eos,aciklama_yok,0,0,0,0
0,11497,"Sigg 6052.90 Therm One 1L Termos, Siyah",EYB,https://sportoonline.com/tr/urun/sigg-therm-one-termos-10lsiyah,kopya_aciklama,1136,7,0,0
0,11498,"Sigg 6053.00 Therm One 1L Termos, Beyaz",EYB,https://sportoonline.com/tr/urun/sigg-therm-one-termos-10lbeyaz,kopya_aciklama,1136,7,0,0
0,11500,"Epicurean Mutfak Serisi Siyah Kesme Tahtası 20x15cm",EYB,https://sportoonline.com/tr/urun/epicurean-mutfak-serisi-siyah-kesme-tahtasi-20x15cm,kopya_aciklama,1244,2,0,0
0,11513,"Dreamfarm Sharple Soyacak, Kırmızı",EYB,https://sportoonline.com/tr/urun/dreamfarm-sharple-soyacakkirmizi,kopya_aciklama,914,2,0,0
0,11516,"Wenger 01.1741.112 Urban Kol Saati",EYB,https://sportoonline.com/tr/urun/wenger-urban-clas-byzkdrgoldorgu-kyskolsaati-eos,aciklama_yok,0,0,0,0
0,11517,"Wenger 01.1741.124 Urban Kol Saati",EYB,https://sportoonline.com/tr/urun/wenger-urban-clas-s-gmskdrkhvderikys-kolsaati-eos,aciklama_yok,0,0,0,0
0,11518,"Wenger 01.1743.118 Urban Kol Saati",EYB,https://sportoonline.com/tr/urun/wenger-urban-clas-chrbyzkdrsyhderi-kyskol-sa-eos,aciklama_yok,0,0,0,0
0,11520,"Sigg 8731.50 Miracle 0.35L Çocuk Matarası, Pony Friend",EYB,https://sportoonline.com/tr/urun/sigg-mk-pony-friend-matara-035l,kopya_aciklama,1075,5,0,0
0,11542,"Diplomat 40310025 Aero Volute Dolma Kalem, Medium Uç",EYB,https://sportoonline.com/tr/urun/diplomat-volute-dolmakalem-m-eos,aciklama_yok,0,0,0,0
0,11547,"Victorinox 6.7731.C1 Swiss Classic 10cm Tırtıklı Soyma Bıçağı, Kırmızı",EYB,https://sportoonline.com/tr/urun/victorinox-67731c1-swiss-classic-10cm-tirtikli-soyma-bicagi-kirmizi,kopya_aciklama,606,4,0,0
0,11549,"Victorinox 6.7604.C1 Swiss Classic 8cm Düz Soyma Bıçağı, Yeşil",EYB,https://sportoonline.com/tr/urun/victorinox-67604c1-swiss-classic-8cm-duz-soyma-bicagi-yesil,kopya_aciklama,595,6,0,0
0,11550,"Victorinox 6.7608.C1 Swiss Classic 8cm Düz Soyma Bıçağı, Sarı",EYB,https://sportoonline.com/tr/urun/victorinox-67608c1-swiss-classic-8cm-duz-soyma-bicagi-sari,kopya_aciklama,595,6,0,0
0,11551,"Victorinox 6.7635.C1 Swiss Classic 8cm Tırtıklı Soyma Bıçağı, Mor",EYB,https://sportoonline.com/tr/urun/victorinox-67635c1-swiss-classic-8cm-tirtikli-soyma-bicagi-mor,kopya_aciklama,658,7,0,0
0,11553,"Victorinox 611135 Atkı Gri",EYB,https://sportoonline.com/tr/urun/vtg-brand-collection-atkikoyu-gri,kopya_aciklama,428,2,0,0
0,11555,"Sigg 6016.00 Helia 0,60L Çelik Termos, Sarı",EYB,https://sportoonline.com/tr/urun/sigg-optimistic-yellow-060lclk-termossari,kopya_aciklama,1187,8,0,0
0,11577,"Troika Construction Verstail Kalem, Gümüş",EYB,https://sportoonline.com/tr/urun/troika-construction-versatil-kalemgms,aciklama_yok,0,0,0,0
0,11582,"Buck 663 Alpha Guide Pro Bıçak, Kahverengi",EYB,https://sportoonline.com/tr/urun/buck-663-alpha-guide-pro-bicak-kahverengi,ince_aciklama,139,0,0,0
0,11584,"Wenger 01.1441.140 City Classic 42mm Erkek Kol Saati",EYB,https://sportoonline.com/tr/urun/wenger-city-classicsyh-kdrclk-kys-kol-saati,kopya_aciklama,865,2,0,0
0,11585,"Wenger 01.1441.141 City Classic 42mm Erkek Kol Saati",EYB,https://sportoonline.com/tr/urun/wenger-city-classicmavi-kdr2t-clk-kys-kol-saati,kopya_aciklama,873,2,0,0
0,11591,"Victorinox 6.0930.3 Rapid Siyah Soyacak",EYB,https://sportoonline.com/tr/urun/victorinox-609303-rapid-siyah-soyacak,aciklama_yok,0,0,0,0
0,11607,"Maserin ESPO-12-B-1 Espo Çakı",EYB,https://sportoonline.com/tr/urun/maserin-espo-12,aciklama_yok,0,0,0,0
0,11637,"Buck 746 Sovereign Çakı, Karbon Fiber",EYB,https://sportoonline.com/tr/urun/buck-746-sovereign-cakicarbon-fiber-yuzeykutu,ince_aciklama,135,0,0,0
0,11638,"Buck 743 Sovereign Çakı, Çelik",EYB,https://sportoonline.com/tr/urun/buck-743-sovereign-cakiclk-yuzeykutu,ince_aciklama,145,0,0,0
0,11639,"Buck 744 Sovereign Large Çakı, Karbon Fiber",EYB,https://sportoonline.com/tr/urun/buck-744-sovereign-l-cakicarbon-fiber-yuzeykutu,ince_aciklama,145,0,0,0
0,11645,"Troika Notluk A5+Tükenmez Kalem,Siyah",EYB,https://sportoonline.com/tr/urun/troika-notluk-a5tukenmez-kalemsyh-16854,aciklama_yok,0,0,0,0
0,11646,"Buck 744 Sovereign Large Çakı, Çelik",EYB,https://sportoonline.com/tr/urun/buck-744-sovereign-l-cakiclk-yuzeykutu,ince_aciklama,145,0,0,0
0,11647,"Buck 811 Trace Çakı, Gri",EYB,https://sportoonline.com/tr/urun/buck-811-trace-cakigri-yuzeykutu,ince_aciklama,131,0,0,0
0,11648,"Buck 812 Trace Çakı, Mavi",EYB,https://sportoonline.com/tr/urun/buck-812-trace-cakimavi-yuzeytestkenarkutu,ince_aciklama,136,0,0,0
0,11659,"Victorinox 611133 Deluxe Bere, Kırmızı",EYB,https://sportoonline.com/tr/urun/vtg-brand-collection-deluxe-berekirmizi,ince_aciklama,40,0,0,0
0,11663,"Wenger 01.1421.124 City Classic 34mm Kadın Kol Saati",EYB,https://sportoonline.com/tr/urun/wenger-city-classic-34gmskdrsyhderikys-kol-saati,kopya_aciklama,871,2,0,0
0,11665,"Victorinox 4.0822.L SwissTool Spirit Deri Kılıf",EYB,https://sportoonline.com/tr/urun/victswisstool-spirit-deri-kil,ince_aciklama,119,0,0,0
0,11670,"Sigg 6178.40 Helia 0,60L Termos Kupa, Beyaz",EYB,https://sportoonline.com/tr/urun/sigg-helia-termos-kupa-060lbeyaz,kopya_aciklama,1187,8,0,0
0,11671,"Victorinox 241682.1 I.N.O.X. Quartz Erkek Kol Saati",EYB,https://sportoonline.com/tr/urun/vsa-inox-syh-kdrsyh-kys-kol-saati,kopya_aciklama,749,2,0,0
0,11673,"Victorinox 241688.1 I.N.O.X. Quartz Erkek Kol Saati",EYB,https://sportoonline.com/tr/urun/vsa-inox-mavi-kdrmavi-kys-kol-saati,kopya_aciklama,749,2,0,0
0,11691,"Victorinox 4.1875 65mm Çakı Taşıma Kordonu, Kırmızı",EYB,https://sportoonline.com/tr/urun/victorinox-41875-65mm-caki-tasima-kordonu-kirmizi,kopya_aciklama,536,4,0,0
0,11703,"Victorinox 653536 Altmont Modern Crossbody Çanta, Siyah",EYB,https://sportoonline.com/tr/urun/vtg-altmont-modern-crossbody-cantasiyah,kopya_aciklama,1726,3,0,0
0,11704,"Feuerhand 276 Gazlı Fener Buzlu Camı",EYB,https://sportoonline.com/tr/urun/petromax-feuerhand-fener-buzlu-cami,aciklama_yok,0,0,0,0
0,11724,"Victorinox 0.8226.26 Synergy X Alox Çakı,Gümüş",EYB,https://sportoonline.com/tr/urun/victorinox-0822626-synergy-x-alox-cakigumus,kopya_aciklama,1774,3,0,0
0,11760,"Buck 658 Pursuit Bıçak, Yeşil, Blisterli",EYB,https://sportoonline.com/tr/urun/buck-658-pursuit-bicakyslblister,aciklama_yok,0,0,0,0
0,11776,"Sigg 6021.30 Therm One 0,75L Termos, Gece Mavisi",EYB,https://sportoonline.com/tr/urun/sigg-therm-one-termos-075lgece-mavisi,kopya_aciklama,1135,9,0,0
0,11783,"Victorinox 0.8216.20 Synergy Çakı,Kırmızı",EYB,https://sportoonline.com/tr/urun/victorinox-0821620-synergy-cakikirmizi,kopya_aciklama,1370,3,0,0
0,11789,"Victorinox 0.8226.20 Synergy X Alox Çakı,Kırmızı",EYB,https://sportoonline.com/tr/urun/victorinox-0822620-synergy-x-alox-cakikirmizi,kopya_aciklama,1774,3,0,0
0,11795,"Buck 299 Kablo Kesici",EYB,https://sportoonline.com/tr/urun/buck-299-kablo-kesici-trnc,ince_aciklama,136,0,0,0
0,11798,"Victorinox Soyma Bıçağı Seti, 3 Parça Siyah",EYB,https://sportoonline.com/tr/urun/victorinox-soyma-bicagi-seti-3-parca-siyah,ince_aciklama,132,0,0,0
0,11805,"Celestron X-CEL LX 18mm 1.25"" Mercek",EYB,https://sportoonline.com/tr/urun/celestron-x-cel-lx-18mm-125-mercek,aciklama_yok,0,0,0,0
0,11813,"Sigg 8972.70 Neso 0,40L Termos Kupa, Beyaz",EYB,https://sportoonline.com/tr/urun/sigg-neso-termos-kupa-040lbeyaz,kopya_aciklama,1206,2,0,0
0,11825,"Sigg 6015.10 Helia 0,45L Çelik Termos, Yeşil",EYB,https://sportoonline.com/tr/urun/sigg-helia-milky-green-045l-clk-termosysl,kopya_aciklama,1187,8,0,0
0,11826,"Sigg 6015.30 Helia 0,45L Çelik Termos, Pembe",EYB,https://sportoonline.com/tr/urun/sigg-helia-ligonberry-045lclk-termospmb,kopya_aciklama,1187,8,0,0
0,11861,"Nebo 6809 Tino 300 Lümen LED Fener",EYB,https://sportoonline.com/tr/urun/nebo-6809-tino-300-lumen-fener,kopya_aciklama,728,2,0,0
0,11874,"Victorinox 241911 Alliance Quartz Erkek Kol Saati",EYB,https://sportoonline.com/tr/urun/vsa-alliance-mavi-kdr2ton-clk-kys-kol-saati,aciklama_yok,0,0,0,0
0,11875,"Victorinox 241951 Maverick Quartz Erkek Kol Saati",EYB,https://sportoonline.com/tr/urun/vsa-maverick-khv-kdr2ton-clk-kys-kol-saati,aciklama_yok,0,0,0,0
0,11885,"Celestron 21062 Astromaster 70EQ Teleskop",EYB,https://sportoonline.com/tr/urun/teleskop-astromaster-70eq-eos,aciklama_yok,0,0,0,0
0,11886,"Celestron 44120 28 parça Mikroskop Seti",EYB,https://sportoonline.com/tr/urun/mikroskop-kit-28-parca-kilifta-eos,aciklama_yok,0,0,0,0
0,11888,"Feuerhand 276 Gazlı Fener Yakma Mekanizması Kolu",EYB,https://sportoonline.com/tr/urun/petromax-feuerhand-fener-yakma-mekanizmasi-kolu,aciklama_yok,0,0,0,0
0,11891,"Wenger 01.0643.109 Seaforce Chrono Quartz Erkek Kol Saati",EYB,https://sportoonline.com/tr/urun/wenger-seaforce-chrsyh-kdrclk-kys-kol-saati-eos,aciklama_yok,0,0,0,0
0,11892,"Wenger 01.0643.115 Seaforce Chrono Quartz Erkek Kol Saati",EYB,https://sportoonline.com/tr/urun/wenger-seaforce-chrpetrol-kdrclk-kys-kolsaat-eos,aciklama_yok,0,0,0,0
0,11893,"Victorinox 0.8226.22 Synergy X Alox Çakı ,Mavi",EYB,https://sportoonline.com/tr/urun/victorinox-0822622-synergy-x-alox-caki-mavi,kopya_aciklama,1774,3,0,0
0,11894,"Key-Bak 0TRG-00H T-Reign Essentionals Outdoor 3lü Aksesuar Seti (Blisterli)",EYB,https://sportoonline.com/tr/urun/t-reign-0trg-00h-essentionals-outdoor-3lu-aksesuar-seti-blisterli,aciklama_yok,0,0,0,0
0,11896,"Victorinox 241892 Fieldforce Sport Quartz Erkek Kol Saati",EYB,https://sportoonline.com/tr/urun/vsa-fieldforce-sport-chr-syh-sari-kdrsyh-kys-eos,aciklama_yok,0,0,0,0
0,11897,"Victorinox 241955 I.N.O.X. Quartz Kadın Kol Saati",EYB,https://sportoonline.com/tr/urun/paracord-kyskol-saati-eos,aciklama_yok,0,0,0,0
0,11904,"Victorinox 653367 Travel Essential Zip Around Cüzdan, Siyah",EYB,https://sportoonline.com/tr/urun/vtg-travel-essential-zip-around-cuzdansyh,kopya_aciklama,399,2,0,0
0,11905,"Victorinox 653368 Travel Essential Zip Around Cüzdan, Gri",EYB,https://sportoonline.com/tr/urun/vtg-travel-essential-zip-around-cuzdangri,kopya_aciklama,399,2,0,0
0,11918,"Victorinox 7.4010.82 Büyük Şef Çantası - Boş Rulo",EYB,https://sportoonline.com/tr/urun/victsef-cantasi-rulo-buyuk-boy-gri,ince_aciklama,71,0,0,0
0,11921,"Victorinox 7.4010.56 Küçük Şef Çantası - Boş Rulo",EYB,https://sportoonline.com/tr/urun/victorinox-7401056-kucuk-sef-cantasi-rulo,ince_aciklama,71,0,0,0
0,11929,"Wenger 01.1741.137 Urban Classic Kol Saati",EYB,https://sportoonline.com/tr/urun/wenger-urban-clas-syh-kdrsyh-msh-kys-kolsaati-eos,aciklama_yok,0,0,0,0
0,11951,"Victorinox 241919 I.N.O.X. V Quartz Kadın Kol Saati",EYB,https://sportoonline.com/tr/urun/vsa-inox-37-byz-kdrgms-bezelmavi-kys-kol-saati,aciklama_yok,0,0,0,0
0,11974,"Victorinox 3.0902 Venture Bıçak, Kırmızı",EYB,https://sportoonline.com/tr/urun/victorinox-30902-venture-bicak-kirmizi,aciklama_yok,0,0,0,0
0,11975,"Victorinox 3.0902.3 Venture Bıçak, Siyah",EYB,https://sportoonline.com/tr/urun/victorinox-309023-venture-bicak-siyah,aciklama_yok,0,0,0,0
0,11976,"Victorinox 3.0902.4 Venture Bıçak, Yeşil",EYB,https://sportoonline.com/tr/urun/victorinox-309024-venture-bicak-yesil,aciklama_yok,0,0,0,0
0,11978,"Victorinox 4.0540 Venture Pro Kit, Bileme Taşı + Ateş Çubuğu",EYB,https://sportoonline.com/tr/urun/victventure-pro-kit-bileme-tasiates-yakma-cubugu,aciklama_yok,0,0,0,0
0,11979,"Victorinox 4.1333 Ateş Yakma Çubuğu",EYB,https://sportoonline.com/tr/urun/victates-yakma-cubugu,aciklama_yok,0,0,0,0
0,11981,"Buck 843 Sprint OPS Çakı, Yeşil",EYB,https://sportoonline.com/tr/urun/buck-843-sprint-ops-caki-yesil,kopya_aciklama,2880,2,0,0
0,11993,"Key-Bak 0303-131 Kemer Klipsli Anahtarlık Halkası",EYB,https://sportoonline.com/tr/urun/0303-131-key-bak,aciklama_yok,0,0,0,0
0,11994,"Victorinox 606744 Altmont Original Laptop Sırt Çantası, Kırmızı",EYB,https://sportoonline.com/tr/urun/victorinox-606744-altmont-original-laptop-sirt-cantasi-kirmizi,aciklama_yok,0,0,0,0
0,11995,"Victorinox 4.2252 9.5cm Avcı Bıçağı",EYB,https://sportoonline.com/tr/urun/victorinox-42252-95cm-avci-bicagi,ince_aciklama,131,0,0,0
0,11997,"Victorinox 4.1865 Deri Anahtarlık",EYB,https://sportoonline.com/tr/urun/victorinox-41865-deri-anahtarlik,ince_aciklama,133,0,0,0
0,12032,"Sigg 6021.50 Therm One 1L Termos, Pembe",EYB,https://sportoonline.com/tr/urun/sigg-therm-one-termos-10lpembe,kopya_aciklama,1136,7,0,0
0,12037,"Sigg 6015.00 Helia 0,45L Çelik Termos, Mavi",EYB,https://sportoonline.com/tr/urun/sigg-helia-peaceful-blue-045lclk-termosmavi,kopya_aciklama,1187,8,0,0
0,12038,"Sigg 6015.20 Helia 0,45L Çelik Termos, Koyu Mavi",EYB,https://sportoonline.com/tr/urun/sigg-helia-night-ink-045lclk-termoskmavi,kopya_aciklama,1187,8,0,0
0,12039,"Sigg 6015.70 Helia 0,60L Çelik Termos, Yeşil",EYB,https://sportoonline.com/tr/urun/sigg-helia-milky-green-060lclk-termosysl,kopya_aciklama,1187,8,0,0
0,12042,"Sigg 6014.90 Helia 0,45L Çelik Termos, Somon",EYB,https://sportoonline.com/tr/urun/sigg-helia-muted-beach-045lclk-termossomon,kopya_aciklama,1187,8,0,0
0,12043,"Wenger 01.0643.129 Seaforce Chrono Quartz Erkek Kol Saati",EYB,https://sportoonline.com/tr/urun/wenger-seagforce-chr-43siyah-kdrsarikys-kol-saat,aciklama_yok,0,0,0,0
0,12052,"Wenger 01.0643.123 Seaforce Chrono Quartz Erkek Kol Saati",EYB,https://sportoonline.com/tr/urun/wenger-seaforce-chr-43siyah-kdrclk-kys-kol-saati,aciklama_yok,0,0,0,0
0,12080,"Wenger 01.0543.111 Terragraph Chrono Quartz Erkek Kol Saati",EYB,https://sportoonline.com/tr/urun/wenger-terragraph-chr43siyah-kdrclk-kys-kol-saat,kopya_aciklama,1265,2,0,0
0,12081,"Sigg 8735.80 Gemstone IBT 0.75L Termos, Çelik",EYB,https://sportoonline.com/tr/urun/sigg-873580-thermo-flask-gemstone-ibt-selenite-075-lt-matara,kopya_aciklama,1170,2,0,0
0,12082,"Sigg 8735.70 Gemstone IBT 0.75L Termos, Siyah",EYB,https://sportoonline.com/tr/urun/sigg-873570-thermo-flask-gemstone-ibt-obsidian-075-lt-matara,kopya_aciklama,1170,2,0,0
0,12092,"Sigg 6178.60 Helia 0,45L Termos Kupa, Beyaz",EYB,https://sportoonline.com/tr/urun/sigg-helia-termos-kupa-045lbeyaz,kopya_aciklama,1187,8,0,0
0,12093,"Wenger 01.0543.112 Terragraph Chrono Quartz Erkek Kol Saati",EYB,https://sportoonline.com/tr/urun/wenger-terragraph-chr43mavi-kdrclk-kys-kol-saat,kopya_aciklama,1265,2,0,0
0,12113,"Sigg 6022.30 Therm One 0,5L Termos, Sarı",EYB,https://sportoonline.com/tr/urun/sigg-therm-one-termos-05lsari,kopya_aciklama,1135,7,0,0
0,12114,"Sigg 6022.40 Therm One 0,5L Termos, Tarçın",EYB,https://sportoonline.com/tr/urun/sigg-therm-one-termos-05ltarcin,aciklama_yok,0,0,0,0
0,12115,"Sigg 6022.50 Therm One 0,5L Termos, Gece Mavisi",EYB,https://sportoonline.com/tr/urun/sigg-therm-one-termos-05lgece-mavisi,kopya_aciklama,1135,7,0,0
0,12117,"Deri Çakı Kılıfı , M , Koyu Kahve",EYB,https://sportoonline.com/tr/urun/deri-caki-kilifi-m-koyu-kahve,ince_aciklama,58,0,0,0
0,12118,"Deri Çakı Kılıfı , L , Koyu Kahve",EYB,https://sportoonline.com/tr/urun/deri-caki-kilifi-l-koyu-kahve,ince_aciklama,59,0,0,0
0,12119,"Sigg 6021.90 Therm One 1L Termos, Gece Mavisi",EYB,https://sportoonline.com/tr/urun/sigg-therm-one-termos-10lgece-mavisi,kopya_aciklama,1136,7,0,0
0,12121,"Sigg 6022.00 Therm One 0,5L Termos, Turkuaz",EYB,https://sportoonline.com/tr/urun/sigg-therm-one-termos-05lturkuaz,kopya_aciklama,1135,7,0,0
0,12138,"Sigg 6022.10 Therm One 0,5L Termos, Pembe",EYB,https://sportoonline.com/tr/urun/sigg-therm-one-termos-05lpembe,kopya_aciklama,1135,7,0,0
0,12139,"Sigg 6022.20 Therm One 0,5L Termos, Yeşil",EYB,https://sportoonline.com/tr/urun/sigg-therm-one-termos-05lyesil,kopya_aciklama,1135,7,0,0
0,12147,"Filmam Kahverengi Deri Çakı Kılıfı",EYB,https://sportoonline.com/tr/urun/filmam-kahverengi-deri-caki-kilifi,ince_aciklama,20,0,0,0
0,12169,"Wenger 01.0641.139 Seaforce Quartz Erkek Kol Saati",EYB,https://sportoonline.com/tr/urun/wenger-seaforce-43siyah-kdrclk-kys-kol-saati,kopya_aciklama,1205,2,0,0
0,12172,"Novac 70001 O'knife Siyah İstiridye Bıçağı",EYB,https://sportoonline.com/tr/urun/novac-istiridye-kesme-ve-acma-bicagi-syh,kopya_aciklama,258,2,0,0
0,12174,"Novac 70002 O'knife Mavi İstiridye Bıçağı",EYB,https://sportoonline.com/tr/urun/novac-oknife-mavi-istiridye-bicagi,kopya_aciklama,258,2,0,0
0,12175,"Maglite SH33DCW6Y 3C & 3D LED Yükseltme Modülü",EYB,https://sportoonline.com/tr/urun/maglite-sh33dcw6y-3c-3d-led-yukseltme-modulu,ince_aciklama,134,0,0,0
0,12176,"Maglite SH32DCW6Y 2C & 2D LED Yükseltme Modülü",EYB,https://sportoonline.com/tr/urun/maglite-sh32dcw6y-2c-2d-led-yukseltme-modulu,ince_aciklama,134,0,0,0
0,12177,"MagLite LMXA201 Mag-Num Star II 2-Cell Xenon Ampul",EYB,https://sportoonline.com/tr/urun/maglite-lmxa201-mag-num-star-ii-xenon-ampul,ince_aciklama,121,0,0,0
0,12178,"MagLite LMXA301 Mag-Num Star II 3-Cell Xenon Ampul",EYB,https://sportoonline.com/tr/urun/maglite-lmxa301-mag-num-star-ii-3-cell-xenon-ampul,ince_aciklama,121,0,0,0
0,12179,"MagLite LMXA501 Mag-Num Star II 5-Cell Xenon Ampul",EYB,https://sportoonline.com/tr/urun/maglite-lmxa501-mag-num-star-ii-5-cell-xenon-ampul,ince_aciklama,121,0,0,0
0,12180,"MagLite LMXA601 Mag-Num Star II 6-Cell Xenon Ampul",EYB,https://sportoonline.com/tr/urun/maglite-lmxa601-mag-num-star-ii-6-cell-xenon-ampul,ince_aciklama,121,0,0,0
0,12181,"MagLite LMSA501 Mag-Num Star 5-Cell Xenon Ampul",EYB,https://sportoonline.com/tr/urun/maglite-lmsa501-mag-num-star-5-cell-xenon-ampul,ince_aciklama,118,0,0,0
0,12184,"MagLite LMSA701 Mag-Num Star 7-Cell Xenon Ampul",EYB,https://sportoonline.com/tr/urun/maglite-lmsa701-mag-num-star-7-cell-xenon-ampul,ince_aciklama,118,0,0,0
0,12193,"Buck 250 Saunter Geniş Ağız Çakı, Yeşil",EYB,https://sportoonline.com/tr/urun/buck-250-saunter-caki-gns-agizyslkutu,kopya_aciklama,933,2,0,0
0,12201,"Diplomat D20000353-5 Guilloche Kalem Seti",EYB,https://sportoonline.com/tr/urun/diplomat-d20000353-5-guilloche-kalem-seti,ince_aciklama,92,0,0,0
0,12229,"Troika E-Bike Anahtarlık",EYB,https://sportoonline.com/tr/urun/troika-e-bike-anahtarlik,aciklama_yok,0,0,0,0
0,12240,"Victorinox 611132 Bere, Gri",EYB,https://sportoonline.com/tr/urun/victorinox-611132-bere-gri,ince_aciklama,34,0,0,0
0,12241,"Victorinox 612486 Basic Şapka, Siyah",EYB,https://sportoonline.com/tr/urun/victorinox-612486-basic-sapka-siyah,ince_aciklama,40,0,0,0
0,12247,"Wenger 01.0641.141 Seaforce Quartz Erkek Kol Saati",EYB,https://sportoonline.com/tr/urun/wenger-seaforce-43mavi-kadranclk-kys-kol-saati,kopya_aciklama,1205,2,0,0
0,12261,"Sigg 8951.40 Total Clear 0,75L Matara, Antrasit",EYB,https://sportoonline.com/tr/urun/sigg-total-clear-one-antrasit-matara075lkgri,kopya_aciklama,1110,5,0,0
0,12287,"Buck Tişört",EYB,https://sportoonline.com/tr/urun/buck-6918-tisort-medium,ince_aciklama,68,0,0,0
0,12297,"Victorinox Swiss Classic 21cm Tırtıklı Ekmek Bıçağı, Kırmızı, Blisterli",EYB,https://sportoonline.com/tr/urun/victswissclassic-ekmek-bck21cmkrmb68631,aciklama_yok,0,0,0,0
0,12299,"Victorinox 611130 Bere, Kırmızı",EYB,https://sportoonline.com/tr/urun/victorinox-611130-bere-kirmizi,ince_aciklama,34,0,0,0
0,12307,"Celestron EdgeHD 9.25"" Optik Tüp",EYB,https://sportoonline.com/tr/urun/optik-tup-edge-hd-925,aciklama_yok,0,0,0,0
0,12368,"Sigg 8735.40 Gemstone IBT 0.5L Termos, Siyah",EYB,https://sportoonline.com/tr/urun/sigg-873540-thermo-flask-gemstone-ibt-obsidian-05-lt-matara,kopya_aciklama,1170,2,0,0
0,12370,"Sigg 8735.50 Gemstone IBT 0.5L Termos, Çelik",EYB,https://sportoonline.com/tr/urun/sigg-873550-thermo-flask-gemstone-ibt-selenite-05-lt-matara,kopya_aciklama,1170,2,0,0
0,12386,"Sigg 6060.50 WMB One 1L Çocuk Matara, Mickey Mouse",EYB,https://sportoonline.com/tr/urun/sigg-wmb-one-mickey-mouse-matara-10l,kopya_aciklama,1090,9,0,0
0,12387,"Sigg 6167.80 Therm One 1,5L Termos, Siyah",EYB,https://sportoonline.com/tr/urun/sigg-therm-one-termos-15lsiyah,kopya_aciklama,1136,3,0,0
0,12406,"Troika Baumhaus Anahtarlık",EYB,https://sportoonline.com/tr/urun/troika-baumhaus-anahtarlik,aciklama_yok,0,0,0,0
0,12419,"Victorinox 7.4129.3 44cm Siyah Gurme Kesme Tahtası",EYB,https://sportoonline.com/tr/urun/victorinox-741293-gurme-kesme-tahtasi,kopya_aciklama,933,2,0,0
0,12420,"Victorinox 7.4130.3 49cm Siyah Gurme Kesme Tahtası",EYB,https://sportoonline.com/tr/urun/victorinox-741303-gurme-kesme-tahtasi,kopya_aciklama,933,2,0,0
0,12422,"Celestron EdgeHD 8"" Optik Tüp",EYB,https://sportoonline.com/tr/urun/optik-tup-8,aciklama_yok,0,0,0,0
0,12436,"Victorinox 7.4120.3 20cm Siyah Kesme Tahtası",EYB,https://sportoonline.com/tr/urun/victorinox-741203-kesme-tahtasi,kopya_aciklama,806,2,0,0
0,12440,"Victorinox 7.4130 49cm Gurme Kesme Tahtası",EYB,https://sportoonline.com/tr/urun/victorinox-74130-gurme-kesme-tahtasi,kopya_aciklama,933,2,0,0
0,12441,"Victorinox 7.4129 44cm Gurme Kesme Tahtası",EYB,https://sportoonline.com/tr/urun/victorinox-74129-gurme-kesme-tahtasi,kopya_aciklama,933,2,0,0
0,12447,"Victorinox Swiss Classic 11cm Tırtıklı Domates Bıçağı, Mor",EYB,https://sportoonline.com/tr/urun/victswiss-classic-domates-bicagi-tirtikli11cmmor,kopya_aciklama,681,3,0,0
0,12463,"Victorinox Swiss Classic 8 cm Düz Soyma Bıçağı, Kırmızı",EYB,https://sportoonline.com/tr/urun/victswiss-classic-soyma-bicagi8cmkrm,aciklama_yok,0,0,0,0
0,12464,"Victorinox Swiss Classic 12cm Düz Biftek Bıçağı, Siyah, Blisterli",EYB,https://sportoonline.com/tr/urun/victswissclassic-biftek-bck-2li-12cmsyhblister,aciklama_yok,0,0,0,0
0,12466,"Sigg 6185.80 WMB One 0,75L Matara, Aloha Stitch",EYB,https://sportoonline.com/tr/urun/sigg-wmb-one-aloha-stitch-matara-075l,kopya_aciklama,1090,9,0,0
0,12468,"Sigg 6021.20 Therm One 0,75L Termos, Tarçın",EYB,https://sportoonline.com/tr/urun/sigg-therm-one-termos-075ltarcin,kopya_aciklama,1135,9,0,0
0,12476,"Troika Never Give Up Anahtarlık",EYB,https://sportoonline.com/tr/urun/troika-never-give-up-anahtarlik,aciklama_yok,0,0,0,0
0,12478,"Troika Pumps Anahtarlık",EYB,https://sportoonline.com/tr/urun/troika-pumps-anahtarlik,aciklama_yok,0,0,0,0
0,12496,"Celestron 1.25"" Visual Back",EYB,https://sportoonline.com/tr/urun/celestron-93653-a-1-25-visual-back,ince_aciklama,86,0,0,0
0,12503,"Victorinox 242010 Journey 1884 Otomatik Erkek Kol Saati",EYB,https://sportoonline.com/tr/urun/vsa-journey-auto-1884mavi-kdrclk-kyskol-saati,aciklama_yok,0,0,0,0
0,12513,"Troika Construction Tükenmez Kalem, Zeytin Yeşili",EYB,https://sportoonline.com/tr/urun/troika-construction-tukenmez-kalem-zeytin-yesili,kopya_aciklama,1118,2,0,0
0,12515,"Victorinox 241993.1 Dive Pro Quartz Erkek Kol Saati",EYB,https://sportoonline.com/tr/urun/victorinox-2419931-dive-pro-quartz-erkek-kol-saati,aciklama_yok,0,0,0,0
0,12516,"Victorinox 241978 Journey 1884 Quartz Erkek Kol Saati",EYB,https://sportoonline.com/tr/urun/vsa-journey-1884mavi-kdrclk-kys-kol-saati,aciklama_yok,0,0,0,0
0,12521,"Dreamfarm Flisk Çelik Çırpıcı, Kırmızı",EYB,https://sportoonline.com/tr/urun/dreamfarm-flisk-celik-cirpicikirmizi,kopya_aciklama,1392,2,0,0
0,12562,"Muela Kodiak 10cm Bıçak, Micarta Sap",EYB,https://sportoonline.com/tr/urun/muela-kodiak-bicak-10cmsyh-micarta-sapli,aciklama_yok,0,0,0,0
0,12563,"Muela Lakhota 12,5cm Bıçak, Micarta Sap",EYB,https://sportoonline.com/tr/urun/khv-micarta-sapli,aciklama_yok,0,0,0,0
0,12564,"Muela Lakhota 12,5cm Bıçak, Mercan Sap",EYB,https://sportoonline.com/tr/urun/muela-lakhota-bicak-125cmmercan-agaci-sapli,aciklama_yok,0,0,0,0
0,12565,"Muela Husky 11cm Bıçak, Gül Ağacı Sap",EYB,https://sportoonline.com/tr/urun/muela-husky-bicak-11cmgulagaci-sapli,aciklama_yok,0,0,0,0
0,12566,"Muela Ibex 8cm Bıçak, Zeytinağacı Sap",EYB,https://sportoonline.com/tr/urun/muela-ibex-bicak-8cmzeytinagaci-sapli,aciklama_yok,0,0,0,0
0,12572,"Sigg 6036.10 WMB One 0,6L Çocuk Matara, Stand Together",EYB,https://sportoonline.com/tr/urun/sigg-wmb-one-stand-together-06l-mataraysl,kopya_aciklama,1090,9,0,0
0,12575,"Muela CHEVREUIL-22R Chevreuil 22cm Bıçak, Mercan Sap",EYB,https://sportoonline.com/tr/urun/muela-chevreuil-bicak-22cmmercan-agaci-sapli,aciklama_yok,0,0,0,0
0,12581,"Muela Pointer 12cm Bıçak, Micarta Sap",EYB,https://sportoonline.com/tr/urun/mavi-micarta-sapli,aciklama_yok,0,0,0,0
0,12583,"Muela Navajas PQ 9,5cm Çakı, Zeytniağacı Sap",EYB,https://sportoonline.com/tr/urun/muela-navajas-pq-caki-95cmzeytinagaci-yuzeyli,aciklama_yok,0,0,0,0
0,12586,"Muela Tuareg 10cm Bıçak, Micarta Sap",EYB,https://sportoonline.com/tr/urun/muela-tuareg-bicak-10cmkhv-micarta-sapli,aciklama_yok,0,0,0,0
0,12587,"Muela Viking 11cm Bıçak, Micarta Sap",EYB,https://sportoonline.com/tr/urun/muela-viking-bicak-11cmsyh-micarta-sapli,aciklama_yok,0,0,0,0
0,12606,"Victorinox 653543 Altmont Modern City Dayback Sırt Çantası, Krem",EYB,https://sportoonline.com/tr/urun/vtg-altmont-modern-city-dayback-sirt-cantasikrem,kopya_aciklama,1439,2,0,0
0,12607,"Victorinox 653544 Altmont Modern City Dayback Sırt Çantası, Mavi",EYB,https://sportoonline.com/tr/urun/vtg-altmont-modern-city-dayback-sirt-cantasimavi,kopya_aciklama,1439,2,0,0
0,12618,"Sigg 6036.20 WMB One 0,6L Çocuk Matara, Harry Potter",EYB,https://sportoonline.com/tr/urun/sigg-wmb-one-harry-potter-06l-matarasu-yesili,kopya_aciklama,1090,9,0,0
0,12625,"Muela COL-7M Colibri 7cm Bıçak, Pakkawood Sap",EYB,https://sportoonline.com/tr/urun/muela-colibri-bicak-7cmpakkawood-agac-sapli,aciklama_yok,0,0,0,0
0,12635,"Muela Mirage 18cm Bıçak, Kauçuk Sap",EYB,https://sportoonline.com/tr/urun/muela-mirage-bicak-18cmsyh-kaucuk-sapli,aciklama_yok,0,0,0,0
0,12636,"Muela Mirage 23cm Bıçak, Kauçuk Sap",EYB,https://sportoonline.com/tr/urun/muela-mirage-bicak-23cmsyh-kaucuk-sapli,aciklama_yok,0,0,0,0
0,12643,"Muela GL 9,5cm Damascus Çakı, Kingwood Sap",EYB,https://sportoonline.com/tr/urun/muela-gl-caki-95cm-damascuskingwood-agac-yuzeyli,aciklama_yok,0,0,0,0
0,12644,"Muela GL 9,5cm Yeşil Çakı, Mercan Sap",EYB,https://sportoonline.com/tr/urun/muela-gl-caki-95cmysl-mercan-agac-yuzey,aciklama_yok,0,0,0,0
0,12645,"Muela GL 9,5cm Çakı, Mercan Sap",EYB,https://sportoonline.com/tr/urun/muela-gl-caki-95cmmercan-agac-yuzeyli,aciklama_yok,0,0,0,0
0,12646,"Muela Gredos 12cm Bıçak, Geyik Boynuzu Sap",EYB,https://sportoonline.com/tr/urun/muela-gredos-bicak-12cmgeyik-boynuzu-sapli,aciklama_yok,0,0,0,0
0,12667,"Buck Buck Knives Logo Tişört - Medium",EYB,https://sportoonline.com/tr/urun/buck-shiled-logo-tisort-mlacivert,ince_aciklama,103,0,0,0
0,12670,"Buck Vintage Star Tişört - Medium",EYB,https://sportoonline.com/tr/urun/buck-11712-vintage-star-tisort-medium,ince_aciklama,96,0,0,0
0,12671,"Buck Vintage Star Tişört - Large",EYB,https://sportoonline.com/tr/urun/buck-11713-vintage-star-tisort-large,ince_aciklama,95,0,0,0
0,12672,"Buck Buck Knives Logo Tişört - Large",EYB,https://sportoonline.com/tr/urun/buck-11718-buck-knives-logo-tisort-large,ince_aciklama,103,0,0,0
0,12678,"Victorinox 610601 TA 5.0 Deluxe Concealed Bel Çantası, RFID, Siyah",EYB,https://sportoonline.com/tr/urun/vtg-ta-50-deluxe-concealed-bel-cantasi-rfidsyh,aciklama_yok,0,0,0,0
0,12681,"Victorinox 611418 VX Sport Evo Deluxe Sırt Çantası, Mavi",EYB,https://sportoonline.com/tr/urun/vtg-vx-sport-evo-deluxe-sirt-cantasimavi,aciklama_yok,0,0,0,0
0,12683,"Victorinox 612115 Touring 2.0 City Daypack Sırt Çantası, Gri",EYB,https://sportoonline.com/tr/urun/vtg-touring-20-city-daypack-sirt-cantasigri,kopya_aciklama,265,2,0,0
0,12684,"Victorinox 612116 Touring 2.0 City Daypack Sırt Çantası, Siyah",EYB,https://sportoonline.com/tr/urun/vtg-touring-20-city-daypack-sirt-cantasisyh,aciklama_yok,0,0,0,0
0,12686,"Victorinox 612119 Touring 2.0 Traveller Sırt Çantası, Gri",EYB,https://sportoonline.com/tr/urun/vtg-touring-20-traveler-sirt-cantasigri,aciklama_yok,0,0,0,0
0,12687,"Victorinox 612120 Touring 2.0 Traveller Sırt Çantası, Siyah",EYB,https://sportoonline.com/tr/urun/vtg-touring-20-traveler-sirt-cantasisyh,kopya_aciklama,265,2,0,0
0,12690,"Victorinox 4.1875.26 65mm Çakı Taşıma Kordonu, Gümüş",EYB,https://sportoonline.com/tr/urun/victorinox-4187526-65mm-caki-tasima-kordonu-gumus,kopya_aciklama,536,4,0,0
0,12707,"Victorinox 7.4123.3 44cm Siyah Kesme Tahtası",EYB,https://sportoonline.com/tr/urun/victorinox-741233-kesme-tahtasi,kopya_aciklama,810,2,0,0
0,12708,"Victorinox 7.4123 44cm Kesme Tahtası",EYB,https://sportoonline.com/tr/urun/victorinox-74123-kesme-tahtasi,kopya_aciklama,810,2,0,0
0,12709,"Adler Yankee 38cm Balta",EYB,https://sportoonline.com/tr/urun/adler-yankee-38cm-balta,kopya_aciklama,698,2,0,0
0,12710,"Adler Yankee 38cm Balta",EYB,https://sportoonline.com/tr/urun/adler-yankee-38cm-balta2,kopya_aciklama,698,2,0,0
0,12728,"Victorinox 611135 Atkı Kırmızı",EYB,https://sportoonline.com/tr/urun/victorinox-611135-atki-kirmizi,kopya_aciklama,428,2,0,0
0,12777,"Sigg 6015.40 Helia 0,45L Çelik Termos, Sarı",EYB,https://sportoonline.com/tr/urun/sigg-helia-optimistic-yellow-045l-clk-termossari,kopya_aciklama,1187,8,0,0
0,12778,"Sigg 6015.50 Helia 0,60L Çelik Termos, Somon",EYB,https://sportoonline.com/tr/urun/sigg-helia-muted-peach-060l-clk-termossomon,kopya_aciklama,1187,8,0,0
0,12779,"Sigg 6015.60 Helia 0,60L Çelik Termos, Mavi",EYB,https://sportoonline.com/tr/urun/sigg-helia-peaceful-blue-060l-clk-termosmavi,kopya_aciklama,1187,8,0,0
0,12780,"Sigg 6015.80 Helia 0,60L Çelik Termos, Koyu Mavi",EYB,https://sportoonline.com/tr/urun/sigg-helia-night-ink-060l-clk-termossyh,kopya_aciklama,1187,8,0,0
0,12804,"Muela Tanto 19cm Bıçak, Kauçuk Sap",EYB,https://sportoonline.com/tr/urun/muela-tanto-bicak-19cmsyh-kaucuk-sapli,aciklama_yok,0,0,0,0
0,12805,"Muela Tejon 16cm Bıçak, Geyik Boynuzu Sap",EYB,https://sportoonline.com/tr/urun/muela-tejon-bicak-16cmgeyik-boynuzu-sapli,aciklama_yok,0,0,0,0
0,12836,"Troika Thank God Anahtarlık",EYB,https://sportoonline.com/tr/urun/troika-thank-god-anahtarlik,aciklama_yok,0,0,0,0
0,12837,"Victorinox 612127 Touring 2.0 Bel Çantası, Gri",EYB,https://sportoonline.com/tr/urun/vtg-touring-20-bel-cantasigri,kopya_aciklama,237,2,0,0
0,12838,"Victorinox 612128 Touring 2.0 Bel Çantası, Siyah",EYB,https://sportoonline.com/tr/urun/vtg-touring-20-bel-cantasi-syh,kopya_aciklama,237,2,0,0
0,12844,"Victorinox 612498 Airox Global Hardside Bavul, Kabin Boy, Kırmızı",EYB,https://sportoonline.com/tr/urun/vtg-airox-global-hardside-bavul40x20x55cmkrm,kopya_aciklama,494,2,0,0
0,12847,"Victorinox 612509 Airox Global Hardside Bavul, Büyük Boy, Siyah",EYB,https://sportoonline.com/tr/urun/vtg-airox-l-hardside-bavul50x32x75cmsyh,kopya_aciklama,519,2,0,0
0,12848,"Victorinox 612510 Airox Global Hardside Bavul, Büyük Boy, Kırmızı",EYB,https://sportoonline.com/tr/urun/vtg-airox-l-hardside-bavul50x32x75cmkrm,kopya_aciklama,519,2,0,0
0,12853,"Sigg 6053.60 Miracle 0,27L Termos Kupa, Beyaz",EYB,https://sportoonline.com/tr/urun/sigg-miracle-termos-kupa-027lbeyaz,kopya_aciklama,1305,4,0,0
0,12854,"Sigg 6053.70 Travel 0,30L Termos Kupa, Beyaz",EYB,https://sportoonline.com/tr/urun/sigg-travel-termos-kupa-030lbeyaz,kopya_aciklama,1163,3,0,0
0,12855,"Sigg 6053.80 Travel 0,30L Termos Kupa, Siyah",EYB,https://sportoonline.com/tr/urun/sigg-travel-termos-kupa-030lsiyah,kopya_aciklama,1163,3,0,0
0,12856,"Sigg 6053.90 Travel 0,30L Termos Kupa, Yeşil",EYB,https://sportoonline.com/tr/urun/sigg-travel-termos-kupa-03lyesil,kopya_aciklama,1163,3,0,0
0,12859,"Sigg 6056.20 Therm One 0,5L Termos, Beyaz",EYB,https://sportoonline.com/tr/urun/sigg-therm-one-termos-05lbeyaz,kopya_aciklama,1135,7,0,0
0,12860,"Sigg 6056.30 Therm One 0,5L Termos, Siyah",EYB,https://sportoonline.com/tr/urun/sigg-therm-one-termos-05lsiyah,kopya_aciklama,1135,7,0,0
0,12866,"Celestron EdgeHD 11"" Optik Tüp",EYB,https://sportoonline.com/tr/urun/optik-tupassy-11-edge-h,aciklama_yok,0,0,0,0
0,12867,"Victorinox 6.0934 Rapid Beyaz Jülyen Soyacak",EYB,https://sportoonline.com/tr/urun/victrapid-julyen-soyacakbyz,aciklama_yok,0,0,0,0
0,12868,"Victorinox 6.0934.3 Rapid Siyah Jülyen Soyacak",EYB,https://sportoonline.com/tr/urun/victrapid-julyen-soyacaksyh,aciklama_yok,0,0,0,0
0,12871,"Epicurean Siyah Pizza Tahtası 43x25cm",EYB,https://sportoonline.com/tr/urun/epicurean-pizza-tahtasi-43x25cmsyh,aciklama_yok,0,0,0,0
0,12872,"Epicurean Natural Pizza Tahtası 55x36cm",EYB,https://sportoonline.com/tr/urun/epicurean-pizza-tahtasi-55x36cmnatural,aciklama_yok,0,0,0,0
0,12873,"Epicurean Siyah Pizza Tahtası 55x36cm",EYB,https://sportoonline.com/tr/urun/epicurean-pizza-tahtasi-55x36cmsyh,aciklama_yok,0,0,0,0
0,12877,"Dreamfarm Hullapit Çilek Sapı ve Çekirdek Çıkarıcı 18li Stand",EYB,https://sportoonline.com/tr/urun/dreamfarm-hullapit-cilek-ayiklayici-stnd18litekli,kopya_aciklama,1059,2,0,0
0,12878,"Dreamfarm Hullapit Çilek Sapı ve Çekirdek Çıkarıcı",EYB,https://sportoonline.com/tr/urun/dreamfarm-cilek-ve-cekirdek-ayiklayici,kopya_aciklama,1059,2,0,0
0,12905,"Victorinox 241851 FieldForce Quartz Erkek Kol Saati",EYB,https://sportoonline.com/tr/urun/victorinox-swiss-army-241851-fieldforce-saat,ince_aciklama,44,0,0,0
0,12907,"Victorinox 241854 FieldForce Chrono Quartz Erkek Kol Saati",EYB,https://sportoonline.com/tr/urun/victorinox-swiss-army-241854-fieldforce-kronometreli-saat,ince_aciklama,57,0,0,0
0,12909,"Victorinox 241856 FieldForce Chrono Quartz Erkek Kol Saati",EYB,https://sportoonline.com/tr/urun/victorinox-swiss-army-241856-fieldforce-kronometreli-saat,ince_aciklama,57,0,0,0
0,12920,"Victorinox 6.0943.4 IOTA Tırtıklı Kenar Çift Taraf Yeşil Soyacak",EYB,https://sportoonline.com/tr/urun/victiota-testere-cift-kenarli-soyacakysl,kopya_aciklama,998,2,0,0
0,12921,"Victorinox 6.0950.4 RHO Düz Kenar Tek Taraf Yeşil Soyacak",EYB,https://sportoonline.com/tr/urun/victrho-duz-tek-kenar-soyacakysl,kopya_aciklama,1006,3,0,0
0,12924,"Troika Easy Rider Ataşlık",EYB,https://sportoonline.com/tr/urun/troika-easy-rider-ataslik,aciklama_yok,0,0,0,0
0,12925,"Troika Forever T1 Kalemlik",EYB,https://sportoonline.com/tr/urun/troika-forever-t1-kalemlik,aciklama_yok,0,0,0,0
0,12926,"Wenger 01.1731.112 Metropolitan Donnissima Saat",EYB,https://sportoonline.com/tr/urun/wenger-011731112-metropolitan-donnissima-saat,ince_aciklama+aciklama_ad_ile_ayni,47,0,0,0
0,12933,"Sigg 6059.10 KBT 0,4L Çocuk Matara, Mickey Astronaut",EYB,https://sportoonline.com/tr/urun/sigg-kbt-mickey-astronaut-matara-04l,kopya_aciklama,1114,8,0,0
0,12936,"Diplomat D10380152 Spacetec Kısa Mavi Gaz Refil",EYB,https://sportoonline.com/tr/urun/diplomat-kisa-gas-refill-blister,ince_aciklama,123,0,0,0
0,12944,"Muela COMF-11R 12,5cm Bıçak, Mercan Sap",EYB,https://sportoonline.com/tr/urun/muela-comf-bicak-125cmmercan-agac-saplii,aciklama_yok,0,0,0,0
0,12946,"Muela GAVILAN-M Gavilan 15cm Bıçak, Micarta Sap",EYB,https://sportoonline.com/tr/urun/muela-gavilan-bicak-15cmsyh-micarta-sapli,aciklama_yok,0,0,0,0
0,12953,"Muela BWF-14 Bowie 14cm Bıçak, Mercan Sap",EYB,https://sportoonline.com/tr/urun/muela-bowie-bicak-14cmmercan-agaci-sapli,aciklama_yok,0,0,0,0
0,12956,"Muela Navaja 8,5cm Çakı, Zeytinağacı Sap",EYB,https://sportoonline.com/tr/urun/muela-navaja-caki-85cmzeytinagaci-yuzeyli,aciklama_yok,0,0,0,0
0,12963,"Victorinox 241889 FieldForce Chrono Quartz Erkek Kol Saati",EYB,https://sportoonline.com/tr/urun/victorinox-swiss-army-241889-fieldforce-sport-chrono-kol-saati,aciklama_yok,0,0,0,0
0,12964,"Sigg 6059.00 KBT 0,4L Çocuk Matara, Simba Roar",EYB,https://sportoonline.com/tr/urun/sigg-kbt-simba-roar-matara-04l,kopya_aciklama,1114,8,0,0
0,12979,"Muela Peccary 7cm Turuncu Bıçak, Kanvas Micarta Sap",EYB,https://sportoonline.com/tr/urun/muela-peccary-bicak-7cmtrnc-canvas-micarta-sapli,aciklama_yok,0,0,0,0
0,12980,"Muela Peccary 7cm Siyah Bıçak, Kanvas Micarta Sap",EYB,https://sportoonline.com/tr/urun/muela-peccary-bicak-7cmsyh-canvas-micarta-sapli,aciklama_yok,0,0,0,0
0,12982,"Muela Navajas 8,5cm Kilitli Çakı, Grandila Sap",EYB,https://sportoonline.com/tr/urun/muela-navajas-caki-85cm-kilitligrandila-agac-yzy,aciklama_yok,0,0,0,0
0,12988,"Dreamfarm Flisk Çelik Çırpıcı, Siyah",EYB,https://sportoonline.com/tr/urun/dreamfarm-flisk-celik-cirpicisiyah,kopya_aciklama,1392,2,0,0
0,12989,"Sigg 8326.30 Traveller 0.6L Matara, Kırmızı",EYB,https://sportoonline.com/tr/urun/sigg-832630-traveller-red-06-lt-matara,kopya_aciklama,1037,2,0,0
0,12995,"Victorinox 6.0950.1 RHO Düz Kenar Tek Taraf Kırmızı Soyacak",EYB,https://sportoonline.com/tr/urun/victrho-duz-ve-tek-kenarli-soyacakkrm,kopya_aciklama,1006,3,0,0
0,12998,"Sigg 8327.30 Traveller 0.6L Matara, Siyah",EYB,https://sportoonline.com/tr/urun/sigg-832730-traveller-black-06-lt-matara,kopya_aciklama,1037,2,0,0
0,13002,"Sigg 6167.90 Therm One 1,5L Termos, Beyaz",EYB,https://sportoonline.com/tr/urun/sigg-therm-one-termos-15lbeyaz,kopya_aciklama,1136,3,0,0
0,13003,"Sigg 6168.00 Therm One 1,5L Termos, Pembe",EYB,https://sportoonline.com/tr/urun/sigg-therm-one-termos-15lpembe,kopya_aciklama,1136,3,0,0
0,13004,"Sigg 6170.00 Alpine Star 1L Termos, Siyah",EYB,https://sportoonline.com/tr/urun/sigg-alpine-star-termos-10lsiyah,kopya_aciklama,1422,2,0,0
0,13015,"Victorinox 7.7343 20cm Yamuk Başlı İğne",EYB,https://sportoonline.com/tr/urun/victorinox-77343-20cm-igne,ince_aciklama,80,0,0,0
0,13024,"Buck Adult Şapka, Yeşil",EYB,https://sportoonline.com/tr/urun/buck-adult-sapka-yesil,ince_aciklama,79,0,0,0
0,13025,"Buck Adult Şapka, Siyah",EYB,https://sportoonline.com/tr/urun/buck-adult-sapka-siyah,ince_aciklama,81,0,0,0
0,13026,"Victorinox 606742 Altmont Original Laptop Sırt Çantası, Siyah",EYB,https://sportoonline.com/tr/urun/vtg-altmont-original-laptop-sirt-cantasisyh,aciklama_yok,0,0,0,0
0,13030,"Mervesan 40 Watt 12 VDC AC/DC Adaptör",EYB,https://sportoonline.com/tr/urun/dc-adaptor,ince_aciklama,109,0,0,0
0,13038,"Celestron 11"" Tüp Yerleştirme Kızağı",EYB,https://sportoonline.com/tr/urun/celestron-94219-11-dovetail-bar-tup-yerlestirme-kizagi,ince_aciklama,93,0,0,0
0,13042,"Sigg 6189.80 WMB One 0,6L Çocuk Matara, Superman Black",EYB,https://sportoonline.com/tr/urun/sigg-wmb-one-superman-black-matara-06l,kopya_aciklama,1090,9,0,0
0,13072,"Nebo 6373 LiL Larry 250 Lümen LED Fener",EYB,https://sportoonline.com/tr/urun/nebo-6373t-lil-larry-250-lumen-led-fener,kopya_aciklama,873,2,0,0
0,13077,"Celestron 1.25"" Universal T Adaptörü",EYB,https://sportoonline.com/tr/urun/u4426479en-ucuz-celestron-93625-universal-1-1-4-t-adaptor-genel-celestron,ince_aciklama,44,0,0,0
0,13083,"Dreamfarm Mini Supoon Silikon Kaşık, Mavi",EYB,https://sportoonline.com/tr/urun/dreamfarm-mini-kasikmavi,kopya_aciklama,1060,5,0,0
0,13118,"Victorinox 241910 Alliance Quartz Erkek Kol Saati",EYB,https://sportoonline.com/tr/urun/victorinox-swiss-army-241910-alliance-saat,aciklama_yok,0,0,0,0
0,13125,"Victorinox 8.2085 Rubis Manikür Seti",EYB,https://sportoonline.com/tr/urun/victorinox-82085-rubis-manikur-seti,ince_aciklama+aciklama_ad_ile_ayni,36,0,0,0
0,13127,"Buck Thorn Damascus 2015 Limitli Üretim Bıçak",EYB,https://sportoonline.com/tr/urun/buck-thorn-le-2015-damascus-bicak-eos,aciklama_yok,0,0,0,0
0,13130,"Dreamfarm Sharple Soyacak, Siyah",EYB,https://sportoonline.com/tr/urun/dreamfarm-sharple-soyacaksiyah,kopya_aciklama,914,2,0,0
0,13149,"Buck 843 Sprint OPS Çakı, Siyah",EYB,https://sportoonline.com/tr/urun/buck-843-sprint-ops-cakisyhkutu,kopya_aciklama,2880,2,0,0
0,13157,"Buck 811 Trace Çakı, Kamuflaj",EYB,https://sportoonline.com/tr/urun/buck-811-trace-cakikamuflaj-yuzeykutu,ince_aciklama,131,0,0,0
0,13160,"Victorinox 3.0312.0 SwissTool 0 No Yıldız Lokma",EYB,https://sportoonline.com/tr/urun/victorinox-303120-swisstool-0-no-yildiz-lokma,ince_aciklama,131,0,0,0
0,13161,"Victorinox 3.0312.3 SwissTool 3 No Yıldız Lokma",EYB,https://sportoonline.com/tr/urun/victorinox-303123-swisstool-3-no-yildiz-lokma,ince_aciklama,131,0,0,0
0,13164,"Victorinox 3.0316.3 SwissTool 3 No 6 Köşe Lokma",EYB,https://sportoonline.com/tr/urun/victorinox-303163-swisstool-3-no-6-kose-lokma,ince_aciklama,142,0,0,0
0,13179,"Diplomat D41000006 Aero Feltpen Siyah Refil",EYB,https://sportoonline.com/tr/urun/diplomat-d41000006-feltpen-aero-siyah-refil,ince_aciklama,147,0,0,0
0,13208,"Diplomat D41000005 Aero Fineliner Siyah Refil, Medium",EYB,https://sportoonline.com/tr/urun/diplomat-d41000005-aero-fineliner-m-siyah-refil,ince_aciklama,96,0,0,0
0,13215,"Sigg 8731.30 Miracle 0.35L Çocuk Matarası, Jungle Friend",EYB,https://sportoonline.com/tr/urun/sigg-873130-miracle-jungle-friend-035-lt-cocuk-su-matarasi,kopya_aciklama,1075,5,0,0
0,13216,"Sigg 8731.40 Miracle 0.35L Çocuk Matarası, Furry Friend",EYB,https://sportoonline.com/tr/urun/sigg-873140-miracle-furry-friend-035-lt-cocuk-su-matarasi,kopya_aciklama,1075,5,0,0
0,13236,"Nebo 6809 Tino 300 Lümen Fener",EYB,https://sportoonline.com/tr/urun/nebo-6809-g-tino-300-lumen-fener,kopya_aciklama,728,2,0,0
0,13239,"Nebo 6373 LiL Larry 250 Lümen LED Fener",EYB,https://sportoonline.com/tr/urun/nebo-6373-g-lil-larry-250-lumen-led-fener,kopya_aciklama,873,2,0,0
0,13246,"Troika Circle Of Love Anahtarlık",EYB,https://sportoonline.com/tr/urun/troika-circle-of-love-anahtarlik,aciklama_yok,0,0,0,0
0,13249,"Victorinox 6.0963.1 YPSO Tırtıklı Kenar Çift Taraf Kırmızı Soyacak",EYB,https://sportoonline.com/tr/urun/victypso-test-cift-kenarli-soyacakkrm76079,kopya_aciklama,943,2,0,0
0,13251,"Victorinox 6.7836.6C1 Swiss Classic 6'lı Soyma Bıçağı Seti",EYB,https://sportoonline.com/tr/urun/victswiss-classic-soyma-bicagi-set6-ad,aciklama_yok,0,0,0,0
0,13253,"Tramontina 23498-028 Plenus 6'lı Blok Set",EYB,https://sportoonline.com/tr/urun/tramontina-23498,ince_aciklama,84,0,0,0
0,13254,"Sigg 8731.90 Miracle 0.35L Çocuk Matarası, Dinosaur Friend",EYB,https://sportoonline.com/tr/urun/sigg-mk-dinosaur-friend-matara-045lt,kopya_aciklama,1075,5,0,0
0,13255,"Sigg 8731.80 Miracle 0.35L Çocuk Matarası, Puppy Friend",EYB,https://sportoonline.com/tr/urun/sigg-873180-mk-puppy-friend-matara-045lt,kopya_aciklama,1075,5,0,0
0,13264,"Victorinox 8.2082.09 Rubis Kütikül ve Tırnak Makası",EYB,https://sportoonline.com/tr/urun/victrubis-kutikul-ve-tirnak-makasi,ince_aciklama,51,0,0,0
0,13286,"Victorinox 8.2086 Rubis Düz Uç Cımbız",EYB,https://sportoonline.com/tr/urun/victorinox-82086-rubis-duz-uc-cimbiz,ince_aciklama,30,0,0,0
0,13287,"Victorinox 8.2088 Rubis Cımbız",EYB,https://sportoonline.com/tr/urun/victorinox-82088-rubis-cimbiz,ince_aciklama+aciklama_ad_ile_ayni,30,0,0,0
0,13288,"Victorinox A.6140 Küçük Anahtarlık Halkası",EYB,https://sportoonline.com/tr/urun/victorinox-a6140-kucuk-halka,aciklama_yok,0,0,0,0
0,13289,"Victorinox A.6141 Düz Başlı Kürdan",EYB,https://sportoonline.com/tr/urun/victorinox-a6141-duzbasli-kurdan,aciklama_yok,0,0,0,0
0,13291,"Victorinox A.6257 Küçük Makas Pense Yayı",EYB,https://sportoonline.com/tr/urun/victorinox-a6257-kucuk-yay,aciklama_yok,0,0,0,0
0,13293,"Feuerhand 276 Fener Açma Kolu",EYB,https://sportoonline.com/tr/urun/feuerhand-276-1-fener-acma-kolu,aciklama_yok,0,0,0,0
0,13294,"Sigg 8618.90 Disney 0.4L Çocuk Matarası, Minnie Mouse",EYB,https://sportoonline.com/tr/urun/sigg-861890-minnie-mouse-04-lt-matara,kopya_aciklama,1114,8,0,0
0,13295,"Sigg 8869.50 Disney 0.4L Çocuk Matarası, Anna&Else",EYB,https://sportoonline.com/tr/urun/sigg-886950-anna-elsa-04-lt-matara,kopya_aciklama,1114,8,0,0
0,13296,"Sigg 8862.10 Disney 0.6L Çocuk Matarası, Olaf II",EYB,https://sportoonline.com/tr/urun/sigg-886210-olaf-ii-06-lt-matara,kopya_aciklama,1114,8,0,0
0,13297,"Victorinox A.6142 Düz Başlı Cımbız",EYB,https://sportoonline.com/tr/urun/victorinox-a6142-duz-basli-cimbiz,aciklama_yok,0,0,0,0
0,13299,"Sigg 8596.40 Viva One Disney 0.5L Çocuk Matarası, Dory",EYB,https://sportoonline.com/tr/urun/sigg-859640-viva-one-dory-matara,kopya_aciklama,1023,5,0,0
0,13300,"Sigg 8618.50 Disney 0.3L Çocuk Matarası, Winnie The Pooh",EYB,https://sportoonline.com/tr/urun/sigg-861850-winnie-the-pooh-03-lt-matara,kopya_aciklama,1114,8,0,0
0,13302,"Sigg 8869.70 Viva One Disney 0.5L Çocuk Matarası, Olaf II",EYB,https://sportoonline.com/tr/urun/sigg-886970-viva-one-olaf-ii-05-lt-matara,kopya_aciklama,1023,5,0,0
0,13303,"Sigg 8970.70 Disney 0.4L Çocuk Matarası, Mickey School",EYB,https://sportoonline.com/tr/urun/sigg-897070-disney-mickey-school-04-lt-matara,kopya_aciklama,1114,8,0,0
0,13309,"Buck 250 Saunter Çakı, Siyah",EYB,https://sportoonline.com/tr/urun/buck-250-saunter-caki-micarta-yuzeysyhkutu,kopya_aciklama,941,2,0,0
0,13312,"Buck 250 Saunter Geniş Ağız Çakı, Siyah",EYB,https://sportoonline.com/tr/urun/buck-250-saunter-caki-gnsagiz-micarta-yzysuhkutu,kopya_aciklama,933,2,0,0
0,13313,"Buck 250 Saunter Çakı, Yeşil",EYB,https://sportoonline.com/tr/urun/buck-250-saunter-caki-daragizmicarta-yzyyslkutu,kopya_aciklama,941,2,0,0
0,13314,"Victorinox 8.2087 Düz Uç Cımbız",EYB,https://sportoonline.com/tr/urun/victrubis-cimbiz-duz-ucclk,ince_aciklama+aciklama_ad_ile_ayni,31,0,0,0
0,13315,"Fischer 17 cm Satır, Siyah",EYB,https://sportoonline.com/tr/urun/fischer-17-cm-siyah-satir,ince_aciklama,62,0,0,0
0,13316,"Fischer I422R 30cm Oval Masat",EYB,https://sportoonline.com/tr/urun/fischer-i422r-celik-30cm-oval-masat-hijyenik-sap,ince_aciklama,123,0,0,0
0,13319,"Victorinox 8.2115.10 Credo 10lu Jilet",EYB,https://sportoonline.com/tr/urun/victorinox-8211510-credo-10lu-jilet,aciklama_yok,0,0,0,0
0,13329,"Troika Katlanan Omuz Çantası, Yeşil",EYB,https://sportoonline.com/tr/urun/troika-katlanan-omuz-cantasiysl,kopya_aciklama,1941,2,0,0
0,13330,"Troika Katlanan Omuz Çantası, Gri",EYB,https://sportoonline.com/tr/urun/troika-katlanan-omuz-cantasigri,kopya_aciklama,1941,2,0,0
0,13337,"Troika Telefon Ayağı",EYB,https://sportoonline.com/tr/urun/troika-ccm20-teelfon-ayagistnd12tekli,aciklama_yok,0,0,0,0
0,13338,"Troika Office Trucker Kalemlik",EYB,https://sportoonline.com/tr/urun/troika-office-trucker-kalemlik,aciklama_yok,0,0,0,0
0,13340,"Victorinox 6.0943.3 IOTA Tırtıklı Kenar Çift Taraf Siyah Soyacak",EYB,https://sportoonline.com/tr/urun/victiota-testere-cift-kenarli-soyacaksyh,kopya_aciklama,998,2,0,0
0,13343,"Muela Raptor Balta",EYB,https://sportoonline.com/tr/urun/muela-raptor-balta,ince_aciklama,137,0,0,0
0,13362,"Diplomat D40216080 Skyline Dolma Kalem , Kılıf , Kırmızı Mürekkep Set",EYB,https://sportoonline.com/tr/urun/diplomat-skyline-dlmklmderi-kilifkrm-mrkkp-set,ince_aciklama,55,0,0,0
0,13364,"Sigg 6015.90 Helia 0,60L Çelik Termos, Pembe",EYB,https://sportoonline.com/tr/urun/sigg-helia-lingonberry-060lclk-termospmb,kopya_aciklama,1187,8,0,0
0,13367,"Diplomat D40603040 Esteem Ceneva Mavi Tükenmez Kalem",EYB,https://sportoonline.com/tr/urun/diplomat-esteem-tukenmez-kalem-cenevamavi,ince_aciklama,43,0,0,0
0,13369,"Victorinox 4.0504.3 Naylon Dokuma Kılıf",EYB,https://sportoonline.com/tr/urun/victorinox-405043-naylon-dokuma-kilif-09728-09798-serisi-uyumlu,aciklama_yok,0,0,0,0
0,13370,"Victorinox 4.0454 Silikon Kılıf Kahverengi",EYB,https://sportoonline.com/tr/urun/victorinox-40454-silikon-kilif-kahverengi,aciklama_yok,0,0,0,0
0,13371,"Victorinox 4.0453 Silikon Kılıf Yeşil",EYB,https://sportoonline.com/tr/urun/victorinox-40453-silikon-kilif-yesil,aciklama_yok,0,0,0,0
0,13375,"Victorinox 0.6223.G Classic SD Çakı Kutulu",EYB,https://sportoonline.com/tr/urun/victorinox-06223g-classic-sd-caki-kutulu,aciklama_yok,0,0,0,0
0,13383,"Diplomat D40604040 Esteem Ceneva Mor Tükenmez Kalem",EYB,https://sportoonline.com/tr/urun/diplomat-40604040-esteem-tukenmez-kalem,ince_aciklama,42,0,0,0
0,13384,"Victorinox 4.1875.3 Paracord Çakı Taşıma Kordonu, Siyah",EYB,https://sportoonline.com/tr/urun/victorinox-418753-paracord-caki-tasima-kordonu-siyah,kopya_aciklama,536,4,0,0
0,13389,"Victorinox 6.7113.23 Soyacak ve Sofra Bıçağı Seti, 2li Set Siyah",EYB,https://sportoonline.com/tr/urun/victorinox-soyacak-ve-sofra-bicagi-seti-2-parca-siyah,ince_aciklama,99,0,0,0
0,13390,"Diplomat D10301307 0,5mm Siyah Refil",EYB,https://sportoonline.com/tr/urun/diplomat-10301307-metal-05mm-siyah-refil,ince_aciklama,97,0,0,0
0,13400,"True Utility 7060 Keychain Gri Kutulu Çakı",EYB,https://sportoonline.com/tr/urun/true-utility-7060-keychain-gri-kutulu-caki,kopya_aciklama,374,2,0,0
0,13410,"Nebo 6539.1 Larry Tilt 120 Lümen Fener (Tekli)",EYB,https://sportoonline.com/tr/urun/nebo-65391-larry-tilt-120-lumen-fener-tekli,aciklama_yok,0,0,0,0
0,13421,"Troika Chucks Anahtarlık",EYB,https://sportoonline.com/tr/urun/troika-chucks-anahtarlik,aciklama_yok,0,0,0,0
0,13428,"Victorinox 0.6223.T5G Classic Şeffaf Pembe Çakı",EYB,https://sportoonline.com/tr/urun/victorinox-06223t5g-classic-seffaf-pembe-caki,aciklama_yok,0,0,0,0
0,13433,"Carson MM-280B MicroMini™ Cep Mikroskobu Anahtarlık, Mavi",EYB,https://sportoonline.com/tr/urun/carson-micromini-20x-mikroskop-mavi,kopya_aciklama,3214,3,0,0
0,13434,"Carson MM-280G MicroMini™ Cep Mikroskobu Anahtarlık, Yeşil",EYB,https://sportoonline.com/tr/urun/carson-micromini-20x-mikroskop-ysl,kopya_aciklama,3214,3,0,0
0,13435,"Carson MM-280O MicroMini™ Cep Mikroskobu Anahtarlık, Turuncu",EYB,https://sportoonline.com/tr/urun/carson-micromini-20x-mikroskop-trnc,kopya_aciklama,3214,3,0,0
0,13447,"Tramontina 25925-168 Supercort Dikiş Makası",EYB,https://sportoonline.com/tr/urun/tramontina-25925168-supercort-dikis-makasi,aciklama_yok,0,0,0,0
0,13449,"Tramontina 23899-077 Ultracorte 6lı Blok Set",EYB,https://sportoonline.com/tr/urun/tramontina-23899077-ultracorte-6li-blok-set,aciklama_yok,0,0,0,0
0,13450,"Tramontina 23498-449 Plenus 3lü Barbekü Seti",EYB,https://sportoonline.com/tr/urun/tramontina-23498449-plenus-3lu-barbeku-seti,aciklama_yok,0,0,0,0
0,13451,"Tramontina 23498-064 Plenus 4lü Bıçak Seti",EYB,https://sportoonline.com/tr/urun/tramontina-23498064-plenus-4lu-bicak-seti,aciklama_yok,0,0,0,0
0,13452,"Tramontina 23498-065 Plenus 10lı Bıçak Seti",EYB,https://sportoonline.com/tr/urun/tramontina-23498065-plenus-10li-bicak-seti,aciklama_yok,0,0,0,0
0,13463,"Diplomat D40213025 Marrakesh Kahverengi Dolma Kalem, Medium Uç",EYB,https://sportoonline.com/tr/urun/diplomat-marrakesh-dolmakalem-mkhv-gold,ince_aciklama,55,0,0,0
0,13479,"Celestron Aliminyum 6"" Kapalı Lens Koruyucu",EYB,https://sportoonline.com/tr/urun/dew-shield-alimunyum-kapakli-teleskop-koruyucu-6,aciklama_yok,0,0,0,0
0,13481,"Celestron Aliminyum 9.25"" Kapalı Lens Koruyucu",EYB,https://sportoonline.com/tr/urun/celestron-aliminyum-925-kapali-lens-koruyucu,aciklama_yok,0,0,0,0
0,13482,"Celestron Aliminyum 11"" Kapalı Lens Koruyucu",EYB,https://sportoonline.com/tr/urun/dew-shield-alimunyum-kapakli-teleskop-koruyucu-11,aciklama_yok,0,0,0,0
0,13483,"Celestron EdgeHD 11"" 7x Redüktör Lens",EYB,https://sportoonline.com/tr/urun/reducer-lens-7x-edge-hd-11,aciklama_yok,0,0,0,0
0,13485,"Troika Bel Çantası, Koyu Gri",EYB,https://sportoonline.com/tr/urun/troika-bel-cantasikgri,aciklama_yok,0,0,0,0
0,13489,"Troika VW T1 Bus  Anahtarlık",EYB,https://sportoonline.com/tr/urun/troika-light-bulli-t1-1962-anahtarlik,aciklama_yok,0,0,0,0
0,13495,"Troika Girls Best Friend Anahtarlık",EYB,https://sportoonline.com/tr/urun/troika-girls-best-friend-anahtarlik,aciklama_yok,0,0,0,0
0,13497,"Troika Welcome Baby  Anahtarlık",EYB,https://sportoonline.com/tr/urun/troika-welcome-baby-anahtarlik,aciklama_yok,0,0,0,0
0,13498,"Troika Small Peace  Anahtarlık",EYB,https://sportoonline.com/tr/urun/troika-small-peace-anahtarlik,aciklama_yok,0,0,0,0
0,13501,"Victorinox 7.7043.03 Siyah Bıçak Seti Bloğu",EYB,https://sportoonline.com/tr/urun/victorinox-7707303-blok,ince_aciklama,37,0,0,0
0,13513,"Fischer 1010-14 Kasap Bıçağı , 14 cm Siyah",EYB,https://sportoonline.com/tr/urun/fischer-kasap-bicagi-14cmsyh,ince_aciklama,76,0,0,0
0,13515,"Fischer 1010-25 Kasap Bıçağı , 25 cm Siyah",EYB,https://sportoonline.com/tr/urun/fischer-kasap-bicagi-25cmsyh,ince_aciklama,76,0,0,0
0,13516,"Fischer 1015-14 Kemik Sıyırma Bıçağı , 14 cm Siyah",EYB,https://sportoonline.com/tr/urun/fischer-kemik-siyirma-bicagi-14cmsyh,ince_aciklama,76,0,0,0
0,13519,"Fischer 79995 Silicar Bileme Taşı",EYB,https://sportoonline.com/tr/urun/fischer-silicar-wethstone-bileme-tasi,aciklama_yok,0,0,0,0
0,13522,"Fischer I2333 30cm Oval Masat",EYB,https://sportoonline.com/tr/urun/fischer-masat-oval-30cmsyh-sapli,ince_aciklama,75,0,0,0
0,13523,"Ficher J245B 35cm Oval Masat",EYB,https://sportoonline.com/tr/urun/fischer-masat-celik-oval-35cmmavi-sapli,ince_aciklama,75,0,0,0
0,13525,"Ficher J245N 35cm Oval Masat",EYB,https://sportoonline.com/tr/urun/fischer-masat-celik-oval-35cmsyh-sapli,ince_aciklama,75,0,0,0
0,13526,"Ficher N2333 30cm Yuvarlak Masat",EYB,https://sportoonline.com/tr/urun/fischer-masat-yuvarlak-30cmsyh-sapli,ince_aciklama,79,0,0,0
0,13527,"Fischer 1020-14 Geniş Kemik Sıyırma Bıçağı , 14 cm Siyah",EYB,https://sportoonline.com/tr/urun/fischer-1020-14-genis-kemik-siyirma-bicagi-14-cm-siyah,ince_aciklama,76,0,0,0
0,13529,"Deri Çakı Kılıfı , S , Koyu Kahve",EYB,https://sportoonline.com/tr/urun/deri-caki-kilifi-s-koyu-kahve,ince_aciklama,73,0,0,0
0,13530,"Victorinox 606743 Altmont Original Laptop Sırt Çantası, Mavi",EYB,https://sportoonline.com/tr/urun/victorinox-606743-altmont-original-laptop-sirt-cantasi-mavi,aciklama_yok,0,0,0,0
0,13531,"Victorinox 3.0903.3F Venture Pro Bıçak, Siyah",EYB,https://sportoonline.com/tr/urun/victorinox-309033f-venture-pro-bicak-siyah,aciklama_yok,0,0,0,0
0,13547,"Prandi 600gr Alman Balta, 36cm Dişbudak Sap",EYB,https://sportoonline.com/tr/urun/prandi-german-600gr-36cm-baltadisbudak-agac-sap,ince_aciklama,104,0,0,0
0,13550,"Prandi 600gr Alman Balta, 36cm Hikori Sap",EYB,https://sportoonline.com/tr/urun/prandi-german-600gr-36cm-baltahikori-agac-sap,ince_aciklama,125,0,0,0
0,13551,"Prandi 800gr Kerpetenli Marangoz Baltası, 38cm",EYB,https://sportoonline.com/tr/urun/prandi-marangoz-baltasi-kerpetenli-800gr-38cm,aciklama_yok,0,0,0,0
0,13552,"Prandi 1000gr Alman Balta, 60cm Dişbudak Sap",EYB,https://sportoonline.com/tr/urun/prandi-german-1000gr-60cm-baltadisbudak-agac-sap,ince_aciklama,103,0,0,0
0,13553,"Prandi 1200gr Alman Balta, 70cm Hikori Sap",EYB,https://sportoonline.com/tr/urun/prandi-german-1200gr-70cm-baltahikori-agac-sap,ince_aciklama,104,0,0,0
0,13554,"Prandi 1600gr Alman Balta, 80cm Dişbudak Sap",EYB,https://sportoonline.com/tr/urun/prandi-german-1600gr-80cm-baltadisbudak-agac-sap,ince_aciklama,102,0,0,0
0,13555,"Prandi 600gr Yankee Balta, 38cm Dişbudak Sap",EYB,https://sportoonline.com/tr/urun/prandi-yankee-600gr-38cm-baltadisbudak-agac-sap,ince_aciklama,117,0,0,0
0,13556,"Prandi 600gr Yankee Balta, 38cm Hikori Sap",EYB,https://sportoonline.com/tr/urun/prandi-yankee-600gr-38cm-baltahikori-agac-sap,ince_aciklama,119,0,0,0
0,13557,"Prandi 900gr Yankee Balta, 50cm Dişbudak Sap",EYB,https://sportoonline.com/tr/urun/prandi-yankee-900gr-50cm-baltadisbudak-agac-sap,ince_aciklama,117,0,0,0
0,13558,"Prandi 900gr Yankee Balta, 50cm Hikori Sap",EYB,https://sportoonline.com/tr/urun/prandi-yankee-900gr-50cm-baltahikori-agac-sap,ince_aciklama,119,0,0,0
0,13559,"Prandi 500gr Kamp Baltası, 33cm Hikori Sap",EYB,https://sportoonline.com/tr/urun/prandi-kamp-baltasi-500gr-33cmhikori-agac-sap,ince_aciklama,118,0,0,0
0,13560,"Prandi 400gr Segurin Balta, 28cm Hikori Sap",EYB,https://sportoonline.com/tr/urun/prandi-segurin-400gr-28cm-baltahikori-agac-sap,ince_aciklama,119,0,0,0
0,13580,"Sigg 6021.80 Therm One 1L Termos, Tarçın",EYB,https://sportoonline.com/tr/urun/sigg-therm-one-termos-10ltarcin,kopya_aciklama,1136,7,0,0
0,13581,"Buck Şapka, Pembe Kamuflaj",EYB,https://sportoonline.com/tr/urun/buck-pembe-camo-sapka-eos,aciklama_yok,0,0,0,0
0,13586,"Victorinox 0.6223.E221 Classic SD Çakı, Paris Style",EYB,https://sportoonline.com/tr/urun/victclassic-sd-paris-style-caki,aciklama_yok,0,0,0,0
0,13587,"Victorinox 0.6223.E222 Classic SD Çakı, Sydney Style",EYB,https://sportoonline.com/tr/urun/victclassic-sd-sdyney-style-caki,aciklama_yok,0,0,0,0
0,13588,"Victorinox 0.6223.E223 Classic SD Çakı, New York Style",EYB,https://sportoonline.com/tr/urun/victclassic-sd-new-york-style-caki,aciklama_yok,0,0,0,0
0,13589,"Victorinox 0.7100.E221 Classic Swiss Card, Paris Style",EYB,https://sportoonline.com/tr/urun/victswiss-card-classic-paris-style,aciklama_yok,0,0,0,0
0,13590,"Victorinox 0.7100.E222 Classic Swiss Card, Sydney Style",EYB,https://sportoonline.com/tr/urun/victswiss-card-classic-sydney-style,aciklama_yok,0,0,0,0
0,13592,"Victorinox 4.1895.E Kordonlu Anahtarlık Halkası, Koyu Gri",EYB,https://sportoonline.com/tr/urun/victanahtarlik-halkasi-kordonlukgri,aciklama_yok,0,0,0,0
0,13593,"Victorinox 4.1895.N Kordonlu Anahtarlık Halkası, Pembe",EYB,https://sportoonline.com/tr/urun/victanahtarlik-halkasi-kordonlupembe,aciklama_yok,0,0,0,0
0,13594,"Victorinox 4.1895.S Kordonlu Anahtarlık Halkası, Turkuaz",EYB,https://sportoonline.com/tr/urun/victanahtarlik-halkasi-kordonluturkuaz,aciklama_yok,0,0,0,0
0,13595,"Victorinox 4.1896.E Çakı Taşıma Kordonu, Bej",EYB,https://sportoonline.com/tr/urun/victcaki-tasima-kordonubej,aciklama_yok,0,0,0,0
0,13596,"Victorinox 4.1896.N Çakı Taşıma Kordonu, Mavi-Gri",EYB,https://sportoonline.com/tr/urun/gri,aciklama_yok,0,0,0,0
0,13597,"Victorinox 4.1896.S Çakı Taşıma Kordonu, Mor",EYB,https://sportoonline.com/tr/urun/victcaki-tasima-kordonumor,aciklama_yok,0,0,0,0
0,13598,"Victorinox 242011 I.N.O.X. Quartz Erkek Kol Saati",EYB,https://sportoonline.com/tr/urun/kys-kol-saati-15932,aciklama_yok,0,0,0,0
0,13599,"Victorinox 242012 Journey 1884 Quartz Erkek Kol Saati",EYB,https://sportoonline.com/tr/urun/vsa-journey18842t-bezelysl-kdrclk-kys-kol-saati,aciklama_yok,0,0,0,0
0,13659,"Victorinox Altius Secrid Essential Kartlık, Titanyum",EYB,https://sportoonline.com/tr/urun/victorinox-altius-secrid-essential-kartlik-titanyum,kopya_aciklama,699,2,0,0
0,13660,"Victorinox Altius Secrid Essential Kartlık, Gümüş",EYB,https://sportoonline.com/tr/urun/victorinox-altius-secrid-essential-kartlik-gumus,kopya_aciklama,699,2,0,0
0,13703,"Victorinox 5.5522.25 25cm Mavi Sıyırma Bıçağı",EYB,https://sportoonline.com/tr/urun/victorinox-25cm-mavi-siyirma-bicagi,aciklama_yok,0,0,0,0
0,13704,"Victorinox 5.5521.25 25cm Kırmızı Sıyırma Bıçağı",EYB,https://sportoonline.com/tr/urun/victorinox-25cm-kirmizi-siyirma-bicagi,aciklama_yok,0,0,0,0
0,13705,"Victorinox 5.5501.18L 18cm Kırmızı Sıyırma Bıçağı, Parmak Korumalı",EYB,https://sportoonline.com/tr/urun/victorinox-18cm-kirmizi-siyirma-bicagi-parmak-korumali,aciklama_yok,0,0,0,0
0,13706,"Victorinox 5.5501.20L 20cm Kırmızı Sıyırma Bıçağı, Parmak Korumalı",EYB,https://sportoonline.com/tr/urun/victorinox-20cm-kirmizi-siyirma-bicagi-parmak-korumali,aciklama_yok,0,0,0,0
0,13710,"Victorinox 7.6251 8x11cm Akağaç Spatula",EYB,https://sportoonline.com/tr/urun/victorinox-76251-akagac-sapli-spatula,ince_aciklama,60,0,0,0
0,13711,"Victorinox 0.9425.DS222 Evoke BSH Alox Çakı, Mavi Kamuflaj",EYB,https://sportoonline.com/tr/urun/victorinox-09425ds222-evoke-bsh-alox-caki-mavi-kamuflaj,kopya_aciklama,578,2,0,0
0,13712,"Victorinox 0.9425.DS24 Evoke BSH Alox Çakı, Yeşil",EYB,https://sportoonline.com/tr/urun/victorinox-09425ds24-evoke-bsh-alox-caki-yesil,kopya_aciklama,578,2,0,0
0,13715,"Victorinox 5.5528.25 25cm Sarı Sıyırma Bıçağı",EYB,https://sportoonline.com/tr/urun/victorinox-25cm-sari-fibrox-siyirma-bicagi,aciklama_yok,0,0,0,0
0,13719,"Victorinox 242007 Maverick Quartz Erkek Kol Saati",EYB,https://sportoonline.com/tr/urun/victorinox-242007-maverick-kol-saati,aciklama_yok,0,0,0,0
0,13720,"Maglite LWSA601 6C & 6D Ampul",EYB,https://sportoonline.com/tr/urun/6cd-pilli-ampul-eos,aciklama_yok,0,0,0,0
0,13721,"Sigg 6020.80 Therm One 0,75L Termos, Turkuaz",EYB,https://sportoonline.com/tr/urun/sigg-therm-one-termos-075lturkuaz,kopya_aciklama,1135,9,0,0
0,13722,"Sigg 6020.90 Therm One 0,75L Termos, Pembe",EYB,https://sportoonline.com/tr/urun/sigg-therm-one-termos-075lpembe,kopya_aciklama,1135,9,0,0
0,13726,"Victorinox 5.4000.18 590gr Satır, Çam Ağacı",EYB,https://sportoonline.com/tr/urun/victsatir-590-gr-18cmcam-agaci-sapli,aciklama_yok,0,0,0,0
0,13732,"Main Knives 2000-L2 Urban Line 8,7cm  Çakı, Meşe Ağacı",EYB,https://sportoonline.com/tr/urun/main-knives-urbanline-caki-87cmbeechwood-agacsap,ince_aciklama,140,0,0,0
0,13733,"Main Knives 2000-L3 Urban Line 8,7cm Çakı, Ceviz Ağacı",EYB,https://sportoonline.com/tr/urun/main-knives-urban-line-caki-87cmceviz-agac-sapli,ince_aciklama,125,0,0,0
0,13734,"Main Knives 2000-L4 Urban Line 8,7cm Çakı, Siyah Ağaç",EYB,https://sportoonline.com/tr/urun/main-knives-urban-line-caki-87cmsyh-agac-sapli,ince_aciklama,132,0,0,0
0,13735,"Main Knives 2000-L8 Titanyum Urban Line 8,7cm Çakı, Zeytin Ağacı",EYB,https://sportoonline.com/tr/urun/main-knives-2000-l8-titanyum-urban-line-87cm-caki-zeytin-agaci,ince_aciklama,147,0,0,0
0,13742,"Main Knives 7000 Mantar Bıçağı, Bubinga",EYB,https://sportoonline.com/tr/urun/main-knives-mantar-bicagibubinga-agac-sapli,ince_aciklama,95,0,0,0
0,13744,"Carson ER-30 Gözlük Askısı, Siyah",EYB,https://sportoonline.com/tr/urun/carson-16653,aciklama_yok,0,0,0,0
0,13746,"Deri Kancalı Anahtarlık, Siyah",EYB,https://sportoonline.com/tr/urun/deri-kancali-anahtarliksiyah,aciklama_yok,0,0,0,0
0,13747,"Deri Kancalı Anahtarlık, Koyu Kahve",EYB,https://sportoonline.com/tr/urun/deri-kancali-anahtarlikkoyu-kahve,aciklama_yok,0,0,0,0
0,13749,"Victorinox 242019 I.N.O.X. Erkek Kol Saati",EYB,https://sportoonline.com/tr/urun/victorinox-242019-inox-erkek-kol-saati,aciklama_yok,0,0,0,0
0,13762,"Victorinox 6.0963.4 YPSO Tırtıklı Kenar Çift Taraf Yeşil Soyacak",EYB,https://sportoonline.com/tr/urun/victypso-testagiz-ve-cift-kenarli-soyacak,kopya_aciklama,943,2,0,0
0,13763,"Victorinox 6.0950.3 RHO Düz Kenar Tek Taraf Siyah Soyacak",EYB,https://sportoonline.com/tr/urun/victrho-duz-ve-tek-kenarli-soyacak,kopya_aciklama,1006,3,0,0
0,13801,"Tramontina 26499-032 6lı Barbekü Servis Seti",EYB,https://sportoonline.com/tr/urun/tramontina-barbeku-servis-set6-ad,aciklama_yok,0,0,0,0
0,13813,"Keybak Side Kick Uzatmalı Anahtarlık",EYB,https://sportoonline.com/tr/urun/keybak-sidekick-uzatmali-anahtarlik-syhduduk,aciklama_yok,0,0,0,0
0,13814,"Fischer 1010 17cm Kasap Bıçağı, Siyah",EYB,https://sportoonline.com/tr/urun/fischer-kasap-bicagi-17cmsyh,aciklama_yok,0,0,0,0
0,13816,"Fischer 1030 14cm Sıyırma Bıçağı, Siyah",EYB,https://sportoonline.com/tr/urun/fischer-kemik-siyirma-bicagi-14cmsyh-17058,aciklama_yok,0,0,0,0
0,13817,"Fischer 1050 16cm Yüzme Bıçağı, Siyah",EYB,https://sportoonline.com/tr/urun/fischer-yuzme-bicagi-16cmsyh,aciklama_yok,0,0,0,0
0,13818,"Fischer 225-10 12cm Testere Uçlu Kemik Sıyırma Bıçağı, Siyah",EYB,https://sportoonline.com/tr/urun/fischer-biftek-bicagi-testagz10cmsyh,aciklama_yok,0,0,0,0
0,13819,"Fischer 2318 Balık Temizleme Aleti, Mavi",EYB,https://sportoonline.com/tr/urun/fischer-balik-temizleme-aletimavi-sap,aciklama_yok,0,0,0,0
0,13820,"Fischer 3010 14cm Kasap Bıçağı, Kırmızı",EYB,https://sportoonline.com/tr/urun/fischer-kasap-bicagi-14cmkrm,aciklama_yok,0,0,0,0
0,13821,"Fischer 3010 17cm Kasap Bıçağı, Kırmızı",EYB,https://sportoonline.com/tr/urun/fischer-kasap-bicagi-17cmkrm,aciklama_yok,0,0,0,0
0,13822,"Fischer 3010 20cm Kasap Bıçağı, Kırmızı",EYB,https://sportoonline.com/tr/urun/fischer-kasap-bicagi-20cmkrm,aciklama_yok,0,0,0,0
0,13823,"Fischer 3010 25cm Kasap Bıçağı, Kırmızı",EYB,https://sportoonline.com/tr/urun/fischer-kasap-bicagi-25cmkrm,aciklama_yok,0,0,0,0
0,13824,"Fischer 3015 14cm Kemik Sıyırma Bıçağı, Kırmızı",EYB,https://sportoonline.com/tr/urun/fischer-kemik-siyirma-bicagi-14cmkrm,aciklama_yok,0,0,0,0
0,13825,"Fischer 3030 14cm Kemik Sıyırma Bıçağı, Kırmızı",EYB,https://sportoonline.com/tr/urun/fischer-kemik-siyirma-bicagi-14cmkrm-17067,aciklama_yok,0,0,0,0
0,13826,"Fischer 310 17cm 4 Perçinli Kasap Bıçağı, Siyah",EYB,https://sportoonline.com/tr/urun/fischer-kasap-bicagi-4-percinli-sap-17cmsyh,aciklama_yok,0,0,0,0
0,13827,"Fischer 310 20cm 4 Perçinli Kasap Bıçağı, Siyah",EYB,https://sportoonline.com/tr/urun/fischer-kasap-bicagi-4-percinli-sap-20cmsyh,aciklama_yok,0,0,0,0
0,13828,"Fischer 315 14cm 4 Perçinli Kemik Sıyarma Bıçağı, Siyah",EYB,https://sportoonline.com/tr/urun/fischer-kemik-siyirma-bicagi-4-percin-sap14cmsyh,aciklama_yok,0,0,0,0
0,13829,"Fischer 320 11cm 4 Perçinli Kemik Sıyarma Bıçağı, Siyah",EYB,https://sportoonline.com/tr/urun/fischer-saplama-ve-kesme-bicagi-4-percin-11cmsyh,aciklama_yok,0,0,0,0
0,13830,"Fischer 38050 12cm Balık Ayıklama Maşası",EYB,https://sportoonline.com/tr/urun/fischer-celik-balik-ayiklama-masasi,aciklama_yok,0,0,0,0
0,13831,"Fischer 382 19cm  Perçinli Satır, Siyah",EYB,https://sportoonline.com/tr/urun/fischer-satir-3-percinli-19cm-syh,aciklama_yok,0,0,0,0
0,13832,"Fischer 6410 Balık Pulu Ayıklama  Aleti, Mavi",EYB,https://sportoonline.com/tr/urun/fischer-balik-pulu-ayiklama-aletimavi,aciklama_yok,0,0,0,0
0,13833,"Fischer 78020 14cm Kemik Sıyırma Bıçağı, Mavi",EYB,https://sportoonline.com/tr/urun/fischer-78020-14cm-kemik-siyirma-bicagi-mavi,aciklama_yok,0,0,0,0
0,13834,"Fischer 220-10 12 12cm 1estere Uçlu Kemik Sıyırma Bıçağı, Siyah",EYB,https://sportoonline.com/tr/urun/fischer-biftek-bicagi-2-percinli-sap-10cmsyh,aciklama_yok,0,0,0,0
0,13835,"Fischer 310 14cm Bıçağı Perçinli, Siyah",EYB,https://sportoonline.com/tr/urun/fischer-kasap-bicagi-4-percinli-14cmsyh,aciklama_yok,0,0,0,0
0,13836,"Fischer 320 14cm Bıçağı Pçlu Kemik Sıyırma Bıçağı, Viyah",EYB,https://sportoonline.com/tr/urun/fischer-saplama-ve-kesme-bicagi-4-percinli-4cmsyh,aciklama_yok,0,0,0,0
0,13837,"Fischer 389Bıçağı",EYB,https://sportoonline.com/tr/urun/fischer-peynir-bicagisyh,aciklama_yok,0,0,0,0
0,13838,"Fischer 6030 14cm Sıyırma Bıçağı, Miyah",EYB,https://sportoonline.com/tr/urun/fischer-kemik-siyirma-bicagi-14cmmavi,aciklama_yok,0,0,0,0
0,13839,"Fischer 78030 14cm Kemik Sıyırma Bıçağı, Mavi",EYB,https://sportoonline.com/tr/urun/fischer-78030-14cm-kemik-siyirma-bicagi-mavi,aciklama_yok,0,0,0,0
0,13843,"Victorinox 5.5203.18L 18cm Parmak Koruyuculu Kasap Bıçağı",EYB,https://sportoonline.com/tr/urun/victkasap-bicagi-parmak-koruyucu-18cmfibroxsyh,aciklama_yok,0,0,0,0
0,13847,"Sigg 6053.10 Therm One 0,75L Termos, Siyah",EYB,https://sportoonline.com/tr/urun/sigg-therm-one-termos-075lsiyah,kopya_aciklama,1135,9,0,0
0,13848,"Sigg 6053.20 Therm One 0,75L Termos, Beyaz",EYB,https://sportoonline.com/tr/urun/sigg-therm-one-termos-075lbeyaz,kopya_aciklama,1135,9,0,0
0,13859,"Victorinox 241509 Chrono Classic Quartz Erkek Kol Saati",EYB,https://sportoonline.com/tr/urun/vsa-chrclassic2tgmskdrclkkyskol-saati-eos,aciklama_yok,0,0,0,0
0,13862,"Victorinox 241716 Airboss Otomatik Erkek Kol Saati",EYB,https://sportoonline.com/tr/urun/vsa-airboss-mech-chr-syhkdr-syh-kumas-kys-saat-eos,aciklama_yok,0,0,0,0
0,13864,"Victorinox 241787 Maverick Chrono Quartz Erkek Kol Saati",EYB,https://sportoonline.com/tr/urun/deri-kys-kol-saati-eos,aciklama_yok,0,0,0,0
0,13865,"Victorinox 6.7839.C1 Swiss Classic 11cm Domates Bıçağı, Turuncu",EYB,https://sportoonline.com/tr/urun/victswiss-classic-domates-bic11cm-testagztrnc,aciklama_yok,0,0,0,0
0,13877,"Buck 636 Paklite Bıçak, Siyah",EYB,https://sportoonline.com/tr/urun/buck-636-paklite-bicaksyhkutu,kopya_aciklama,1719,2,0,0
0,13878,"Buck 636 Paklite Bıçak, Turuncu",EYB,https://sportoonline.com/tr/urun/buck-636-paklite-bicaktrnckutu,kopya_aciklama,1719,2,0,0
0,13882,"Prandi 600gr Alman Tipi Balta, 36cm Ceviz Sap",EYB,https://sportoonline.com/tr/urun/prandi-german-type-600gr-baltaceviz-agaci-sapli,aciklama_yok,0,0,0,0
0,13883,"Prandi 500gr Calabro Balta, 60cm Kayın Sap",EYB,https://sportoonline.com/tr/urun/prandi-calabro-balta-lkayin-agaci-sapli,aciklama_yok,0,0,0,0
0,13886,"0.6223 Çakılar ile uyumlu El Yapımı Deri Kılıf, Koyu Kahve",EYB,https://sportoonline.com/tr/urun/06223-cakilarla-uyumlu-deri-el-yapimi-kilif-17141,kopya_aciklama,368,2,0,0
0,13887,"0.6223 Çakılar ile uyumlu El Yapımı Deri Kılıf, Camel",EYB,https://sportoonline.com/tr/urun/06223-cakilarla-uyumlu-deri-el-yapimi-kilif-17142,kopya_aciklama,368,2,0,0
0,13888,"Victorinox 6.7203 Swiss Classic 11cm Biftek Bıçağı, Siyah",EYB,https://sportoonline.com/tr/urun/victswiss-classic-biftek-bicagi-11cm-duzkenarsyh,aciklama_yok,0,0,0,0
0,13889,"Victorinox 6.7233 Swiss Classic 11cm Biftek&Pizza Bıçağı, Siyah",EYB,https://sportoonline.com/tr/urun/victswiss-classic-biftekpizza-bicagi-11cmsyh,aciklama_yok,0,0,0,0
0,13890,"Victorinox 6.7491.2C1 Swiss Classic 2li Soyma Bıçağı Set, Kırmızı",EYB,https://sportoonline.com/tr/urun/victswiss-classic-soyma-bicagi-2ad-8cmkrm,aciklama_yok,0,0,0,0
0,13891,"Victorinox 6.7493.2 Swiss Classic 2li Soyma Bıçağı Set, Siyah",EYB,https://sportoonline.com/tr/urun/victswiss-classic-soyma-bicagi-set-2ad-8cmsyh,aciklama_yok,0,0,0,0
0,13893,"Victorinox 6.7839.FC1 Swiss Classic 11cm Katlanır Piknik Bıçağı, Turuncu",EYB,https://sportoonline.com/tr/urun/victswissclassic-katlanir-piknik-bicagi-11cmtrnc,aciklama_yok,0,0,0,0
0,13895,"Victorinox 6.7693.2 Swiss Classic 2li Soyma Bıçağı Set, Siyah",EYB,https://sportoonline.com/tr/urun/victswiss-classic-soymabicagi-set2adsivri-ucsyh,aciklama_yok,0,0,0,0
0,13896,"Victorinox 6.7691.2C1 Swiss Classic 2li Soyma Bıçağı Set, Kırmızı",EYB,https://sportoonline.com/tr/urun/victswiss-classic-soyma-bicagiset2adsivri-uckrm,aciklama_yok,0,0,0,0
0,13898,"Victorinox 6.7699.2C1 Swiss Classic 2li Soyma Bıçağı Set, Turuncu",EYB,https://sportoonline.com/tr/urun/victswiss-classic-soymabicagi-set2adsivriuctrnc,aciklama_yok,0,0,0,0
0,13899,"Victorinox 6.7791.2C1 Swiss Classic 2li 10cm Soyma Bıçağı Set, Kırmızı",EYB,https://sportoonline.com/tr/urun/victswiss-classic-soyma-bicagi-set-2ad10cmkrm,aciklama_yok,0,0,0,0
0,13900,"Victorinox 6.7793.2 Swiss Classic 2li 10cm Soyma Bıçağı Set, Siyah",EYB,https://sportoonline.com/tr/urun/victswiss-classic-soyma-bicagi-set-2ad10cmsyh,aciklama_yok,0,0,0,0
0,13902,"Victorinox 6.7231.C1 Swiss Classic 11cm Biftek&Pizza Bıçağı, Kırmızı",EYB,https://sportoonline.com/tr/urun/victswiss-classic-biftekpizza-bicagi-11cmkrm,aciklama_yok,0,0,0,0
0,13904,"Victorinox 6.7235.C1 Swiss Classic 11cm Biftek&Pizza Bıçağı, Mor",EYB,https://sportoonline.com/tr/urun/victswiss-classic-biftekpizza-bicagi11cmmor,aciklama_yok,0,0,0,0
0,13906,"Victorinox 6.7799.2C1 Swiss Classic 2li 10cm Soyma Bıçağı Set, Turuncu",EYB,https://sportoonline.com/tr/urun/victswiss-classic-soyma-bicagi-set-2ad10cmtrnc,aciklama_yok,0,0,0,0
0,13907,"Victorinox 6.7111.2C1 Swiss Classic 2li Bıçak Set, Kırmızı",EYB,https://sportoonline.com/tr/urun/victsiwss-classic-soyma-bicagi-set-2adkrm,aciklama_yok,0,0,0,0
0,13908,"Victorinox 6.7113.2 Swiss Classic 2li Bıçak Set, Siyah",EYB,https://sportoonline.com/tr/urun/victswiss-classic-soyma-bicagi-set-2ad,aciklama_yok,0,0,0,0
0,13909,"Victorinox 6.7113.34 Swiss Classic 3lü Bıçak Set, Siyah",EYB,https://sportoonline.com/tr/urun/victswiss-classic-soyma-bicagi-set-3adsyh,aciklama_yok,0,0,0,0
0,13911,"Victorinox 6.7111.21C1 Swiss Classic 2li Bıçak ve Soyacak Set, Kırmızı",EYB,https://sportoonline.com/tr/urun/victswiss-classic-soyma-bicagisoyacak-setkrm,aciklama_yok,0,0,0,0
0,13912,"Victorinox 6.7111.34C1 Swiss Classic 3lü Bıçak Set, Kırmızı",EYB,https://sportoonline.com/tr/urun/victswiss-classic-soyma-bicagi-3adkrm,aciklama_yok,0,0,0,0
0,13914,"Victorinox 6.7113.22 Swiss Classic 2li Bıçak ve Soyacak Set, Siyah",EYB,https://sportoonline.com/tr/urun/victswiss-classic-soyma-bicagisoyacak-setsyh-17172,aciklama_yok,0,0,0,0
0,13915,"Victorinox 6.7113.33 Swiss Classic 3lü Bıçak ve Soyacak Set, Siyah",EYB,https://sportoonline.com/tr/urun/victswiss-classic-soyma-bicaklarisoyacak-setsyh,aciklama_yok,0,0,0,0
0,13916,"Victorinox 6.7114.21C1 Swiss Classic 2li Bıçak ve Soyacak Set, Yeşil",EYB,https://sportoonline.com/tr/urun/victswiss-classic-soyma-bicagisoyacak-setysl,aciklama_yok,0,0,0,0
0,13917,"Victorinox 6.7193.3F Swiss Classic 3lü Piknik Seti, Siyah",EYB,https://sportoonline.com/tr/urun/victswiss-classic-piknik-set-3adsyh,aciklama_yok,0,0,0,0
0,13919,"Victorinox 6.7126.6C1 Swiss Classic 7li Soyma Bıçağı Blok Set, Renkli",EYB,https://sportoonline.com/tr/urun/victswiss-classic-bicak-blok-set-7admulticolor,aciklama_yok,0,0,0,0
0,13920,"Victorinox 6.7193F Kesme Tahtası ve Katlanır Bıçak Set, Siyah",EYB,https://sportoonline.com/tr/urun/victkesme-tahtasisyh-bicak-testkenarsyh,aciklama_yok,0,0,0,0
0,13921,"Victorinox 6.7194.3FC1 Swiss Classic 3lü Piknik Seti, Yeşil",EYB,https://sportoonline.com/tr/urun/victswiss-classic-piknik-set-3adysl,aciklama_yok,0,0,0,0
0,13922,"Victorinox 6.7126.4C1 Swiss Classic 5li Biftek Bıçağı Blok Set, Renkli",EYB,https://sportoonline.com/tr/urun/victorinox-671264c1-swiss-classic-5li-biftek-bicagi-blok-set-renkli,aciklama_yok,0,0,0,0
0,13923,"Victorinox 242030 I.N.O.X. Quartz Erkek Kol Saati",EYB,https://sportoonline.com/tr/urun/vsa-inox-41syh-kdrclk-kyl-kol-saati,aciklama_yok,0,0,0,0
0,13924,"Victorinox 242031 I.N.O.X. Quartz Erkek Kol Saati",EYB,https://sportoonline.com/tr/urun/vsa-inox-41mavi-kdrclk-kys-kol-saati,aciklama_yok,0,0,0,0
0,13925,"Victorinox 242045 Swiss Army Otomatik Erkek Kol Saati",EYB,https://sportoonline.com/tr/urun/vsa-swiss-army-automavi-kdrclk-ks-kol-saati,aciklama_yok,0,0,0,0
0,13926,"Victorinox 242045 Swiss Army Chrono Quartz Erkek Kol Saati",EYB,https://sportoonline.com/tr/urun/vsa-swiss-army-chrmavi-kdrclk-kys-kol-saati,aciklama_yok,0,0,0,0
0,13929,"Epicurean Mutfak Serisi Siyah Kesme Tahtası 37x29cm",EYB,https://sportoonline.com/tr/urun/epicurean-naturalkesmetahtasi-syh-145x1125pk8,kopya_aciklama,1351,3,0,0
0,13930,"Epicurean Mutfak Serisi Kahverengi Kesme Tahtası 37x29cm",EYB,https://sportoonline.com/tr/urun/epicurean-natural-kesme-tahtasi145x1125khvpk8,kopya_aciklama,1351,3,0,0
0,13939,"Buck 112 Slim Ranger Çakı, Yeşil",EYB,https://sportoonline.com/tr/urun/buck-112-slim-ranger-cakiyslkutu,aciklama_yok,0,0,0,0
0,13940,"Buck 110 Slim Hunter Çakı, Yeşil",EYB,https://sportoonline.com/tr/urun/buck-110-slim-hunter-cakiyslkutu,aciklama_yok,0,0,0,0
0,13954,"Diplomat Aero Rhomb Krom Dolma Kalem, F Uç",EYB,https://sportoonline.com/tr/urun/diplomat-aero-rhomb-chrome-dolmakalem-f,aciklama_yok,0,0,0,0
0,13955,"Diplomat Aero Rhomb Krom Roller Kalem",EYB,https://sportoonline.com/tr/urun/diplomat-aero-rhomb-chrome-roller-kalem,aciklama_yok,0,0,0,0
0,13956,"Diplomat Aero Rhomb Krom Tükenmez Kalem",EYB,https://sportoonline.com/tr/urun/diplomat-aero-rhomb-chrome-tukenmez-kalem,aciklama_yok,0,0,0,0
0,13957,"Diplomat Esteem Barley Siyah Dolma Kalem, F Uç",EYB,https://sportoonline.com/tr/urun/diplomat-esteem-barley-dolmakalem-fsyh,aciklama_yok,0,0,0,0
0,13958,"Diplomat Esteem Barley Siyah Roller Kalem",EYB,https://sportoonline.com/tr/urun/diplomat-esteem-barley-roller-kalemsyh,aciklama_yok,0,0,0,0
0,13959,"Diplomat Traveller Çelik Versatil Kalem",EYB,https://sportoonline.com/tr/urun/diplomat-traveller-celik-versatil-kalem,aciklama_yok,0,0,0,0
0,13960,"Diplomat Esteem Barley Siyah Tükenmez Kalem",EYB,https://sportoonline.com/tr/urun/diplomat-esteem-barley-tukenmez-kalemsyh,aciklama_yok,0,0,0,0
0,13961,"Diplomat Traveller Gri Roller Kalem",EYB,https://sportoonline.com/tr/urun/diplomat-traveller-roller-kalem-gri,aciklama_yok,0,0,0,0
0,13962,"Diplomat Traveller Gri Tükenmez Kalem",EYB,https://sportoonline.com/tr/urun/diplomat-traveller-tukenmez-kalemgri,aciklama_yok,0,0,0,0
0,13963,"Diplomat Spactec Q4 Siyah Tükenmez Kalem",EYB,https://sportoonline.com/tr/urun/diplomat-spacetec-q4-tukenmez-kalemsyh,aciklama_yok,0,0,0,0
0,13964,"Diplomat Spactec Q4 Mavi Tükenmez Kalem",EYB,https://sportoonline.com/tr/urun/diplomat-spacetec-q4-tukenmez-kalemmavi,aciklama_yok,0,0,0,0
0,13965,"Muela 5161 Bowie Scout Bej ABS Saplı Bıçak 16cm",EYB,https://sportoonline.com/tr/urun/muela-bowie-scout-bicak-16cmabs-bej-sapli,aciklama_yok,0,0,0,0
0,13966,"Muela 5162 Bowie Scout Kahverengi ABS Saplı Bıçak 16cm",EYB,https://sportoonline.com/tr/urun/muela-scout-bicak-16cm-satinabs-khv-sapli,aciklama_yok,0,0,0,0
0,13967,"Muela 85-182 Commando Siyah ABS Saplı Bıçak 18cm",EYB,https://sportoonline.com/tr/urun/muela-commando-bicak-18cmabs-syh-sapli,aciklama_yok,0,0,0,0
0,13968,"Muela 85-181 Bowie Bej Kauçuk Saplı Bıçak 18cm",EYB,https://sportoonline.com/tr/urun/muela-bowie-bicak-18cmbej-kaucuk-sapli,aciklama_yok,0,0,0,0
0,13969,"Muela Kaşık Çatal Kamp Seti Kılıflı",EYB,https://sportoonline.com/tr/urun/muela-kamp-kasik-catal-setikilifli,aciklama_yok,0,0,0,0
0,13971,"Muela Kaşık Çatal Bıçak Kamp Seti Kılıflı",EYB,https://sportoonline.com/tr/urun/muela-kamping-set-catalkasikbicakkilifta,aciklama_yok,0,0,0,0
0,13972,"Muela Verdugo Siyah G10 Saplı Çakı",EYB,https://sportoonline.com/tr/urun/muela-verdugo-cakig10-siyah-sapli,aciklama_yok,0,0,0,0
0,13973,"Muela Vibora Siyah Micarta Saplı Karbon Çakı",EYB,https://sportoonline.com/tr/urun/muela-vibora-karbon-clk-cakimicarta-syh-sapli,aciklama_yok,0,0,0,0
0,13976,"Spectrum 9.25"" Güneş Filtresi",EYB,https://sportoonline.com/tr/urun/spectrum-925-gunes-filtresi,ince_aciklama,144,0,0,0
0,13989,"Epicurean Mutfak Serisi Kahverengi Kesme Tahtası 20x15cm",EYB,https://sportoonline.com/tr/urun/epicurean-kitchen-seri-kesme-tahtasi-20x15cmkhv,kopya_aciklama,1244,2,0,0
0,13990,"Epicurean Mutfak Serisi Natürel Kesme Tahtası 29x23cm",EYB,https://sportoonline.com/tr/urun/epicurean-kitchenseri-kesmetahtasi-29x23cmnatural,kopya_aciklama,1312,3,0,0
0,13991,"Epicurean Mutfak Serisi Siyah Kesme Tahtası 29x23cm",EYB,https://sportoonline.com/tr/urun/epicurean-kitchen-seri-kesme-tahtasi-29x23cmsyh,kopya_aciklama,1312,3,0,0
0,13992,"Epicurean Mutfak Serisi Kahverengi Kesme Tahtası 29x23cm",EYB,https://sportoonline.com/tr/urun/epicurean-kitchen-seri-kesme-tahtasi-29x23cmkhv,kopya_aciklama,1312,3,0,0
0,13993,"Epicurean Mutfak Serisi Natürel Kesme Tahtası 37x29cm",EYB,https://sportoonline.com/tr/urun/epicurean-kitchenseri-kesmetahtasi-37x29cmnatural,kopya_aciklama,1351,3,0,0
0,13994,"Epicurean Mutfak Serisi Natürel Kesme Tahtası 45x33cm",EYB,https://sportoonline.com/tr/urun/epicurean-kitchenseri-kesmetahtasi-45x33cmnatural,kopya_aciklama,1330,3,0,0
0,13995,"Epicurean Mutfak Serisi Siyah Kesme Tahtası 45x33cm",EYB,https://sportoonline.com/tr/urun/epicurean-kitchen-seri-kesme-tahtasi-45x33cmsyh,kopya_aciklama,1330,3,0,0
0,13996,"Epicurean Mutfak Serisi Kahverengi Kesme Tahtası 45x33cm",EYB,https://sportoonline.com/tr/urun/epicurean-kitchen-seri-kesme-tahtasi-45x33cmkhv,kopya_aciklama,1330,3,0,0
0,13997,"Epicurean AllinOne Serisi Siyah Kesme Tahtası 29x23cm",EYB,https://sportoonline.com/tr/urun/epicurean-all-in-one-seri-kesmetahtasi-29x23cmsyh,kopya_aciklama,1374,2,0,0
0,13998,"Epicurean AllinOne Serisi Kahverengi Kesme Tahtası 29x23cm",EYB,https://sportoonline.com/tr/urun/epicurean-all-in-one-seri-kesmetahtasi-29x23cmkhv,kopya_aciklama,1374,2,0,0
0,14002,"Epicurean Natürel Pizza Tahtası 50x30cm",EYB,https://sportoonline.com/tr/urun/epicurean-pizza-tahtasi-50x30cmnatural,kopya_aciklama,1451,2,0,0
0,14003,"Epicurean Siyah Pizza Tahtası 50x30cm",EYB,https://sportoonline.com/tr/urun/epicurean-pizza-tahtasi-50x30cmsyh,kopya_aciklama,1451,2,0,0
0,14006,"Epicurean Siyah Nihale 18cm",EYB,https://sportoonline.com/tr/urun/epicurean-nihale-18x18cmsyh,aciklama_yok,0,0,0,0
0,14020,"0.6385 Çakılar ile uyumlu El Yapımı Koyu Kahve Deri Kılıf",EYB,https://sportoonline.com/tr/urun/06385-cakilarla-uyumlu-deri-el-yapimi-kilif,aciklama_yok,0,0,0,0
0,14055,"MUELA BOWIE CLASSIC MERCAN AĞACI SAPLI BIÇAK EOS!",EYB,https://sportoonline.com/tr/urun/muela-bowie-classic-mercan-agaci-sapli-bicak-eos,aciklama_yok,0,0,0,0
0,14061,"Prandi 300Gr Piemonte Balta, 37cm Diş Budak Sap",EYB,https://sportoonline.com/tr/urun/prandi-piemonte-balta-300-grdis-budak-agaci-sapli-17351,aciklama_yok,0,0,0,0
0,14062,"Victorinox 6.7803.F Swiss Classic 11cm Düz Piknik Bıçağı",EYB,https://sportoonline.com/tr/urun/victorinox-67803f-swiss-classic-11cm-duz-piknik-bicagi,aciklama_yok,0,0,0,0
0,14067,"Victorinox 6.7639.C1 Swiss Classic 8cm Tırtıklı Soyma Bıçağı",EYB,https://sportoonline.com/tr/urun/victorinox-67639c1-swiss-classic-8cm-tirtikli-soyma-bicagi,kopya_aciklama,658,7,0,0
0,14068,"Victorinox 6.7709.C1 Swiss Classic 10cm Düz Soyma Bıçağı",EYB,https://sportoonline.com/tr/urun/victorinox-67709c1-swiss-classic-10cm-soyma-bicagi,kopya_aciklama,620,5,0,0
0,14074,"Victorinox 0.6221.L26 Classic SD 58mm Alox 2026 Limitli Üretim Çakı, Mavi",EYB,https://sportoonline.com/tr/urun/victclassic-sd-58mm-alox-le2026-cakiglacial-mavi,aciklama_yok,0,0,0,0
0,14075,"Victorinox 0.6223.3B Classic SD 58mm Çakı, Siyah Blisterli",EYB,https://sportoonline.com/tr/urun/victclassic-sd-58mm-cakisiyahblister,aciklama_yok,0,0,0,0
0,14079,"Victorinox 6.7301.C1 Swiss Classic 6cm Düz Soyma Bıçağı, Kırmızı",EYB,https://sportoonline.com/tr/urun/victswiss-classic-soyma-bicagi-duz-6cmkirmizi,aciklama_yok,0,0,0,0
0,14080,"Victorinox 6.7431.C1 Swiss Classic 8cm Tırtıklı Soyma Bıçağı, Kırmızı",EYB,https://sportoonline.com/tr/urun/victswissclassic-soymabicagi-tirtikli-8cmkirmizi,kopya_aciklama,658,7,0,0
0,14081,"Victorinox 6.7501.C1 Swiss Classic 6cm Şekil Verme Bıçağı, Kırmızı",EYB,https://sportoonline.com/tr/urun/victswiss-classic-sekil-verme-bicagi-6cmkirmizi,aciklama_yok,0,0,0,0
0,14082,"Victorinox 6.7601.C1 Swiss Classic 8cm Düz Soyma Bıçağı, Kırmızı",EYB,https://sportoonline.com/tr/urun/victswiss-classic-soyma-bicagi-duz-8cmkirmizi,kopya_aciklama,595,6,0,0
0,14083,"Victorinox 6.7602.C1 Swiss Classic 8cm Düz Soyma Bıçağı, Mavi",EYB,https://sportoonline.com/tr/urun/victswiss-classic-soyma-bicagi-duz-8cmmavi,kopya_aciklama,595,6,0,0
0,14084,"Victorinox 6.7605.C1 8cm Düz Soyma Bıçağı, Mor",EYB,https://sportoonline.com/tr/urun/victswiss-classic-soyma-bicagi-duz-8cmmor,kopya_aciklama,595,6,0,0
0,14085,"Victorinox 6.7609.C1 Swiss Classic 8cm Düz Soyma Bıçağı, Turuncu",EYB,https://sportoonline.com/tr/urun/victswiss-classic-soyma-bicagi-duz-8cmturuncu,kopya_aciklama,595,6,0,0
0,14086,"Victorinox 6.7631.C1 Swiss Classic 8cm Tırtıklı Soyma Bıçağı, Kırmızı",EYB,https://sportoonline.com/tr/urun/victswiss-classic-soymabicagi-tirtikli8cmkirmizi,kopya_aciklama,658,7,0,0
0,14088,"Victorinox 6.7632.C1 Swiss Classic 8cm Tırtıklı Soyma Bıçağı, Mavi",EYB,https://sportoonline.com/tr/urun/victswiss-classic-soyma-bicagi-tirtikli-8cmmavi,kopya_aciklama,658,7,0,0
0,14089,"Victorinox 6.7634.C1 Swiss Classic 8cm Tırtıklı Soyma Bıçağı, Yeşil",EYB,https://sportoonline.com/tr/urun/victswiss-classic-soyma-bicagi-tirtikli-8cmyesil,kopya_aciklama,658,7,0,0
0,14090,"Victorinox 6.7638.C1 Swiss Classic 8cm Tırtıklı Soyma Bıçağı, Sarı",EYB,https://sportoonline.com/tr/urun/victswiss-classic-soyma-bicagi-tirtikli-8cmsari,kopya_aciklama,658,7,0,0
0,14091,"Victorinox 6.7701.C1 Swiss Classic 10cm Düz Soyma Bıçağı, Kırmızı",EYB,https://sportoonline.com/tr/urun/victswiss-classic-soyma-bicagi-duz-10cmkirmizi,kopya_aciklama,620,5,0,0
0,14092,"Victorinox 6.7702.C1 Swiss Classic 10cm Düz Soyma Bıçağı, Mavi",EYB,https://sportoonline.com/tr/urun/victswiss-classic-soyma-bicagi-duz-10cmmavi,kopya_aciklama,620,5,0,0
0,14093,"Victorinox 6.7704.C1 Swiss Classic 10cm Düz Soyma Bıçağı, Yeşil",EYB,https://sportoonline.com/tr/urun/victswiss-classic-soyma-bicagi-duz-10cmyesil,kopya_aciklama,620,5,0,0
0,14094,"Victorinox 6.7705.C1 Swiss Classic 10cm Düz Soyma Bıçağı, Mor",EYB,https://sportoonline.com/tr/urun/victswiss-classic-soyma-bicagi-duz-10cmmor,kopya_aciklama,620,5,0,0
0,14095,"Victorinox 6.7739.C1 Swiss Classic 10cm Tırtıklı Soyma Bıçağı, Turuncu",EYB,https://sportoonline.com/tr/urun/victorinox-67739c1-swiss-classic-10cm-tirtikli-soyma-bicagi-turuncu,kopya_aciklama,606,4,0,0
0,14096,"Victorinox 6.7831.C1 Swiss Classic 11cm Tırtıklı Domates Bıçağı, Kırmızı",EYB,https://sportoonline.com/tr/urun/victswiss-classic-domates-bicagi-tirtikli11cmkrm,kopya_aciklama,681,3,0,0
0,14097,"Victorinox 6.7834.C1 Swiss Classic 11cm Tırtıklı Domates Bıçağı, Yeşil",EYB,https://sportoonline.com/tr/urun/victswiss-classic-domates-bicagi-tirtikli11cmysl,kopya_aciklama,681,3,0,0
0,14098,"Victorinox 6.7903 Swiss Classic 12cm Düz Biftek Bıçağı, Siyah",EYB,https://sportoonline.com/tr/urun/victswiss-classic-biftek-bicagi-duz-12cmsiyah,aciklama_yok,0,0,0,0
0,14112,"Victorinox 5.2703.10 8cm Offset Spatula, Siyah",EYB,https://sportoonline.com/tr/urun/victspatula-offset-8-cmsiyah,aciklama_yok,0,0,0,0
0,14113,"Victorinox 6.7738.C1 Swiss Classic 10cm Tırtıklı Soyma Bıçağı, Sarı",EYB,https://sportoonline.com/tr/urun/victswiss-classic-soyma-bicagi-10cm-turtiklisari,kopya_aciklama,606,4,0,0
0,14114,"Victorinox 6.7838.C1 Swiss Classic 11cm Tırtıklı Domates Bıçağı, Sarı",EYB,https://sportoonline.com/tr/urun/victswissclassic-domatesbicagi-11cm-tirtiklisari,kopya_aciklama,686,2,0,0
0,14115,"Victorinox 5.2743.27 21cm Mangal Spatulası, Siyah",EYB,https://sportoonline.com/tr/urun/victmangal-spatulasi-21cmsiyah,aciklama_yok,0,0,0,0
0,14116,"Victorinox 5.2753.16 12cm Mangal Spatulası, Siyah",EYB,https://sportoonline.com/tr/urun/victmangal-spatulasi-12cmsiyah,aciklama_yok,0,0,0,0
0,14117,"Victorinox 9.7056.80E1 Swiss Classic 11cm Tırtıklı Domates Bıçağı, 80li Stand",EYB,https://sportoonline.com/tr/urun/victorinox-9705680e1-swiss-classic-11cm-tirtikli-domates-bicagi-80li-stand,kopya_aciklama,686,2,0,0
0,14473,"Grenade Kısa Kollu T-Shirt",multiprice,https://sportoonline.com/tr/urun/grenade-kisa-kollu-t-shirt,ince_aciklama,114,0,0,0
0,14571,"Full Power Gym Rag Top Olympia  Serisi Gri",multiprice,https://sportoonline.com/tr/urun/full-power-gym-rag-top-olympia-serisi-gri,ince_aciklama,1,0,0,0
0,15125,"BigJoy Citruline Malate 300 gr Aromasız",ProteinAVM,https://sportoonline.com/tr/urun/bigjoy-citruline-malate-300-gr-aromasiz,ince_aciklama+aciklama_ad_ile_ayni,39,0,0,0
0,15128,"Optimum Nutrition Optimum Gold Standard Casein Protein Tozu 908 gr",ProteinAVM,https://sportoonline.com/tr/urun/optimum-nutrition-optimum-gold-standard-casein-protein-tozu-908-gr,ince_aciklama,58,0,0,0
0,15179,"Bulk Nutrition Shaker 600 ml",ProteinAVM,https://sportoonline.com/tr/urun/bulk-nutrition-shaker-600-ml,ince_aciklama,62,0,0,0
0,15209,"Fa Ice Pump Pre Workout Sample Box 18,5 gr x 10 Adet",ProteinAVM,https://sportoonline.com/tr/urun/fa-ice-pump-pre-workout-sample-box-185-gr-x-10-adet,ince_aciklama+aciklama_ad_ile_ayni,52,0,0,0
0,15241,"Massquick FatBurner L Carnitine 3000 mg 20 Shot",ProteinAVM,https://sportoonline.com/tr/urun/massquick-fatburner-l-carnitine-3000-mg-20-shot,ince_aciklama+aciklama_ad_ile_ayni,47,0,0,0
0,15242,"MassQuick Dynamo Pre-Workout 50 ml x 20 Shot",ProteinAVM,https://sportoonline.com/tr/urun/massquick-dynamo-pre-workout-50-ml-x-20-shot,ince_aciklama+aciklama_ad_ile_ayni,44,0,0,0
0,15263,"Granio Dubai Style Bar 40 gr x 24 Adet Antep Fıstıklı & Kadayıflı",ProteinAVM,https://sportoonline.com/tr/urun/granio-dubai-style-bar-40-gr-x-24-adet-antep-fistikli-kadayifli,ince_aciklama+aciklama_ad_ile_ayni,65,0,0,0
0,15264,"Granio Riders Collagen Bar 40 gr x 24 Adet",ProteinAVM,https://sportoonline.com/tr/urun/granio-riders-collagen-bar-40-gr-x-24-adet,ince_aciklama+aciklama_ad_ile_ayni,42,0,0,0
0,15265,"Granio Riders Energy Bar 40 gr x 24 Adet",ProteinAVM,https://sportoonline.com/tr/urun/granio-riders-energy-bar-40-gr-x-24-adet,ince_aciklama+aciklama_ad_ile_ayni,40,0,0,0
0,15266,"Granio Riders High Protein Bar 50 gr x 24 Adet",ProteinAVM,https://sportoonline.com/tr/urun/granio-riders-high-protein-bar-50-gr-x-24-adet,ince_aciklama+aciklama_ad_ile_ayni,46,0,0,0
0,15267,"Granio Riders Protein Bar 40 gr x 24 Adet",ProteinAVM,https://sportoonline.com/tr/urun/granio-riders-protein-bar-40-gr-x-24-adet,ince_aciklama+aciklama_ad_ile_ayni,41,0,0,0
0,15268,"Granio Sütlü Çikolata Kaplamalı Tahıl Bar 35 gr x 24 Adet",ProteinAVM,https://sportoonline.com/tr/urun/granio-sutlu-cikolata-kaplamali-tahil-bar-35-gr-x-24-adet,ince_aciklama+aciklama_ad_ile_ayni,57,0,0,0
0,15451,"Z Konsetp Creatin Ultura Mıcronızed Formula 500 gr",multiprice,https://sportoonline.com/tr/urun/z-konsetp-creatin-ultura-micronized-formula-500-gr,aciklama_yok,0,0,0,0
0,15479,"Animal, 100% Whey Protein 2.3kg","Animal Türkiye",https://sportoonline.com/tr/urun/animal-100-whey-protein-181kg,kopya_aciklama,1607,4,0,0
0,15498,"Animal, 100% Whey Protein 908gr","Animal Türkiye",https://sportoonline.com/tr/urun/animal-100-whey-protein-908gr,kopya_aciklama,1607,4,0,0
0,15499,"Animal, 100% Whey Protein 454gr","Animal Türkiye",https://sportoonline.com/tr/urun/animal-100-whey-protein-454gr,kopya_aciklama,1607,4,0,0
0,15502,"Animal, 100% Whey Protein 1.8kg","Animal Türkiye",https://sportoonline.com/tr/urun/animal-100-whey-protein-18kg,kopya_aciklama,1607,4,0,0
